#
# There is insufficient memory for the Java Runtime Environment to continue.
# Native memory allocation (malloc) failed to allocate 1049296 bytes. Error detail: Chunk::new
# Possible reasons:
#   The system is out of physical RAM or swap space
#   This process is running with CompressedOops enabled, and the Java Heap may be blocking the growth of the native heap
# Possible solutions:
#   Reduce memory load on the system
#   Increase physical memory or swap space
#   Check if swap backing store is full
#   Decrease Java heap size (-Xmx/-Xms)
#   Decrease number of Java threads
#   Decrease Java thread stack sizes (-Xss)
#   Set larger code cache with -XX:ReservedCodeCacheSize=
#   JVM is running with Zero Based Compressed Oops mode in which the Java heap is
#     placed in the first 32GB address space. The Java Heap base address is the
#     maximum limit for the native heap growth. Please use -XX:HeapBaseMinAddress
#     to set the Java Heap base and to place the Java Heap above 32GB virtual address.
# This output file may be truncated or incomplete.
#
#  Out of Memory Error (arena.cpp:168), pid=31644, tid=31212
#
# JRE version: OpenJDK Runtime Environment (21.0.9) (build 21.0.9+-14787801-b1163.94)
# Java VM: OpenJDK 64-Bit Server VM (21.0.9+-14787801-b1163.94, mixed mode, tiered, compressed oops, compressed class ptrs, g1 gc, windows-amd64)
# No core dump will be written. Minidumps are not enabled by default on client versions of Windows
#

---------------  S U M M A R Y ------------

Command Line: --add-opens=java.base/java.lang=ALL-UNNAMED --add-opens=java.base/java.lang.invoke=ALL-UNNAMED --add-opens=java.base/java.util=ALL-UNNAMED --add-opens=java.prefs/java.util.prefs=ALL-UNNAMED --add-exports=jdk.compiler/com.sun.tools.javac.api=ALL-UNNAMED --add-exports=jdk.compiler/com.sun.tools.javac.util=ALL-UNNAMED --add-opens=java.base/java.util=ALL-UNNAMED --add-opens=java.prefs/java.util.prefs=ALL-UNNAMED --add-opens=java.base/java.nio.charset=ALL-UNNAMED --add-opens=java.base/java.net=ALL-UNNAMED --add-opens=java.base/java.util.concurrent.atomic=ALL-UNNAMED --add-opens=java.xml/javax.xml.namespace=ALL-UNNAMED -Xmx4096m -Dfile.encoding=UTF-8 -Duser.country=US -Duser.language=en -Duser.variant -javaagent:C:\Users\Administrator\.gradle\wrapper\dists\gradle-8.13-bin\5xuhj0ry160q40clulazy9h7d\gradle-8.13\lib\agents\gradle-instrumentation-agent-8.13.jar org.gradle.launcher.daemon.bootstrap.GradleDaemon 8.13

Host: 12th Gen Intel(R) Core(TM) i5-12400, 12 cores, 15G,  Windows 11 , 64 bit Build 26100 (10.0.26100.8521)
Time: Thu Jun 25 17:09:53 2026 Russia TZ 2 Standard Time elapsed time: 3832.307905 seconds (0d 1h 3m 52s)

---------------  T H R E A D  ---------------

Current thread (0x000001c879794ae0):  JavaThread "C2 CompilerThread0" daemon [_thread_in_native, id=31212, stack(0x0000005713a00000,0x0000005713b00000) (1024K)]


Current CompileTask:
C2:3832307 87198 % !   4       com.android.ide.common.resources.MergedResourceWriter::postWriteAction @ 407 (1240 bytes)

Stack: [0x0000005713a00000,0x0000005713b00000]
Native frames: (J=compiled Java code, j=interpreted, Vv=VM code, C=native code)
V  [jvm.dll+0x6d6c99]
V  [jvm.dll+0x866b83]
V  [jvm.dll+0x8691ae]
V  [jvm.dll+0x869893]
V  [jvm.dll+0x280776]
V  [jvm.dll+0xc07cd]
V  [jvm.dll+0xc0d03]
V  [jvm.dll+0x2f5a10]
V  [jvm.dll+0x5ff9a9]
V  [jvm.dll+0x252572]
V  [jvm.dll+0x24aeba]
V  [jvm.dll+0x24892e]
V  [jvm.dll+0x1c7344]
V  [jvm.dll+0x2581ae]
V  [jvm.dll+0x2566f6]
V  [jvm.dll+0x3f48a6]
V  [jvm.dll+0x80f118]
V  [jvm.dll+0x6d54ed]
C  [ucrtbase.dll+0x2cd30]
C  [KERNEL32.DLL+0x2e957]
C  [ntdll.dll+0x87c1c]


---------------  P R O C E S S  ---------------

Threads class SMR info:
_java_thread_list=0x000001c815eb5070, length=131, elements={
0x000001c86bdc6d30, 0x000001c879756c70, 0x000001c879765130, 0x000001c879759e60,
0x000001c879783950, 0x000001c879783fc0, 0x000001c879784630, 0x000001c8797925c0,
0x000001c879794ae0, 0x000001c879795190, 0x000001c879ababe0, 0x000001c80fdbb3e0,
0x000001c810071f90, 0x000001c80f21ec90, 0x000001c87f13b490, 0x000001c87f13c1b0,
0x000001c87f13a770, 0x000001c81078f770, 0x000001c81078fe00, 0x000001c810790b20,
0x000001c810790490, 0x000001c81078ea50, 0x000001c8120713c0, 0x000001c8149bd1c0,
0x000001c8149bd850, 0x000001c8149c23e0, 0x000001c8149c2a70, 0x000001c8149c3790,
0x000001c8149c1d50, 0x000001c8149c3e20, 0x000001c8149c4b40, 0x000001c814be2640,
0x000001c814be6150, 0x000001c8163c6390, 0x000001c8163c35a0, 0x000001c8163c8af0,
0x000001c8163c9ea0, 0x000001c81150a9b0, 0x000001c814e7f620, 0x000001c81ca13420,
0x000001c81ca12d90, 0x000001c81ca10cc0, 0x000001c814e7e900, 0x000001c814e7fcb0,
0x000001c814e7ef90, 0x000001c816190490, 0x000001c816191840, 0x000001c81618f770,
0x000001c816190b20, 0x000001c8161911b0, 0x000001c816191ed0, 0x000001c816192560,
0x000001c81618f0e0, 0x000001c81618fe00, 0x000001c81c826320, 0x000001c81c8283f0,
0x000001c81c8269b0, 0x000001c81c824f70, 0x000001c81c825c90, 0x000001c81c825600,
0x000001c81c827040, 0x000001c81c8276d0, 0x000001c81c827d60, 0x000001c821e81340,
0x000001c821e826f0, 0x000001c821e82060, 0x000001c821e82d80, 0x000001c821e80cb0,
0x000001c821e80620, 0x000001c821e819d0, 0x000001c821e7f900, 0x000001c821e7ff90,
0x000001c8236b00f0, 0x000001c8236acc70, 0x000001c8236ae6b0, 0x000001c8236afa60,
0x000001c8236ad990, 0x000001c8160b95e0, 0x000001c8160b7ba0, 0x000001c8160b7510,
0x000001c8160b8230, 0x000001c8160b88c0, 0x000001c8236ad300, 0x000001c8236ae020,
0x000001c8236aed40, 0x000001c8236af3d0, 0x000001c81bfa7b10, 0x000001c81bfa81a0,
0x000001c81bfa8830, 0x000001c81bfa6df0, 0x000001c81bfa6760, 0x000001c81bfa53b0,
0x000001c81bfa5a40, 0x000001c81bfa60d0, 0x000001c81bfa7480, 0x000001c82cd453e0,
0x000001c81646a0b0, 0x000001c81646add0, 0x000001c81646b460, 0x000001c816467fe0,
0x000001c816468670, 0x000001c816468d00, 0x000001c816469390, 0x000001c81646a740,
0x000001c81c586060, 0x000001c8223f3fe0, 0x000001c8223f11f0, 0x000001c8223f32c0,
0x000001c81c583f90, 0x000001c81c582be0, 0x000001c81ceefca0, 0x000001c81cef1d70,
0x000001c81ceee8f0, 0x000001c81cef16e0, 0x000001c81cef2400, 0x000001c81cef2a90,
0x000001c81ceef610, 0x000001c81cef3120, 0x000001c81cef37b0, 0x000001c8224814e0,
0x000001c8224807c0, 0x000001c82247e060, 0x000001c81cef0330, 0x000001c81cef3e40,
0x000001c81cef44d0, 0x000001c81cef4b60, 0x000001c81cef51f0, 0x000001c823706000,
0x000001c823706690, 0x000001c8237052e0, 0x000001c823704c50
}

Java Threads: ( => current thread )
  0x000001c86bdc6d30 JavaThread "main"                              [_thread_blocked, id=5176, stack(0x0000005712b00000,0x0000005712c00000) (1024K)]
  0x000001c879756c70 JavaThread "Common-Cleaner"             daemon [_thread_blocked, id=31748, stack(0x0000005713300000,0x0000005713400000) (1024K)]
  0x000001c879765130 JavaThread "Reference Handler"          daemon [_thread_blocked, id=30184, stack(0x0000005713400000,0x0000005713500000) (1024K)]
  0x000001c879759e60 JavaThread "Finalizer"                  daemon [_thread_blocked, id=32576, stack(0x0000005713500000,0x0000005713600000) (1024K)]
  0x000001c879783950 JavaThread "Signal Dispatcher"          daemon [_thread_blocked, id=29732, stack(0x0000005713600000,0x0000005713700000) (1024K)]
  0x000001c879783fc0 JavaThread "Attach Listener"            daemon [_thread_blocked, id=328, stack(0x0000005713700000,0x0000005713800000) (1024K)]
  0x000001c879784630 JavaThread "Service Thread"             daemon [_thread_blocked, id=28904, stack(0x0000005713800000,0x0000005713900000) (1024K)]
  0x000001c8797925c0 JavaThread "Monitor Deflation Thread"   daemon [_thread_blocked, id=13292, stack(0x0000005713900000,0x0000005713a00000) (1024K)]
=>0x000001c879794ae0 JavaThread "C2 CompilerThread0"         daemon [_thread_in_native, id=31212, stack(0x0000005713a00000,0x0000005713b00000) (1024K)]
  0x000001c879795190 JavaThread "C1 CompilerThread0"         daemon [_thread_blocked, id=32108, stack(0x0000005713b00000,0x0000005713c00000) (1024K)]
  0x000001c879ababe0 JavaThread "Notification Thread"        daemon [_thread_blocked, id=29152, stack(0x0000005713c00000,0x0000005713d00000) (1024K)]
  0x000001c80fdbb3e0 JavaThread "Daemon health stats"               [_thread_blocked, id=28556, stack(0x0000005714400000,0x0000005714500000) (1024K)]
  0x000001c810071f90 JavaThread "Incoming local TCP Connector on port 61277"        [_thread_in_native, id=31404, stack(0x0000005714500000,0x0000005714600000) (1024K)]
  0x000001c80f21ec90 JavaThread "Daemon periodic checks"            [_thread_blocked, id=19400, stack(0x0000005714600000,0x0000005714700000) (1024K)]
  0x000001c87f13b490 JavaThread "Cache worker for journal cache (C:\Users\Administrator\.gradle\caches\journal-1)"        [_thread_blocked, id=28448, stack(0x0000005715400000,0x0000005715500000) (1024K)]
  0x000001c87f13c1b0 JavaThread "File lock request listener"        [_thread_in_native, id=31168, stack(0x0000005715500000,0x0000005715600000) (1024K)]
  0x000001c87f13a770 JavaThread "Cache worker for file hash cache (C:\Users\Administrator\.gradle\caches\8.13\fileHashes)"        [_thread_blocked, id=19336, stack(0x0000005715600000,0x0000005715700000) (1024K)]
  0x000001c81078f770 JavaThread "File watcher server"        daemon [_thread_in_native, id=29064, stack(0x0000005715900000,0x0000005715a00000) (1024K)]
  0x000001c81078fe00 JavaThread "File watcher consumer"      daemon [_thread_in_Java, id=32028, stack(0x0000005715a00000,0x0000005715b00000) (1024K)]
  0x000001c810790b20 JavaThread "jar transforms"                    [_thread_blocked, id=3536, stack(0x0000005715b00000,0x0000005715c00000) (1024K)]
  0x000001c810790490 JavaThread "jar transforms Thread 2"           [_thread_blocked, id=28656, stack(0x0000005715c00000,0x0000005715d00000) (1024K)]
  0x000001c81078ea50 JavaThread "Cache worker for file content cache (C:\Users\Administrator\.gradle\caches\8.13\fileContent)"        [_thread_blocked, id=28684, stack(0x0000005715e00000,0x0000005715f00000) (1024K)]
  0x000001c8120713c0 JavaThread "jar transforms Thread 3"           [_thread_blocked, id=32156, stack(0x0000005715f00000,0x0000005716000000) (1024K)]
  0x000001c8149bd1c0 JavaThread "jar transforms Thread 4"           [_thread_blocked, id=30408, stack(0x0000005714300000,0x0000005714400000) (1024K)]
  0x000001c8149bd850 JavaThread "jar transforms Thread 5"           [_thread_blocked, id=28472, stack(0x0000005717600000,0x0000005717700000) (1024K)]
  0x000001c8149c23e0 JavaThread "jar transforms Thread 6"           [_thread_blocked, id=23480, stack(0x0000005718200000,0x0000005718300000) (1024K)]
  0x000001c8149c2a70 JavaThread "jar transforms Thread 7"           [_thread_blocked, id=29936, stack(0x0000005718300000,0x0000005718400000) (1024K)]
  0x000001c8149c3790 JavaThread "jar transforms Thread 8"           [_thread_blocked, id=11732, stack(0x0000005718400000,0x0000005718500000) (1024K)]
  0x000001c8149c1d50 JavaThread "jar transforms Thread 9"           [_thread_blocked, id=30964, stack(0x0000005718500000,0x0000005718600000) (1024K)]
  0x000001c8149c3e20 JavaThread "jar transforms Thread 10"          [_thread_blocked, id=31568, stack(0x0000005718600000,0x0000005718700000) (1024K)]
  0x000001c8149c4b40 JavaThread "jar transforms Thread 11"          [_thread_blocked, id=9684, stack(0x0000005718800000,0x0000005718900000) (1024K)]
  0x000001c814be2640 JavaThread "jar transforms Thread 12"          [_thread_blocked, id=10936, stack(0x000000571aa00000,0x000000571ab00000) (1024K)]
  0x000001c814be6150 JavaThread "Memory manager"                    [_thread_blocked, id=30524, stack(0x000000571ac00000,0x000000571ad00000) (1024K)]
  0x000001c8163c6390 JavaThread "RMI Scheduler(0)"           daemon [_thread_blocked, id=3808, stack(0x000000571fc00000,0x000000571fd00000) (1024K)]
  0x000001c8163c35a0 JavaThread "RMI GC Daemon"              daemon [_thread_blocked, id=28696, stack(0x000000571fe00000,0x000000571ff00000) (1024K)]
  0x000001c8163c8af0 JavaThread "RMI TCP Accept-0"           daemon [_thread_in_native, id=11448, stack(0x000000571ff00000,0x0000005720000000) (1024K)]
  0x000001c8163c9ea0 JavaThread "RMI Reaper"                        [_thread_blocked, id=31088, stack(0x0000005720000000,0x0000005720100000) (1024K)]
  0x000001c81150a9b0 JavaThread "Cache worker for Java compile cache (C:\Users\Administrator\.gradle\caches\8.13\javaCompile)"        [_thread_blocked, id=2364, stack(0x000000571f400000,0x000000571f500000) (1024K)]
  0x000001c814e7f620 JavaThread "Daemon Thread 5"                   [_thread_blocked, id=5536, stack(0x0000005712800000,0x0000005712900000) (1024K)]
  0x000001c81ca13420 JavaThread "Handler for socket connection from /127.0.0.1:61277 to /127.0.0.1:60145"        [_thread_in_native, id=23724, stack(0x0000005712900000,0x0000005712a00000) (1024K)]
  0x000001c81ca12d90 JavaThread "Cancel handler"                    [_thread_blocked, id=31440, stack(0x0000005712a00000,0x0000005712b00000) (1024K)]
  0x000001c81ca10cc0 JavaThread "Daemon worker Thread 5"            [_thread_blocked, id=25324, stack(0x0000005713d00000,0x0000005713e00000) (1024K)]
  0x000001c814e7e900 JavaThread "Asynchronous log dispatcher for DefaultDaemonConnection: socket connection from /127.0.0.1:61277 to /127.0.0.1:60145"        [_thread_blocked, id=29260, stack(0x0000005714700000,0x0000005714800000) (1024K)]
  0x000001c814e7fcb0 JavaThread "Stdin handler"                     [_thread_blocked, id=29680, stack(0x0000005714800000,0x0000005714900000) (1024K)]
  0x000001c814e7ef90 JavaThread "Daemon client event forwarder"        [_thread_blocked, id=5920, stack(0x0000005714900000,0x0000005714a00000) (1024K)]
  0x000001c816190490 JavaThread "Cache worker for file hash cache (D:\Project-test\KayakPro-Android\KayakPro-Android\.gradle\8.13\fileHashes)"        [_thread_blocked, id=31696, stack(0x0000005714a00000,0x0000005714b00000) (1024K)]
  0x000001c816191840 JavaThread "Cache worker for Build Output Cleanup Cache (D:\Project-test\KayakPro-Android\KayakPro-Android\.gradle\buildOutputCleanup)"        [_thread_blocked, id=12940, stack(0x0000005714b00000,0x0000005714c00000) (1024K)]
  0x000001c81618f770 JavaThread "Cache worker for checksums cache (D:\Project-test\KayakPro-Android\KayakPro-Android\.gradle\8.13\checksums)"        [_thread_blocked, id=32484, stack(0x0000005714c00000,0x0000005714d00000) (1024K)]
  0x000001c816190b20 JavaThread "Cache worker for cache directory md-supplier (C:\Users\Administrator\.gradle\caches\8.13\md-supplier)"        [_thread_blocked, id=29716, stack(0x0000005714d00000,0x0000005714e00000) (1024K)]
  0x000001c8161911b0 JavaThread "Cache worker for cache directory md-rule (C:\Users\Administrator\.gradle\caches\8.13\md-rule)"        [_thread_blocked, id=4560, stack(0x0000005715700000,0x0000005715800000) (1024K)]
  0x000001c816191ed0 JavaThread "Unconstrained build operations"        [_thread_blocked, id=29896, stack(0x0000005715800000,0x0000005715900000) (1024K)]
  0x000001c816192560 JavaThread "Unconstrained build operations Thread 2"        [_thread_blocked, id=2220, stack(0x0000005715d00000,0x0000005715e00000) (1024K)]
  0x000001c81618f0e0 JavaThread "Unconstrained build operations Thread 3"        [_thread_blocked, id=26144, stack(0x0000005716000000,0x0000005716100000) (1024K)]
  0x000001c81618fe00 JavaThread "Unconstrained build operations Thread 4"        [_thread_blocked, id=24500, stack(0x0000005716100000,0x0000005716200000) (1024K)]
  0x000001c81c826320 JavaThread "Unconstrained build operations Thread 5"        [_thread_blocked, id=31632, stack(0x0000005716200000,0x0000005716300000) (1024K)]
  0x000001c81c8283f0 JavaThread "Unconstrained build operations Thread 6"        [_thread_blocked, id=23072, stack(0x0000005716300000,0x0000005716400000) (1024K)]
  0x000001c81c8269b0 JavaThread "Unconstrained build operations Thread 7"        [_thread_blocked, id=30808, stack(0x0000005716400000,0x0000005716500000) (1024K)]
  0x000001c81c824f70 JavaThread "Unconstrained build operations Thread 8"        [_thread_blocked, id=16376, stack(0x0000005716500000,0x0000005716600000) (1024K)]
  0x000001c81c825c90 JavaThread "Unconstrained build operations Thread 9"        [_thread_blocked, id=16740, stack(0x0000005716600000,0x0000005716700000) (1024K)]
  0x000001c81c825600 JavaThread "Unconstrained build operations Thread 10"        [_thread_blocked, id=32716, stack(0x0000005716700000,0x0000005716800000) (1024K)]
  0x000001c81c827040 JavaThread "Unconstrained build operations Thread 11"        [_thread_blocked, id=4276, stack(0x0000005716800000,0x0000005716900000) (1024K)]
  0x000001c81c8276d0 JavaThread "Unconstrained build operations Thread 12"        [_thread_blocked, id=29908, stack(0x0000005716900000,0x0000005716a00000) (1024K)]
  0x000001c81c827d60 JavaThread "Unconstrained build operations Thread 13"        [_thread_blocked, id=4916, stack(0x0000005716a00000,0x0000005716b00000) (1024K)]
  0x000001c821e81340 JavaThread "Unconstrained build operations Thread 14"        [_thread_blocked, id=10192, stack(0x0000005716b00000,0x0000005716c00000) (1024K)]
  0x000001c821e826f0 JavaThread "Unconstrained build operations Thread 15"        [_thread_blocked, id=32320, stack(0x0000005716c00000,0x0000005716d00000) (1024K)]
  0x000001c821e82060 JavaThread "Unconstrained build operations Thread 16"        [_thread_blocked, id=10788, stack(0x0000005716d00000,0x0000005716e00000) (1024K)]
  0x000001c821e82d80 JavaThread "Unconstrained build operations Thread 17"        [_thread_blocked, id=10880, stack(0x0000005716e00000,0x0000005716f00000) (1024K)]
  0x000001c821e80cb0 JavaThread "Unconstrained build operations Thread 18"        [_thread_blocked, id=32532, stack(0x0000005716f00000,0x0000005717000000) (1024K)]
  0x000001c821e80620 JavaThread "Unconstrained build operations Thread 19"        [_thread_blocked, id=32712, stack(0x0000005717000000,0x0000005717100000) (1024K)]
  0x000001c821e819d0 JavaThread "Unconstrained build operations Thread 20"        [_thread_blocked, id=10300, stack(0x0000005717100000,0x0000005717200000) (1024K)]
  0x000001c821e7f900 JavaThread "Problems report writer"            [_thread_blocked, id=2560, stack(0x0000005717200000,0x0000005717300000) (1024K)]
  0x000001c821e7ff90 JavaThread "Unconstrained build operations Thread 21"        [_thread_blocked, id=7456, stack(0x0000005717400000,0x0000005717500000) (1024K)]
  0x000001c8236b00f0 JavaThread "Unconstrained build operations Thread 22"        [_thread_blocked, id=30984, stack(0x0000005717500000,0x0000005717600000) (1024K)]
  0x000001c8236acc70 JavaThread "Unconstrained build operations Thread 23"        [_thread_blocked, id=32564, stack(0x0000005717700000,0x0000005717800000) (1024K)]
  0x000001c8236ae6b0 JavaThread "Unconstrained build operations Thread 24"        [_thread_blocked, id=30768, stack(0x0000005717800000,0x0000005717900000) (1024K)]
  0x000001c8236afa60 JavaThread "Unconstrained build operations Thread 25"        [_thread_blocked, id=27560, stack(0x0000005717900000,0x0000005717a00000) (1024K)]
  0x000001c8236ad990 JavaThread "Unconstrained build operations Thread 26"        [_thread_blocked, id=18456, stack(0x0000005717a00000,0x0000005717b00000) (1024K)]
  0x000001c8160b95e0 JavaThread "Unconstrained build operations Thread 27"        [_thread_blocked, id=20664, stack(0x0000005717b00000,0x0000005717c00000) (1024K)]
  0x000001c8160b7ba0 JavaThread "Unconstrained build operations Thread 28"        [_thread_blocked, id=29500, stack(0x0000005717c00000,0x0000005717d00000) (1024K)]
  0x000001c8160b7510 JavaThread "Unconstrained build operations Thread 29"        [_thread_blocked, id=31032, stack(0x0000005717d00000,0x0000005717e00000) (1024K)]
  0x000001c8160b8230 JavaThread "Unconstrained build operations Thread 30"        [_thread_blocked, id=23080, stack(0x0000005717e00000,0x0000005717f00000) (1024K)]
  0x000001c8160b88c0 JavaThread "Unconstrained build operations Thread 31"        [_thread_blocked, id=29292, stack(0x0000005717f00000,0x0000005718000000) (1024K)]
  0x000001c8236ad300 JavaThread "Unconstrained build operations Thread 32"        [_thread_blocked, id=12416, stack(0x0000005718000000,0x0000005718100000) (1024K)]
  0x000001c8236ae020 JavaThread "Unconstrained build operations Thread 33"        [_thread_blocked, id=23488, stack(0x0000005718100000,0x0000005718200000) (1024K)]
  0x000001c8236aed40 JavaThread "Unconstrained build operations Thread 34"        [_thread_blocked, id=3368, stack(0x0000005718700000,0x0000005718800000) (1024K)]
  0x000001c8236af3d0 JavaThread "Unconstrained build operations Thread 35"        [_thread_blocked, id=21508, stack(0x0000005718900000,0x0000005718a00000) (1024K)]
  0x000001c81bfa7b10 JavaThread "Unconstrained build operations Thread 36"        [_thread_blocked, id=28228, stack(0x0000005718a00000,0x0000005718b00000) (1024K)]
  0x000001c81bfa81a0 JavaThread "Unconstrained build operations Thread 37"        [_thread_blocked, id=8608, stack(0x0000005718b00000,0x0000005718c00000) (1024K)]
  0x000001c81bfa8830 JavaThread "Unconstrained build operations Thread 38"        [_thread_blocked, id=31888, stack(0x0000005718c00000,0x0000005718d00000) (1024K)]
  0x000001c81bfa6df0 JavaThread "Unconstrained build operations Thread 39"        [_thread_blocked, id=28548, stack(0x0000005718d00000,0x0000005718e00000) (1024K)]
  0x000001c81bfa6760 JavaThread "Unconstrained build operations Thread 40"        [_thread_blocked, id=30752, stack(0x0000005718e00000,0x0000005718f00000) (1024K)]
  0x000001c81bfa53b0 JavaThread "Unconstrained build operations Thread 41"        [_thread_blocked, id=31912, stack(0x0000005718f00000,0x0000005719000000) (1024K)]
  0x000001c81bfa5a40 JavaThread "Unconstrained build operations Thread 42"        [_thread_blocked, id=30340, stack(0x0000005719000000,0x0000005719100000) (1024K)]
  0x000001c81bfa60d0 JavaThread "build event listener"              [_thread_blocked, id=28896, stack(0x0000005719100000,0x0000005719200000) (1024K)]
  0x000001c81bfa7480 JavaThread "build event listener"              [_thread_blocked, id=27660, stack(0x0000005719200000,0x0000005719300000) (1024K)]
  0x000001c82cd453e0 JavaThread "included builds"                   [_thread_blocked, id=23464, stack(0x0000005719300000,0x0000005719400000) (1024K)]
  0x000001c81646a0b0 JavaThread "Execution worker"                  [_thread_blocked, id=20904, stack(0x0000005719400000,0x0000005719500000) (1024K)]
  0x000001c81646add0 JavaThread "Execution worker Thread 2"         [_thread_blocked, id=31012, stack(0x0000005719500000,0x0000005719600000) (1024K)]
  0x000001c81646b460 JavaThread "Execution worker Thread 3"         [_thread_blocked, id=21004, stack(0x0000005719600000,0x0000005719700000) (1024K)]
  0x000001c816467fe0 JavaThread "Execution worker Thread 4"         [_thread_blocked, id=27760, stack(0x0000005719700000,0x0000005719800000) (1024K)]
  0x000001c816468670 JavaThread "Execution worker Thread 5"         [_thread_in_native, id=32348, stack(0x0000005719800000,0x0000005719900000) (1024K)]
  0x000001c816468d00 JavaThread "Execution worker Thread 6"         [_thread_blocked, id=21184, stack(0x0000005719900000,0x0000005719a00000) (1024K)]
  0x000001c816469390 JavaThread "Execution worker Thread 7"         [_thread_blocked, id=28812, stack(0x0000005719a00000,0x0000005719b00000) (1024K)]
  0x000001c81646a740 JavaThread "Execution worker Thread 8"         [_thread_blocked, id=3436, stack(0x0000005719b00000,0x0000005719c00000) (1024K)]
  0x000001c81c586060 JavaThread "Execution worker Thread 9"         [_thread_blocked, id=31900, stack(0x0000005719c00000,0x0000005719d00000) (1024K)]
  0x000001c8223f3fe0 JavaThread "Execution worker Thread 10"        [_thread_blocked, id=28464, stack(0x0000005719d00000,0x0000005719e00000) (1024K)]
  0x000001c8223f11f0 JavaThread "Execution worker Thread 11"        [_thread_blocked, id=4208, stack(0x0000005719e00000,0x0000005719f00000) (1024K)]
  0x000001c8223f32c0 JavaThread "Cache worker for execution history cache (D:\Project-test\KayakPro-Android\KayakPro-Android\.gradle\8.13\executionHistory)"        [_thread_blocked, id=27824, stack(0x0000005719f00000,0x000000571a000000) (1024K)]
  0x000001c81c583f90 JavaThread "Unconstrained build operations Thread 43"        [_thread_blocked, id=9792, stack(0x000000571a000000,0x000000571a100000) (1024K)]
  0x000001c81c582be0 JavaThread "Unconstrained build operations Thread 44"        [_thread_blocked, id=29056, stack(0x000000571a100000,0x000000571a200000) (1024K)]
  0x000001c81ceefca0 JavaThread "Unconstrained build operations Thread 45"        [_thread_blocked, id=26964, stack(0x000000571a200000,0x000000571a300000) (1024K)]
  0x000001c81cef1d70 JavaThread "Unconstrained build operations Thread 46"        [_thread_blocked, id=29032, stack(0x000000571a300000,0x000000571a400000) (1024K)]
  0x000001c81ceee8f0 JavaThread "Unconstrained build operations Thread 47"        [_thread_blocked, id=1772, stack(0x000000571a400000,0x000000571a500000) (1024K)]
  0x000001c81cef16e0 JavaThread "Unconstrained build operations Thread 48"        [_thread_blocked, id=25212, stack(0x000000571a500000,0x000000571a600000) (1024K)]
  0x000001c81cef2400 JavaThread "Unconstrained build operations Thread 49"        [_thread_blocked, id=27920, stack(0x000000571a600000,0x000000571a700000) (1024K)]
  0x000001c81cef2a90 JavaThread "Unconstrained build operations Thread 50"        [_thread_blocked, id=25548, stack(0x000000571a700000,0x000000571a800000) (1024K)]
  0x000001c81ceef610 JavaThread "Unconstrained build operations Thread 51"        [_thread_blocked, id=27972, stack(0x000000571a800000,0x000000571a900000) (1024K)]
  0x000001c81cef3120 JavaThread "Unconstrained build operations Thread 52"        [_thread_blocked, id=21576, stack(0x000000571a900000,0x000000571aa00000) (1024K)]
  0x000001c81cef37b0 JavaThread "Unconstrained build operations Thread 53"        [_thread_blocked, id=5236, stack(0x000000571ab00000,0x000000571ac00000) (1024K)]
  0x000001c8224814e0 JavaThread "Unconstrained build operations Thread 54"        [_thread_blocked, id=19032, stack(0x000000571ad00000,0x000000571ae00000) (1024K)]
  0x000001c8224807c0 JavaThread "Unconstrained build operations Thread 55"        [_thread_blocked, id=16892, stack(0x000000571ae00000,0x000000571af00000) (1024K)]
  0x000001c82247e060 JavaThread "Unconstrained build operations Thread 56"        [_thread_blocked, id=9260, stack(0x000000571af00000,0x000000571b000000) (1024K)]
  0x000001c81cef0330 JavaThread "Unconstrained build operations Thread 57"        [_thread_blocked, id=31580, stack(0x000000571b000000,0x000000571b100000) (1024K)]
  0x000001c81cef3e40 JavaThread "Unconstrained build operations Thread 58"        [_thread_blocked, id=32556, stack(0x000000571b100000,0x000000571b200000) (1024K)]
  0x000001c81cef44d0 JavaThread "Unconstrained build operations Thread 59"        [_thread_blocked, id=8104, stack(0x000000571b200000,0x000000571b300000) (1024K)]
  0x000001c81cef4b60 JavaThread "Unconstrained build operations Thread 60"        [_thread_blocked, id=9564, stack(0x000000571b300000,0x000000571b400000) (1024K)]
  0x000001c81cef51f0 JavaThread "Unconstrained build operations Thread 61"        [_thread_blocked, id=9392, stack(0x000000571b400000,0x000000571b500000) (1024K)]
  0x000001c823706000 JavaThread "Unconstrained build operations Thread 62"        [_thread_blocked, id=29568, stack(0x000000571b500000,0x000000571b600000) (1024K)]
  0x000001c823706690 JavaThread "Unconstrained build operations Thread 63"        [_thread_blocked, id=31616, stack(0x000000571b600000,0x000000571b700000) (1024K)]
  0x000001c8237052e0 JavaThread "Unconstrained build operations Thread 64"        [_thread_blocked, id=28900, stack(0x000000571b700000,0x000000571b800000) (1024K)]
  0x000001c823704c50 JavaThread "WorkerExecutor Queue"              [_thread_blocked, id=29080, stack(0x000000571b800000,0x000000571b900000) (1024K)]
Total: 131

Other Threads:
  0x000001c8795ae770 VMThread "VM Thread"                           [id=31452, stack(0x0000005713200000,0x0000005713300000) (1024K)]
  0x000001c879540fc0 WatcherThread "VM Periodic Task Thread"        [id=30660, stack(0x0000005713100000,0x0000005713200000) (1024K)]
  0x000001c86e2c5c30 WorkerThread "GC Thread#0"                     [id=26164, stack(0x0000005712c00000,0x0000005712d00000) (1024K)]
  0x000001c87e416b50 WorkerThread "GC Thread#1"                     [id=18536, stack(0x0000005713e00000,0x0000005713f00000) (1024K)]
  0x000001c87e27dd30 WorkerThread "GC Thread#2"                     [id=29520, stack(0x0000005713f00000,0x0000005714000000) (1024K)]
  0x000001c87e2724b0 WorkerThread "GC Thread#3"                     [id=644, stack(0x0000005714000000,0x0000005714100000) (1024K)]
  0x000001c87e272850 WorkerThread "GC Thread#4"                     [id=26308, stack(0x0000005714100000,0x0000005714200000) (1024K)]
  0x000001c87e411aa0 WorkerThread "GC Thread#5"                     [id=30024, stack(0x0000005714200000,0x0000005714300000) (1024K)]
  0x000001c87f1193b0 WorkerThread "GC Thread#6"                     [id=29248, stack(0x0000005714e00000,0x0000005714f00000) (1024K)]
  0x000001c80fe8e060 WorkerThread "GC Thread#7"                     [id=19240, stack(0x0000005714f00000,0x0000005715000000) (1024K)]
  0x000001c80fe8f9c0 WorkerThread "GC Thread#8"                     [id=2128, stack(0x0000005715000000,0x0000005715100000) (1024K)]
  0x000001c80fe8eee0 WorkerThread "GC Thread#9"                     [id=29640, stack(0x0000005715100000,0x0000005715200000) (1024K)]
  0x000001c86e2d7960 ConcurrentGCThread "G1 Main Marker"            [id=27908, stack(0x0000005712d00000,0x0000005712e00000) (1024K)]
  0x000001c86e2d8370 WorkerThread "G1 Conc#0"                       [id=28756, stack(0x0000005712e00000,0x0000005712f00000) (1024K)]
  0x000001c80fe8f280 WorkerThread "G1 Conc#1"                       [id=29240, stack(0x0000005715200000,0x0000005715300000) (1024K)]
  0x000001c80fe8e7a0 WorkerThread "G1 Conc#2"                       [id=30504, stack(0x0000005715300000,0x0000005715400000) (1024K)]
  0x000001c86e31e750 ConcurrentGCThread "G1 Refine#0"               [id=29860, stack(0x0000005712f00000,0x0000005713000000) (1024K)]
  0x000001c879414200 ConcurrentGCThread "G1 Service"                [id=9760, stack(0x0000005713000000,0x0000005713100000) (1024K)]
Total: 18

Threads with active compile tasks:
C2 CompilerThread0  3832333 87198 % !   4       com.android.ide.common.resources.MergedResourceWriter::postWriteAction @ 407 (1240 bytes)
Total: 1

VM state: not at safepoint (normal execution)

VM Mutex/Monitor currently owned by a thread: None

Heap address: 0x0000000700000000, size: 4096 MB, Compressed Oops mode: Zero based, Oop shift amount: 3

CDS archive(s) not mapped
Compressed class space mapped at: 0x0000000800000000-0x0000000840000000, reserved size: 1073741824
Narrow klass base: 0x0000000800000000, Narrow klass shift: 0, Narrow klass range: 0x40000000

GC Precious Log:
 CardTable entry size: 512
 Card Set container configuration: InlinePtr #cards 4 size 8 Array Of Cards #cards 16 size 48 Howl #buckets 8 coarsen threshold 3686 Howl Bitmap #cards 512 size 80 coarsen threshold 460 Card regions per heap region 1 cards per card region 4096
 CPUs: 12 total, 12 available
 Memory: 16123M
 Large Page Support: Disabled
 NUMA Support: Disabled
 Compressed Oops: Enabled (Zero based)
 Heap Region Size: 2M
 Heap Min Capacity: 8M
 Heap Initial Capacity: 252M
 Heap Max Capacity: 4G
 Pre-touch: Disabled
 Parallel Workers: 10
 Concurrent Workers: 3
 Concurrent Refinement Workers: 10
 Periodic GC: Disabled

Heap:
 garbage-first heap   total 2000896K, used 649775K [0x0000000700000000, 0x0000000800000000)
  region size 2048K, 7 young (14336K), 6 survivors (12288K)
 Metaspace       used 249266K, committed 255808K, reserved 1310720K
  class space    used 31915K, committed 34112K, reserved 1048576K

Heap Regions: E=young(eden), S=young(survivor), O=old, HS=humongous(starts), HC=humongous(continues), CS=collection set, F=free, TAMS=top-at-mark-start, PB=parsable bottom
|   0|0x0000000700000000, 0x0000000700200000, 0x0000000700200000|100%|HS|  |TAMS 0x0000000700200000| PB 0x0000000700000000| Complete 
|   1|0x0000000700200000, 0x0000000700400000, 0x0000000700400000|100%|HC|  |TAMS 0x0000000700400000| PB 0x0000000700200000| Complete 
|   2|0x0000000700400000, 0x0000000700600000, 0x0000000700600000|100%| O|  |TAMS 0x0000000700600000| PB 0x0000000700400000| Updating 
|   3|0x0000000700600000, 0x0000000700800000, 0x0000000700800000|100%| O|  |TAMS 0x0000000700800000| PB 0x0000000700600000| Untracked 
|   4|0x0000000700800000, 0x0000000700a00000, 0x0000000700a00000|100%| O|  |TAMS 0x0000000700a00000| PB 0x0000000700800000| Untracked 
|   5|0x0000000700a00000, 0x0000000700c00000, 0x0000000700c00000|100%| O|  |TAMS 0x0000000700c00000| PB 0x0000000700a00000| Updating 
|   6|0x0000000700c00000, 0x0000000700e00000, 0x0000000700e00000|100%| O|  |TAMS 0x0000000700e00000| PB 0x0000000700c00000| Updating 
|   7|0x0000000700e00000, 0x0000000701000000, 0x0000000701000000|100%| O|  |TAMS 0x0000000701000000| PB 0x0000000700e00000| Updating 
|   8|0x0000000701000000, 0x0000000701200000, 0x0000000701200000|100%|HS|  |TAMS 0x0000000701200000| PB 0x0000000701000000| Complete 
|   9|0x0000000701200000, 0x0000000701400000, 0x0000000701400000|100%| O|  |TAMS 0x0000000701400000| PB 0x0000000701200000| Updating 
|  10|0x0000000701400000, 0x0000000701600000, 0x0000000701600000|100%| O|  |TAMS 0x0000000701600000| PB 0x0000000701400000| Updating 
|  11|0x0000000701600000, 0x0000000701800000, 0x0000000701800000|100%| O|  |TAMS 0x0000000701800000| PB 0x0000000701600000| Updating 
|  12|0x0000000701800000, 0x0000000701a00000, 0x0000000701a00000|100%|HS|  |TAMS 0x0000000701a00000| PB 0x0000000701800000| Complete 
|  13|0x0000000701a00000, 0x0000000701c00000, 0x0000000701c00000|100%| O|  |TAMS 0x0000000701c00000| PB 0x0000000701a00000| Updating 
|  14|0x0000000701c00000, 0x0000000701e00000, 0x0000000701e00000|100%| O|  |TAMS 0x0000000701e00000| PB 0x0000000701c00000| Updating 
|  15|0x0000000701e00000, 0x0000000702000000, 0x0000000702000000|100%| O|  |TAMS 0x0000000702000000| PB 0x0000000701e00000| Updating 
|  16|0x0000000702000000, 0x0000000702200000, 0x0000000702200000|100%| O|  |TAMS 0x0000000702200000| PB 0x0000000702000000| Updating 
|  17|0x0000000702200000, 0x0000000702400000, 0x0000000702400000|100%| O|  |TAMS 0x0000000702400000| PB 0x0000000702200000| Updating 
|  18|0x0000000702400000, 0x0000000702600000, 0x0000000702600000|100%| O|  |TAMS 0x0000000702600000| PB 0x0000000702400000| Updating 
|  19|0x0000000702600000, 0x0000000702800000, 0x0000000702800000|100%| O|  |TAMS 0x0000000702800000| PB 0x0000000702600000| Updating 
|  20|0x0000000702800000, 0x0000000702a00000, 0x0000000702a00000|100%| O|  |TAMS 0x0000000702a00000| PB 0x0000000702800000| Updating 
|  21|0x0000000702a00000, 0x0000000702c00000, 0x0000000702c00000|100%| O|  |TAMS 0x0000000702c00000| PB 0x0000000702a00000| Updating 
|  22|0x0000000702c00000, 0x0000000702e00000, 0x0000000702e00000|100%|HS|  |TAMS 0x0000000702e00000| PB 0x0000000702c00000| Complete 
|  23|0x0000000702e00000, 0x0000000703000000, 0x0000000703000000|100%| O|  |TAMS 0x0000000703000000| PB 0x0000000702e00000| Updating 
|  24|0x0000000703000000, 0x0000000703200000, 0x0000000703200000|100%|HS|  |TAMS 0x0000000703200000| PB 0x0000000703000000| Complete 
|  25|0x0000000703200000, 0x0000000703400000, 0x0000000703400000|100%|HC|  |TAMS 0x0000000703400000| PB 0x0000000703200000| Complete 
|  26|0x0000000703400000, 0x0000000703600000, 0x0000000703600000|100%| O|  |TAMS 0x0000000703600000| PB 0x0000000703400000| Updating 
|  27|0x0000000703600000, 0x0000000703800000, 0x0000000703800000|100%| O|  |TAMS 0x0000000703800000| PB 0x0000000703600000| Untracked 
|  28|0x0000000703800000, 0x0000000703a00000, 0x0000000703a00000|100%| O|  |TAMS 0x0000000703a00000| PB 0x0000000703800000| Untracked 
|  29|0x0000000703a00000, 0x0000000703c00000, 0x0000000703c00000|100%| O|  |TAMS 0x0000000703c00000| PB 0x0000000703a00000| Untracked 
|  30|0x0000000703c00000, 0x0000000703e00000, 0x0000000703e00000|100%| O|  |TAMS 0x0000000703e00000| PB 0x0000000703c00000| Updating 
|  31|0x0000000703e00000, 0x0000000704000000, 0x0000000704000000|100%| O|  |TAMS 0x0000000704000000| PB 0x0000000703e00000| Untracked 
|  32|0x0000000704000000, 0x0000000704200000, 0x0000000704200000|100%| O|  |TAMS 0x0000000704200000| PB 0x0000000704000000| Untracked 
|  33|0x0000000704200000, 0x0000000704400000, 0x0000000704400000|100%| O|  |TAMS 0x0000000704400000| PB 0x0000000704200000| Untracked 
|  34|0x0000000704400000, 0x0000000704600000, 0x0000000704600000|100%| O|  |TAMS 0x0000000704600000| PB 0x0000000704400000| Untracked 
|  35|0x0000000704600000, 0x0000000704800000, 0x0000000704800000|100%| O|  |TAMS 0x0000000704800000| PB 0x0000000704600000| Updating 
|  36|0x0000000704800000, 0x0000000704a00000, 0x0000000704a00000|100%| O|  |TAMS 0x0000000704a00000| PB 0x0000000704800000| Updating 
|  37|0x0000000704a00000, 0x0000000704c00000, 0x0000000704c00000|100%| O|  |TAMS 0x0000000704c00000| PB 0x0000000704a00000| Updating 
|  38|0x0000000704c00000, 0x0000000704e00000, 0x0000000704e00000|100%| O|  |TAMS 0x0000000704e00000| PB 0x0000000704c00000| Updating 
|  39|0x0000000704e00000, 0x0000000705000000, 0x0000000705000000|100%|HS|  |TAMS 0x0000000705000000| PB 0x0000000704e00000| Complete 
|  40|0x0000000705000000, 0x0000000705200000, 0x0000000705200000|100%|HC|  |TAMS 0x0000000705200000| PB 0x0000000705000000| Complete 
|  41|0x0000000705200000, 0x0000000705400000, 0x0000000705400000|100%| O|  |TAMS 0x0000000705400000| PB 0x0000000705200000| Updating 
|  42|0x0000000705400000, 0x0000000705600000, 0x0000000705600000|100%| O|  |TAMS 0x0000000705600000| PB 0x0000000705400000| Updating 
|  43|0x0000000705600000, 0x0000000705800000, 0x0000000705800000|100%| O|  |TAMS 0x0000000705800000| PB 0x0000000705600000| Updating 
|  44|0x0000000705800000, 0x0000000705a00000, 0x0000000705a00000|100%| O|  |TAMS 0x0000000705a00000| PB 0x0000000705800000| Updating 
|  45|0x0000000705a00000, 0x0000000705c00000, 0x0000000705c00000|100%| O|  |TAMS 0x0000000705c00000| PB 0x0000000705a00000| Updating 
|  46|0x0000000705c00000, 0x0000000705e00000, 0x0000000705e00000|100%| O|  |TAMS 0x0000000705e00000| PB 0x0000000705c00000| Updating 
|  47|0x0000000705e00000, 0x0000000706000000, 0x0000000706000000|100%| O|  |TAMS 0x0000000706000000| PB 0x0000000705e00000| Updating 
|  48|0x0000000706000000, 0x0000000706200000, 0x0000000706200000|100%| O|  |TAMS 0x0000000706200000| PB 0x0000000706000000| Updating 
|  49|0x0000000706200000, 0x0000000706400000, 0x0000000706400000|100%| O|  |TAMS 0x0000000706400000| PB 0x0000000706200000| Updating 
|  50|0x0000000706400000, 0x0000000706600000, 0x0000000706600000|100%| O|  |TAMS 0x0000000706600000| PB 0x0000000706400000| Untracked 
|  51|0x0000000706600000, 0x0000000706800000, 0x0000000706800000|100%| O|  |TAMS 0x0000000706800000| PB 0x0000000706800000| Untracked 
|  52|0x0000000706800000, 0x0000000706a00000, 0x0000000706a00000|100%| O|  |TAMS 0x0000000706a00000| PB 0x0000000706a00000| Updating 
|  53|0x0000000706a00000, 0x0000000706c00000, 0x0000000706c00000|100%| O|  |TAMS 0x0000000706c00000| PB 0x0000000706c00000| Updating 
|  54|0x0000000706c00000, 0x0000000706e00000, 0x0000000706e00000|100%| O|  |TAMS 0x0000000706e00000| PB 0x0000000706e00000| Updating 
|  55|0x0000000706e00000, 0x0000000707000000, 0x0000000707000000|100%| O|  |TAMS 0x0000000707000000| PB 0x0000000707000000| Untracked 
|  56|0x0000000707000000, 0x0000000707200000, 0x0000000707200000|100%| O|  |TAMS 0x0000000707200000| PB 0x0000000707200000| Updating 
|  57|0x0000000707200000, 0x0000000707400000, 0x0000000707400000|100%| O|  |TAMS 0x0000000707400000| PB 0x0000000707400000| Updating 
|  58|0x0000000707400000, 0x0000000707600000, 0x0000000707600000|100%| O|  |TAMS 0x0000000707600000| PB 0x0000000707600000| Updating 
|  59|0x0000000707600000, 0x0000000707800000, 0x0000000707800000|100%| O|  |TAMS 0x0000000707800000| PB 0x0000000707800000| Updating 
|  60|0x0000000707800000, 0x0000000707a00000, 0x0000000707a00000|100%| O|  |TAMS 0x0000000707a00000| PB 0x0000000707a00000| Untracked 
|  61|0x0000000707a00000, 0x0000000707c00000, 0x0000000707c00000|100%| O|  |TAMS 0x0000000707c00000| PB 0x0000000707c00000| Updating 
|  62|0x0000000707c00000, 0x0000000707e00000, 0x0000000707e00000|100%| O|  |TAMS 0x0000000707e00000| PB 0x0000000707e00000| Updating 
|  63|0x0000000707e00000, 0x0000000708000000, 0x0000000708000000|100%| O|  |TAMS 0x0000000708000000| PB 0x0000000708000000| Updating 
|  64|0x0000000708000000, 0x0000000708200000, 0x0000000708200000|100%| O|  |TAMS 0x0000000708200000| PB 0x0000000708200000| Updating 
|  65|0x0000000708200000, 0x0000000708400000, 0x0000000708400000|100%| O|  |TAMS 0x0000000708400000| PB 0x0000000708400000| Updating 
|  66|0x0000000708400000, 0x0000000708600000, 0x0000000708600000|100%| O|  |TAMS 0x0000000708600000| PB 0x0000000708600000| Untracked 
|  67|0x0000000708600000, 0x0000000708800000, 0x0000000708800000|100%| O|  |TAMS 0x0000000708600000| PB 0x0000000708600000| Untracked 
|  68|0x0000000708800000, 0x0000000708a00000, 0x0000000708a00000|100%| O|  |TAMS 0x0000000708a00000| PB 0x0000000708a00000| Untracked 
|  69|0x0000000708a00000, 0x0000000708c00000, 0x0000000708c00000|100%| O|  |TAMS 0x0000000708c00000| PB 0x0000000708c00000| Updating 
|  70|0x0000000708c00000, 0x0000000708e00000, 0x0000000708e00000|100%| O|  |TAMS 0x0000000708e00000| PB 0x0000000708e00000| Updating 
|  71|0x0000000708e00000, 0x0000000709000000, 0x0000000709000000|100%| O|  |TAMS 0x0000000709000000| PB 0x0000000709000000| Updating 
|  72|0x0000000709000000, 0x0000000709200000, 0x0000000709200000|100%| O|  |TAMS 0x0000000709034848| PB 0x0000000709034848| Untracked 
|  73|0x0000000709200000, 0x0000000709400000, 0x0000000709400000|100%| O|  |TAMS 0x0000000709400000| PB 0x0000000709400000| Untracked 
|  74|0x0000000709400000, 0x0000000709600000, 0x0000000709600000|100%| O|  |TAMS 0x0000000709600000| PB 0x0000000709600000| Untracked 
|  75|0x0000000709600000, 0x0000000709800000, 0x0000000709800000|100%| O|  |TAMS 0x0000000709800000| PB 0x0000000709800000| Updating 
|  76|0x0000000709800000, 0x0000000709a00000, 0x0000000709a00000|100%| O|  |TAMS 0x0000000709a00000| PB 0x0000000709a00000| Untracked 
|  77|0x0000000709a00000, 0x0000000709c00000, 0x0000000709c00000|100%| O|  |TAMS 0x0000000709c00000| PB 0x0000000709c00000| Updating 
|  78|0x0000000709c00000, 0x0000000709e00000, 0x0000000709e00000|100%| O|  |TAMS 0x0000000709c00000| PB 0x0000000709c00000| Untracked 
|  79|0x0000000709e00000, 0x000000070a000000, 0x000000070a000000|100%| O|  |TAMS 0x000000070a000000| PB 0x000000070a000000| Untracked 
|  80|0x000000070a000000, 0x000000070a200000, 0x000000070a200000|100%|HS|  |TAMS 0x000000070a200000| PB 0x000000070a000000| Complete 
|  81|0x000000070a200000, 0x000000070a400000, 0x000000070a400000|100%|HC|  |TAMS 0x000000070a400000| PB 0x000000070a200000| Complete 
|  82|0x000000070a400000, 0x000000070a600000, 0x000000070a600000|100%| O|  |TAMS 0x000000070a600000| PB 0x000000070a600000| Untracked 
|  83|0x000000070a600000, 0x000000070a800000, 0x000000070a800000|100%| O|  |TAMS 0x000000070a800000| PB 0x000000070a800000| Updating 
|  84|0x000000070a800000, 0x000000070aa00000, 0x000000070aa00000|100%| O|  |TAMS 0x000000070aa00000| PB 0x000000070aa00000| Updating 
|  85|0x000000070aa00000, 0x000000070ac00000, 0x000000070ac00000|100%| O|  |TAMS 0x000000070ac00000| PB 0x000000070ac00000| Untracked 
|  86|0x000000070ac00000, 0x000000070ae00000, 0x000000070ae00000|100%| O|  |TAMS 0x000000070ae00000| PB 0x000000070ae00000| Updating 
|  87|0x000000070ae00000, 0x000000070b000000, 0x000000070b000000|100%| O|  |TAMS 0x000000070b000000| PB 0x000000070b000000| Updating 
|  88|0x000000070b000000, 0x000000070b200000, 0x000000070b200000|100%| O|  |TAMS 0x000000070b200000| PB 0x000000070b200000| Untracked 
|  89|0x000000070b200000, 0x000000070b400000, 0x000000070b400000|100%| O|  |TAMS 0x000000070b400000| PB 0x000000070b400000| Updating 
|  90|0x000000070b400000, 0x000000070b600000, 0x000000070b600000|100%| O|  |TAMS 0x000000070b600000| PB 0x000000070b600000| Updating 
|  91|0x000000070b600000, 0x000000070b800000, 0x000000070b800000|100%| O|  |TAMS 0x000000070b800000| PB 0x000000070b800000| Updating 
|  92|0x000000070b800000, 0x000000070ba00000, 0x000000070ba00000|100%| O|  |TAMS 0x000000070b800000| PB 0x000000070b800000| Untracked 
|  93|0x000000070ba00000, 0x000000070bc00000, 0x000000070bc00000|100%| O|  |TAMS 0x000000070bc00000| PB 0x000000070bc00000| Updating 
|  94|0x000000070bc00000, 0x000000070be00000, 0x000000070be00000|100%| O|  |TAMS 0x000000070be00000| PB 0x000000070be00000| Updating 
|  95|0x000000070be00000, 0x000000070c000000, 0x000000070c000000|100%| O|  |TAMS 0x000000070c000000| PB 0x000000070c000000| Untracked 
|  96|0x000000070c000000, 0x000000070c200000, 0x000000070c200000|100%| O|  |TAMS 0x000000070c200000| PB 0x000000070c200000| Updating 
|  97|0x000000070c200000, 0x000000070c400000, 0x000000070c400000|100%| O|  |TAMS 0x000000070c400000| PB 0x000000070c400000| Updating 
|  98|0x000000070c400000, 0x000000070c600000, 0x000000070c600000|100%| O|  |TAMS 0x000000070c400000| PB 0x000000070c400000| Untracked 
|  99|0x000000070c600000, 0x000000070c800000, 0x000000070c800000|100%| O|  |TAMS 0x000000070c600000| PB 0x000000070c600000| Untracked 
| 100|0x000000070c800000, 0x000000070ca00000, 0x000000070ca00000|100%| O|  |TAMS 0x000000070ca00000| PB 0x000000070ca00000| Updating 
| 101|0x000000070ca00000, 0x000000070cc00000, 0x000000070cc00000|100%| O|  |TAMS 0x000000070cc00000| PB 0x000000070cc00000| Untracked 
| 102|0x000000070cc00000, 0x000000070ce00000, 0x000000070ce00000|100%| O|  |TAMS 0x000000070ce00000| PB 0x000000070ce00000| Updating 
| 103|0x000000070ce00000, 0x000000070d000000, 0x000000070d000000|100%| O|  |TAMS 0x000000070d000000| PB 0x000000070d000000| Untracked 
| 104|0x000000070d000000, 0x000000070d200000, 0x000000070d200000|100%| O|  |TAMS 0x000000070d000000| PB 0x000000070d000000| Untracked 
| 105|0x000000070d200000, 0x000000070d400000, 0x000000070d400000|100%| O|  |TAMS 0x000000070d400000| PB 0x000000070d400000| Untracked 
| 106|0x000000070d400000, 0x000000070d600000, 0x000000070d600000|100%| O|  |TAMS 0x000000070d600000| PB 0x000000070d600000| Updating 
| 107|0x000000070d600000, 0x000000070d800000, 0x000000070d800000|100%| O|  |TAMS 0x000000070d600000| PB 0x000000070d600000| Untracked 
| 108|0x000000070d800000, 0x000000070da00000, 0x000000070da00000|100%| O|  |TAMS 0x000000070da00000| PB 0x000000070da00000| Updating 
| 109|0x000000070da00000, 0x000000070dc00000, 0x000000070dc00000|100%| O|  |TAMS 0x000000070dc00000| PB 0x000000070dc00000| Untracked 
| 110|0x000000070dc00000, 0x000000070de00000, 0x000000070de00000|100%| O|  |TAMS 0x000000070dc00000| PB 0x000000070dc00000| Untracked 
| 111|0x000000070de00000, 0x000000070e000000, 0x000000070e000000|100%| O|  |TAMS 0x000000070de00000| PB 0x000000070de00000| Untracked 
| 112|0x000000070e000000, 0x000000070e200000, 0x000000070e200000|100%| O|  |TAMS 0x000000070e200000| PB 0x000000070e200000| Updating 
| 113|0x000000070e200000, 0x000000070e400000, 0x000000070e400000|100%| O|  |TAMS 0x000000070e200000| PB 0x000000070e200000| Untracked 
| 114|0x000000070e400000, 0x000000070e600000, 0x000000070e600000|100%| O|  |TAMS 0x000000070e600000| PB 0x000000070e600000| Updating 
| 115|0x000000070e600000, 0x000000070e800000, 0x000000070e800000|100%| O|  |TAMS 0x000000070e800000| PB 0x000000070e800000| Updating 
| 116|0x000000070e800000, 0x000000070ea00000, 0x000000070ea00000|100%| O|  |TAMS 0x000000070ea00000| PB 0x000000070ea00000| Updating 
| 117|0x000000070ea00000, 0x000000070ec00000, 0x000000070ec00000|100%| O|  |TAMS 0x000000070ea00000| PB 0x000000070ea00000| Untracked 
| 118|0x000000070ec00000, 0x000000070ee00000, 0x000000070ee00000|100%| O|  |TAMS 0x000000070ee00000| PB 0x000000070ee00000| Updating 
| 119|0x000000070ee00000, 0x000000070f000000, 0x000000070f000000|100%| O|  |TAMS 0x000000070f000000| PB 0x000000070f000000| Updating 
| 120|0x000000070f000000, 0x000000070f200000, 0x000000070f200000|100%| O|  |TAMS 0x000000070f200000| PB 0x000000070f200000| Updating 
| 121|0x000000070f200000, 0x000000070f400000, 0x000000070f400000|100%| O|  |TAMS 0x000000070f400000| PB 0x000000070f400000| Updating 
| 122|0x000000070f400000, 0x000000070f600000, 0x000000070f600000|100%| O|  |TAMS 0x000000070f600000| PB 0x000000070f600000| Updating 
| 123|0x000000070f600000, 0x000000070f800000, 0x000000070f800000|100%| O|  |TAMS 0x000000070f800000| PB 0x000000070f800000| Updating 
| 124|0x000000070f800000, 0x000000070fa00000, 0x000000070fa00000|100%| O|  |TAMS 0x000000070fa00000| PB 0x000000070fa00000| Updating 
| 125|0x000000070fa00000, 0x000000070fc00000, 0x000000070fc00000|100%| O|  |TAMS 0x000000070fc00000| PB 0x000000070fc00000| Updating 
| 126|0x000000070fc00000, 0x000000070fe00000, 0x000000070fe00000|100%| O|  |TAMS 0x000000070fe00000| PB 0x000000070fe00000| Updating 
| 127|0x000000070fe00000, 0x0000000710000000, 0x0000000710000000|100%| O|  |TAMS 0x0000000710000000| PB 0x0000000710000000| Updating 
| 128|0x0000000710000000, 0x0000000710200000, 0x0000000710200000|100%| O|  |TAMS 0x0000000710200000| PB 0x0000000710200000| Untracked 
| 129|0x0000000710200000, 0x0000000710400000, 0x0000000710400000|100%| O|  |TAMS 0x0000000710400000| PB 0x0000000710400000| Updating 
| 130|0x0000000710400000, 0x0000000710600000, 0x0000000710600000|100%| O|  |TAMS 0x0000000710600000| PB 0x0000000710600000| Updating 
| 131|0x0000000710600000, 0x0000000710800000, 0x0000000710800000|100%| O|  |TAMS 0x0000000710800000| PB 0x0000000710800000| Updating 
| 132|0x0000000710800000, 0x0000000710a00000, 0x0000000710a00000|100%| O|  |TAMS 0x0000000710a00000| PB 0x0000000710a00000| Untracked 
| 133|0x0000000710a00000, 0x0000000710c00000, 0x0000000710c00000|100%| O|  |TAMS 0x0000000710c00000| PB 0x0000000710c00000| Updating 
| 134|0x0000000710c00000, 0x0000000710e00000, 0x0000000710e00000|100%| O|  |TAMS 0x0000000710e00000| PB 0x0000000710e00000| Updating 
| 135|0x0000000710e00000, 0x0000000711000000, 0x0000000711000000|100%| O|  |TAMS 0x0000000711000000| PB 0x0000000711000000| Updating 
| 136|0x0000000711000000, 0x0000000711200000, 0x0000000711200000|100%| O|  |TAMS 0x0000000711200000| PB 0x0000000711200000| Updating 
| 137|0x0000000711200000, 0x0000000711400000, 0x0000000711400000|100%| O|  |TAMS 0x0000000711200000| PB 0x0000000711200000| Untracked 
| 138|0x0000000711400000, 0x0000000711600000, 0x0000000711600000|100%| O|  |TAMS 0x0000000711400000| PB 0x0000000711400000| Untracked 
| 139|0x0000000711600000, 0x0000000711800000, 0x0000000711800000|100%| O|  |TAMS 0x0000000711800000| PB 0x0000000711800000| Updating 
| 140|0x0000000711800000, 0x0000000711a00000, 0x0000000711a00000|100%| O|  |TAMS 0x0000000711a00000| PB 0x0000000711a00000| Updating 
| 141|0x0000000711a00000, 0x0000000711c00000, 0x0000000711c00000|100%| O|  |TAMS 0x0000000711a00000| PB 0x0000000711a00000| Untracked 
| 142|0x0000000711c00000, 0x0000000711e00000, 0x0000000711e00000|100%| O|  |TAMS 0x0000000711c00000| PB 0x0000000711c00000| Untracked 
| 143|0x0000000711e00000, 0x0000000712000000, 0x0000000712000000|100%| O|  |TAMS 0x0000000711e00000| PB 0x0000000711e00000| Untracked 
| 144|0x0000000712000000, 0x0000000712200000, 0x0000000712200000|100%| O|  |TAMS 0x0000000712000000| PB 0x0000000712000000| Untracked 
| 145|0x0000000712200000, 0x0000000712400000, 0x0000000712400000|100%| O|  |TAMS 0x0000000712400000| PB 0x0000000712400000| Updating 
| 146|0x0000000712400000, 0x0000000712600000, 0x0000000712600000|100%| O|  |TAMS 0x0000000712400000| PB 0x0000000712400000| Untracked 
| 147|0x0000000712600000, 0x0000000712800000, 0x0000000712800000|100%| O|  |TAMS 0x0000000712800000| PB 0x0000000712800000| Updating 
| 148|0x0000000712800000, 0x0000000712a00000, 0x0000000712a00000|100%| O|  |TAMS 0x0000000712a00000| PB 0x0000000712a00000| Updating 
| 149|0x0000000712a00000, 0x0000000712c00000, 0x0000000712c00000|100%| O|  |TAMS 0x0000000712a00000| PB 0x0000000712a00000| Untracked 
| 150|0x0000000712c00000, 0x0000000712e00000, 0x0000000712e00000|100%| O|  |TAMS 0x0000000712e00000| PB 0x0000000712e00000| Updating 
| 151|0x0000000712e00000, 0x0000000713000000, 0x0000000713000000|100%| O|  |TAMS 0x0000000713000000| PB 0x0000000713000000| Updating 
| 152|0x0000000713000000, 0x0000000713200000, 0x0000000713200000|100%| O|  |TAMS 0x0000000713200000| PB 0x0000000713200000| Updating 
| 153|0x0000000713200000, 0x0000000713400000, 0x0000000713400000|100%| O|  |TAMS 0x0000000713200000| PB 0x0000000713200000| Untracked 
| 154|0x0000000713400000, 0x0000000713600000, 0x0000000713600000|100%| O|  |TAMS 0x0000000713400000| PB 0x0000000713400000| Untracked 
| 155|0x0000000713600000, 0x0000000713800000, 0x0000000713800000|100%|HS|  |TAMS 0x0000000713800000| PB 0x0000000713600000| Complete 
| 156|0x0000000713800000, 0x0000000713a00000, 0x0000000713a00000|100%|HC|  |TAMS 0x0000000713a00000| PB 0x0000000713800000| Complete 
| 157|0x0000000713a00000, 0x0000000713c00000, 0x0000000713c00000|100%|HS|  |TAMS 0x0000000713c00000| PB 0x0000000713a00000| Complete 
| 158|0x0000000713c00000, 0x0000000713e00000, 0x0000000713e00000|100%|HC|  |TAMS 0x0000000713e00000| PB 0x0000000713c00000| Complete 
| 159|0x0000000713e00000, 0x0000000714000000, 0x0000000714000000|100%| O|  |TAMS 0x0000000714000000| PB 0x0000000714000000| Updating 
| 160|0x0000000714000000, 0x0000000714200000, 0x0000000714200000|100%| O|  |TAMS 0x0000000714200000| PB 0x0000000714200000| Updating 
| 161|0x0000000714200000, 0x0000000714400000, 0x0000000714400000|100%| O|  |TAMS 0x0000000714400000| PB 0x0000000714400000| Updating 
| 162|0x0000000714400000, 0x0000000714600000, 0x0000000714600000|100%| O|  |TAMS 0x0000000714600000| PB 0x0000000714600000| Updating 
| 163|0x0000000714600000, 0x0000000714800000, 0x0000000714800000|100%| O|  |TAMS 0x0000000714600000| PB 0x0000000714600000| Untracked 
| 164|0x0000000714800000, 0x0000000714a00000, 0x0000000714a00000|100%| O|  |TAMS 0x0000000714a00000| PB 0x0000000714a00000| Updating 
| 165|0x0000000714a00000, 0x0000000714c00000, 0x0000000714c00000|100%| O|  |TAMS 0x0000000714c00000| PB 0x0000000714c00000| Updating 
| 166|0x0000000714c00000, 0x0000000714e00000, 0x0000000714e00000|100%| O|  |TAMS 0x0000000714c00000| PB 0x0000000714c00000| Untracked 
| 167|0x0000000714e00000, 0x0000000715000000, 0x0000000715000000|100%| O|  |TAMS 0x0000000715000000| PB 0x0000000715000000| Updating 
| 168|0x0000000715000000, 0x0000000715200000, 0x0000000715200000|100%| O|  |TAMS 0x0000000715200000| PB 0x0000000715200000| Updating 
| 169|0x0000000715200000, 0x0000000715400000, 0x0000000715400000|100%| O|  |TAMS 0x0000000715200000| PB 0x0000000715200000| Untracked 
| 170|0x0000000715400000, 0x0000000715600000, 0x0000000715600000|100%| O|  |TAMS 0x0000000715600000| PB 0x0000000715600000| Updating 
| 171|0x0000000715600000, 0x0000000715800000, 0x0000000715800000|100%| O|  |TAMS 0x0000000715800000| PB 0x0000000715800000| Updating 
| 172|0x0000000715800000, 0x0000000715a00000, 0x0000000715a00000|100%| O|  |TAMS 0x0000000715a00000| PB 0x0000000715a00000| Updating 
| 173|0x0000000715a00000, 0x0000000715c00000, 0x0000000715c00000|100%| O|  |TAMS 0x0000000715a00000| PB 0x0000000715a00000| Untracked 
| 174|0x0000000715c00000, 0x0000000715e00000, 0x0000000715e00000|100%| O|  |TAMS 0x0000000715c00000| PB 0x0000000715c00000| Untracked 
| 175|0x0000000715e00000, 0x0000000716000000, 0x0000000716000000|100%| O|  |TAMS 0x0000000716000000| PB 0x0000000716000000| Updating 
| 176|0x0000000716000000, 0x0000000716200000, 0x0000000716200000|100%| O|  |TAMS 0x0000000716200000| PB 0x0000000716200000| Updating 
| 177|0x0000000716200000, 0x0000000716400000, 0x0000000716400000|100%| O|  |TAMS 0x0000000716400000| PB 0x0000000716400000| Updating 
| 178|0x0000000716400000, 0x0000000716600000, 0x0000000716600000|100%| O|  |TAMS 0x0000000716600000| PB 0x0000000716600000| Updating 
| 179|0x0000000716600000, 0x0000000716800000, 0x0000000716800000|100%| O|  |TAMS 0x0000000716800000| PB 0x0000000716800000| Updating 
| 180|0x0000000716800000, 0x0000000716a00000, 0x0000000716a00000|100%| O|  |TAMS 0x0000000716a00000| PB 0x0000000716a00000| Updating 
| 181|0x0000000716a00000, 0x0000000716c00000, 0x0000000716c00000|100%| O|  |TAMS 0x0000000716c00000| PB 0x0000000716c00000| Updating 
| 182|0x0000000716c00000, 0x0000000716e00000, 0x0000000716e00000|100%| O|  |TAMS 0x0000000716e00000| PB 0x0000000716e00000| Updating 
| 183|0x0000000716e00000, 0x0000000717000000, 0x0000000717000000|100%| O|  |TAMS 0x0000000716e00000| PB 0x0000000716e00000| Untracked 
| 184|0x0000000717000000, 0x0000000717200000, 0x0000000717200000|100%| O|  |TAMS 0x0000000717000000| PB 0x0000000717000000| Untracked 
| 185|0x0000000717200000, 0x0000000717400000, 0x0000000717400000|100%| O|  |TAMS 0x0000000717200000| PB 0x0000000717200000| Untracked 
| 186|0x0000000717400000, 0x0000000717600000, 0x0000000717600000|100%| O|  |TAMS 0x0000000717600000| PB 0x0000000717600000| Updating 
| 187|0x0000000717600000, 0x0000000717800000, 0x0000000717800000|100%| O|  |TAMS 0x0000000717800000| PB 0x0000000717800000| Updating 
| 188|0x0000000717800000, 0x0000000717a00000, 0x0000000717a00000|100%| O|  |TAMS 0x0000000717a00000| PB 0x0000000717a00000| Updating 
| 189|0x0000000717a00000, 0x0000000717c00000, 0x0000000717c00000|100%| O|  |TAMS 0x0000000717a00000| PB 0x0000000717a00000| Updating 
| 190|0x0000000717c00000, 0x0000000717e00000, 0x0000000717e00000|100%| O|  |TAMS 0x0000000717c00000| PB 0x0000000717c00000| Untracked 
| 191|0x0000000717e00000, 0x0000000718000000, 0x0000000718000000|100%| O|  |TAMS 0x0000000718000000| PB 0x0000000718000000| Updating 
| 192|0x0000000718000000, 0x0000000718200000, 0x0000000718200000|100%| O|  |TAMS 0x0000000718000000| PB 0x0000000718000000| Untracked 
| 193|0x0000000718200000, 0x0000000718400000, 0x0000000718400000|100%| O|  |TAMS 0x0000000718400000| PB 0x0000000718400000| Updating 
| 194|0x0000000718400000, 0x0000000718600000, 0x0000000718600000|100%|HS|  |TAMS 0x0000000718400000| PB 0x0000000718400000| Complete 
| 195|0x0000000718600000, 0x0000000718800000, 0x0000000718800000|100%| O|  |TAMS 0x0000000718600000| PB 0x0000000718600000| Untracked 
| 196|0x0000000718800000, 0x0000000718a00000, 0x0000000718a00000|100%| O|  |TAMS 0x0000000718800000| PB 0x0000000718800000| Untracked 
| 197|0x0000000718a00000, 0x0000000718c00000, 0x0000000718c00000|100%| O|  |TAMS 0x0000000718a00000| PB 0x0000000718a00000| Untracked 
| 198|0x0000000718c00000, 0x0000000718e00000, 0x0000000718e00000|100%| O|  |TAMS 0x0000000718e00000| PB 0x0000000718e00000| Updating 
| 199|0x0000000718e00000, 0x0000000719000000, 0x0000000719000000|100%| O|  |TAMS 0x0000000719000000| PB 0x0000000719000000| Updating 
| 200|0x0000000719000000, 0x0000000719200000, 0x0000000719200000|100%| O|  |TAMS 0x0000000719200000| PB 0x0000000719200000| Updating 
| 201|0x0000000719200000, 0x0000000719400000, 0x0000000719400000|100%| O|  |TAMS 0x0000000719400000| PB 0x0000000719400000| Updating 
| 202|0x0000000719400000, 0x0000000719600000, 0x0000000719600000|100%| O|  |TAMS 0x0000000719600000| PB 0x0000000719600000| Updating 
| 203|0x0000000719600000, 0x0000000719800000, 0x0000000719800000|100%| O|  |TAMS 0x0000000719800000| PB 0x0000000719800000| Updating 
| 204|0x0000000719800000, 0x0000000719a00000, 0x0000000719a00000|100%| O|  |TAMS 0x0000000719a00000| PB 0x0000000719a00000| Updating 
| 205|0x0000000719a00000, 0x0000000719c00000, 0x0000000719c00000|100%| O|  |TAMS 0x0000000719c00000| PB 0x0000000719c00000| Updating 
| 206|0x0000000719c00000, 0x0000000719e00000, 0x0000000719e00000|100%| O|  |TAMS 0x0000000719e00000| PB 0x0000000719e00000| Updating 
| 207|0x0000000719e00000, 0x000000071a000000, 0x000000071a000000|100%| O|  |TAMS 0x000000071a000000| PB 0x000000071a000000| Updating 
| 208|0x000000071a000000, 0x000000071a200000, 0x000000071a200000|100%| O|  |TAMS 0x000000071a200000| PB 0x000000071a200000| Updating 
| 209|0x000000071a200000, 0x000000071a400000, 0x000000071a400000|100%| O|  |TAMS 0x000000071a400000| PB 0x000000071a400000| Updating 
| 210|0x000000071a400000, 0x000000071a600000, 0x000000071a600000|100%| O|  |TAMS 0x000000071a600000| PB 0x000000071a600000| Updating 
| 211|0x000000071a600000, 0x000000071a800000, 0x000000071a800000|100%| O|  |TAMS 0x000000071a800000| PB 0x000000071a800000| Updating 
| 212|0x000000071a800000, 0x000000071aa00000, 0x000000071aa00000|100%| O|  |TAMS 0x000000071aa00000| PB 0x000000071aa00000| Updating 
| 213|0x000000071aa00000, 0x000000071ac00000, 0x000000071ac00000|100%| O|  |TAMS 0x000000071ac00000| PB 0x000000071ac00000| Updating 
| 214|0x000000071ac00000, 0x000000071ae00000, 0x000000071ae00000|100%| O|  |TAMS 0x000000071ae00000| PB 0x000000071ae00000| Updating 
| 215|0x000000071ae00000, 0x000000071b000000, 0x000000071b000000|100%| O|  |TAMS 0x000000071b000000| PB 0x000000071b000000| Updating 
| 216|0x000000071b000000, 0x000000071b200000, 0x000000071b200000|100%| O|  |TAMS 0x000000071b200000| PB 0x000000071b200000| Updating 
| 217|0x000000071b200000, 0x000000071b400000, 0x000000071b400000|100%| O|  |TAMS 0x000000071b400000| PB 0x000000071b400000| Updating 
| 218|0x000000071b400000, 0x000000071b600000, 0x000000071b600000|100%| O|  |TAMS 0x000000071b600000| PB 0x000000071b600000| Updating 
| 219|0x000000071b600000, 0x000000071b800000, 0x000000071b800000|100%| O|  |TAMS 0x000000071b800000| PB 0x000000071b800000| Updating 
| 220|0x000000071b800000, 0x000000071ba00000, 0x000000071ba00000|100%| O|  |TAMS 0x000000071ba00000| PB 0x000000071ba00000| Updating 
| 221|0x000000071ba00000, 0x000000071bc00000, 0x000000071bc00000|100%| O|  |TAMS 0x000000071bc00000| PB 0x000000071bc00000| Updating 
| 222|0x000000071bc00000, 0x000000071be00000, 0x000000071be00000|100%| O|  |TAMS 0x000000071be00000| PB 0x000000071be00000| Updating 
| 223|0x000000071be00000, 0x000000071c000000, 0x000000071c000000|100%| O|  |TAMS 0x000000071c000000| PB 0x000000071c000000| Updating 
| 224|0x000000071c000000, 0x000000071c200000, 0x000000071c200000|100%| O|  |TAMS 0x000000071c200000| PB 0x000000071c200000| Updating 
| 225|0x000000071c200000, 0x000000071c400000, 0x000000071c400000|100%| O|  |TAMS 0x000000071c400000| PB 0x000000071c400000| Updating 
| 226|0x000000071c400000, 0x000000071c600000, 0x000000071c600000|100%| O|  |TAMS 0x000000071c600000| PB 0x000000071c600000| Updating 
| 227|0x000000071c600000, 0x000000071c800000, 0x000000071c800000|100%| O|  |TAMS 0x000000071c800000| PB 0x000000071c800000| Updating 
| 228|0x000000071c800000, 0x000000071ca00000, 0x000000071ca00000|100%| O|  |TAMS 0x000000071ca00000| PB 0x000000071ca00000| Updating 
| 229|0x000000071ca00000, 0x000000071cc00000, 0x000000071cc00000|100%| O|  |TAMS 0x000000071cc00000| PB 0x000000071cc00000| Updating 
| 230|0x000000071cc00000, 0x000000071ce00000, 0x000000071ce00000|100%| O|  |TAMS 0x000000071ce00000| PB 0x000000071ce00000| Updating 
| 231|0x000000071ce00000, 0x000000071d000000, 0x000000071d000000|100%| O|  |TAMS 0x000000071d000000| PB 0x000000071d000000| Updating 
| 232|0x000000071d000000, 0x000000071d200000, 0x000000071d200000|100%| O|  |TAMS 0x000000071d200000| PB 0x000000071d200000| Updating 
| 233|0x000000071d200000, 0x000000071d400000, 0x000000071d400000|100%| O|  |TAMS 0x000000071d400000| PB 0x000000071d400000| Updating 
| 234|0x000000071d400000, 0x000000071d600000, 0x000000071d600000|100%| O|  |TAMS 0x000000071d600000| PB 0x000000071d600000| Updating 
| 235|0x000000071d600000, 0x000000071d800000, 0x000000071d800000|100%| O|  |TAMS 0x000000071d800000| PB 0x000000071d800000| Updating 
| 236|0x000000071d800000, 0x000000071da00000, 0x000000071da00000|100%| O|  |TAMS 0x000000071da00000| PB 0x000000071da00000| Updating 
| 237|0x000000071da00000, 0x000000071dc00000, 0x000000071dc00000|100%| O|  |TAMS 0x000000071dc00000| PB 0x000000071dc00000| Updating 
| 238|0x000000071dc00000, 0x000000071de00000, 0x000000071de00000|100%| O|  |TAMS 0x000000071de00000| PB 0x000000071de00000| Updating 
| 239|0x000000071de00000, 0x000000071e000000, 0x000000071e000000|100%| O|  |TAMS 0x000000071e000000| PB 0x000000071e000000| Updating 
| 240|0x000000071e000000, 0x000000071e200000, 0x000000071e200000|100%| O|  |TAMS 0x000000071e200000| PB 0x000000071e200000| Updating 
| 241|0x000000071e200000, 0x000000071e400000, 0x000000071e400000|100%| O|  |TAMS 0x000000071e400000| PB 0x000000071e400000| Updating 
| 242|0x000000071e400000, 0x000000071e600000, 0x000000071e600000|100%| O|  |TAMS 0x000000071e600000| PB 0x000000071e600000| Updating 
| 243|0x000000071e600000, 0x000000071e800000, 0x000000071e800000|100%| O|  |TAMS 0x000000071e800000| PB 0x000000071e800000| Updating 
| 244|0x000000071e800000, 0x000000071ea00000, 0x000000071ea00000|100%| O|  |TAMS 0x000000071ea00000| PB 0x000000071ea00000| Updating 
| 245|0x000000071ea00000, 0x000000071ec00000, 0x000000071ec00000|100%| O|  |TAMS 0x000000071ec00000| PB 0x000000071ec00000| Updating 
| 246|0x000000071ec00000, 0x000000071ee00000, 0x000000071ee00000|100%| O|  |TAMS 0x000000071ee00000| PB 0x000000071ee00000| Untracked 
| 247|0x000000071ee00000, 0x000000071f000000, 0x000000071f000000|100%| O|  |TAMS 0x000000071f000000| PB 0x000000071f000000| Untracked 
| 248|0x000000071f000000, 0x000000071f200000, 0x000000071f200000|100%| O|  |TAMS 0x000000071f200000| PB 0x000000071f200000| Updating 
| 249|0x000000071f200000, 0x000000071f400000, 0x000000071f400000|100%| O|  |TAMS 0x000000071f400000| PB 0x000000071f400000| Updating 
| 250|0x000000071f400000, 0x000000071f600000, 0x000000071f600000|100%| O|  |TAMS 0x000000071f600000| PB 0x000000071f600000| Updating 
| 251|0x000000071f600000, 0x000000071f800000, 0x000000071f800000|100%| O|  |TAMS 0x000000071f800000| PB 0x000000071f800000| Updating 
| 252|0x000000071f800000, 0x000000071fa00000, 0x000000071fa00000|100%| O|  |TAMS 0x000000071fa00000| PB 0x000000071fa00000| Updating 
| 253|0x000000071fa00000, 0x000000071fc00000, 0x000000071fc00000|100%| O|  |TAMS 0x000000071fa00000| PB 0x000000071fa00000| Untracked 
| 254|0x000000071fc00000, 0x000000071fe00000, 0x000000071fe00000|100%| O|  |TAMS 0x000000071fc00000| PB 0x000000071fc00000| Untracked 
| 255|0x000000071fe00000, 0x0000000720000000, 0x0000000720000000|100%| O|  |TAMS 0x000000071fe00000| PB 0x000000071fe00000| Untracked 
| 256|0x0000000720000000, 0x0000000720200000, 0x0000000720200000|100%| O|  |TAMS 0x0000000720000000| PB 0x0000000720000000| Untracked 
| 257|0x0000000720200000, 0x0000000720400000, 0x0000000720400000|100%| O|  |TAMS 0x0000000720200000| PB 0x0000000720200000| Untracked 
| 258|0x0000000720400000, 0x0000000720600000, 0x0000000720600000|100%| O|  |TAMS 0x0000000720400000| PB 0x0000000720400000| Untracked 
| 259|0x0000000720600000, 0x0000000720800000, 0x0000000720800000|100%| O|  |TAMS 0x0000000720600000| PB 0x0000000720600000| Untracked 
| 260|0x0000000720800000, 0x0000000720a00000, 0x0000000720a00000|100%| O|  |TAMS 0x0000000720800000| PB 0x0000000720800000| Untracked 
| 261|0x0000000720a00000, 0x0000000720c00000, 0x0000000720c00000|100%| O|  |TAMS 0x0000000720a00000| PB 0x0000000720a00000| Untracked 
| 262|0x0000000720c00000, 0x0000000720e00000, 0x0000000720e00000|100%| O|  |TAMS 0x0000000720c00000| PB 0x0000000720c00000| Untracked 
| 263|0x0000000720e00000, 0x0000000721000000, 0x0000000721000000|100%| O|  |TAMS 0x0000000720e00000| PB 0x0000000720e00000| Untracked 
| 264|0x0000000721000000, 0x0000000721200000, 0x0000000721200000|100%| O|  |TAMS 0x0000000721000000| PB 0x0000000721000000| Untracked 
| 265|0x0000000721200000, 0x0000000721400000, 0x0000000721400000|100%| O|  |TAMS 0x0000000721200000| PB 0x0000000721200000| Untracked 
| 266|0x0000000721400000, 0x0000000721600000, 0x0000000721600000|100%| O|  |TAMS 0x0000000721400000| PB 0x0000000721400000| Untracked 
| 267|0x0000000721600000, 0x0000000721800000, 0x0000000721800000|100%| O|  |TAMS 0x0000000721800000| PB 0x0000000721800000| Updating 
| 268|0x0000000721800000, 0x0000000721a00000, 0x0000000721a00000|100%| O|  |TAMS 0x0000000721a00000| PB 0x0000000721a00000| Updating 
| 269|0x0000000721a00000, 0x0000000721c00000, 0x0000000721c00000|100%| O|  |TAMS 0x0000000721c00000| PB 0x0000000721c00000| Updating 
| 270|0x0000000721c00000, 0x0000000721e00000, 0x0000000721e00000|100%| O|  |TAMS 0x0000000721e00000| PB 0x0000000721e00000| Updating 
| 271|0x0000000721e00000, 0x0000000722000000, 0x0000000722000000|100%| O|  |TAMS 0x0000000722000000| PB 0x0000000722000000| Updating 
| 272|0x0000000722000000, 0x0000000722200000, 0x0000000722200000|100%| O|  |TAMS 0x0000000722200000| PB 0x0000000722200000| Updating 
| 273|0x0000000722200000, 0x0000000722400000, 0x0000000722400000|100%| O|  |TAMS 0x0000000722400000| PB 0x0000000722400000| Untracked 
| 274|0x0000000722400000, 0x0000000722600000, 0x0000000722600000|100%| O|  |TAMS 0x0000000722600000| PB 0x0000000722600000| Updating 
| 275|0x0000000722600000, 0x0000000722800000, 0x0000000722800000|100%| O|  |TAMS 0x0000000722800000| PB 0x0000000722800000| Updating 
| 276|0x0000000722800000, 0x0000000722a00000, 0x0000000722a00000|100%| O|  |TAMS 0x0000000722a00000| PB 0x0000000722a00000| Updating 
| 277|0x0000000722a00000, 0x0000000722c00000, 0x0000000722c00000|100%| O|  |TAMS 0x0000000722c00000| PB 0x0000000722c00000| Updating 
| 278|0x0000000722c00000, 0x0000000722e00000, 0x0000000722e00000|100%| O|  |TAMS 0x0000000722e00000| PB 0x0000000722e00000| Updating 
| 279|0x0000000722e00000, 0x0000000723000000, 0x0000000723000000|100%| O|  |TAMS 0x0000000723000000| PB 0x0000000723000000| Updating 
| 280|0x0000000723000000, 0x0000000723200000, 0x0000000723200000|100%| O|  |TAMS 0x0000000723200000| PB 0x0000000723200000| Updating 
| 281|0x0000000723200000, 0x0000000723400000, 0x0000000723400000|100%| O|  |TAMS 0x0000000723400000| PB 0x0000000723400000| Updating 
| 282|0x0000000723400000, 0x0000000723600000, 0x0000000723600000|100%| O|  |TAMS 0x0000000723600000| PB 0x0000000723600000| Updating 
| 283|0x0000000723600000, 0x0000000723800000, 0x0000000723800000|100%| O|  |TAMS 0x0000000723800000| PB 0x0000000723800000| Updating 
| 284|0x0000000723800000, 0x0000000723a00000, 0x0000000723a00000|100%| O|  |TAMS 0x0000000723a00000| PB 0x0000000723a00000| Updating 
| 285|0x0000000723a00000, 0x0000000723c00000, 0x0000000723c00000|100%| O|  |TAMS 0x0000000723c00000| PB 0x0000000723c00000| Updating 
| 286|0x0000000723c00000, 0x0000000723e00000, 0x0000000723e00000|100%| O|  |TAMS 0x0000000723e00000| PB 0x0000000723e00000| Updating 
| 287|0x0000000723e00000, 0x0000000724000000, 0x0000000724000000|100%| O|  |TAMS 0x0000000724000000| PB 0x0000000724000000| Untracked 
| 288|0x0000000724000000, 0x0000000724200000, 0x0000000724200000|100%| O|  |TAMS 0x0000000724200000| PB 0x0000000724200000| Updating 
| 289|0x0000000724200000, 0x0000000724400000, 0x0000000724400000|100%| O|  |TAMS 0x0000000724400000| PB 0x0000000724400000| Updating 
| 290|0x0000000724400000, 0x0000000724600000, 0x0000000724600000|100%| O|  |TAMS 0x0000000724600000| PB 0x0000000724600000| Updating 
| 291|0x0000000724600000, 0x0000000724800000, 0x0000000724800000|100%| O|  |TAMS 0x0000000724800000| PB 0x0000000724800000| Updating 
| 292|0x0000000724800000, 0x0000000724a00000, 0x0000000724a00000|100%| O|  |TAMS 0x0000000724a00000| PB 0x0000000724a00000| Updating 
| 293|0x0000000724a00000, 0x0000000724c00000, 0x0000000724c00000|100%| O|  |TAMS 0x0000000724a00000| PB 0x0000000724a00000| Untracked 
| 294|0x0000000724c00000, 0x0000000724e00000, 0x0000000724e00000|100%| O|  |TAMS 0x0000000724c00000| PB 0x0000000724c00000| Untracked 
| 295|0x0000000724e00000, 0x0000000725000000, 0x0000000725000000|100%| O|  |TAMS 0x0000000724e00000| PB 0x0000000724e00000| Untracked 
| 296|0x0000000725000000, 0x000000072508bd80, 0x0000000725200000| 27%| O|  |TAMS 0x0000000725000000| PB 0x0000000725000000| Untracked 
| 297|0x0000000725200000, 0x0000000725200000, 0x0000000725400000|  0%| F|  |TAMS 0x0000000725200000| PB 0x0000000725200000| Untracked 
| 298|0x0000000725400000, 0x0000000725400000, 0x0000000725600000|  0%| F|  |TAMS 0x0000000725400000| PB 0x0000000725400000| Untracked 
| 299|0x0000000725600000, 0x0000000725600000, 0x0000000725800000|  0%| F|  |TAMS 0x0000000725600000| PB 0x0000000725600000| Untracked 
| 300|0x0000000725800000, 0x0000000725800000, 0x0000000725a00000|  0%| F|  |TAMS 0x0000000725800000| PB 0x0000000725800000| Untracked 
| 301|0x0000000725a00000, 0x0000000725a00000, 0x0000000725c00000|  0%| F|  |TAMS 0x0000000725a00000| PB 0x0000000725a00000| Untracked 
| 302|0x0000000725c00000, 0x0000000725c00000, 0x0000000725e00000|  0%| F|  |TAMS 0x0000000725c00000| PB 0x0000000725c00000| Untracked 
| 303|0x0000000725e00000, 0x0000000725e00000, 0x0000000726000000|  0%| F|  |TAMS 0x0000000725e00000| PB 0x0000000725e00000| Untracked 
| 304|0x0000000726000000, 0x0000000726000000, 0x0000000726200000|  0%| F|  |TAMS 0x0000000726000000| PB 0x0000000726000000| Untracked 
| 305|0x0000000726200000, 0x0000000726200000, 0x0000000726400000|  0%| F|  |TAMS 0x0000000726200000| PB 0x0000000726200000| Untracked 
| 306|0x0000000726400000, 0x0000000726400000, 0x0000000726600000|  0%| F|  |TAMS 0x0000000726400000| PB 0x0000000726400000| Untracked 
| 307|0x0000000726600000, 0x0000000726600000, 0x0000000726800000|  0%| F|  |TAMS 0x0000000726600000| PB 0x0000000726600000| Untracked 
| 308|0x0000000726800000, 0x0000000726800000, 0x0000000726a00000|  0%| F|  |TAMS 0x0000000726800000| PB 0x0000000726800000| Untracked 
| 309|0x0000000726a00000, 0x0000000726a00000, 0x0000000726c00000|  0%| F|  |TAMS 0x0000000726a00000| PB 0x0000000726a00000| Untracked 
| 310|0x0000000726c00000, 0x0000000726c00000, 0x0000000726e00000|  0%| F|  |TAMS 0x0000000726c00000| PB 0x0000000726c00000| Untracked 
| 311|0x0000000726e00000, 0x0000000726e00000, 0x0000000727000000|  0%| F|  |TAMS 0x0000000726e00000| PB 0x0000000726e00000| Untracked 
| 312|0x0000000727000000, 0x0000000727000000, 0x0000000727200000|  0%| F|  |TAMS 0x0000000727000000| PB 0x0000000727000000| Untracked 
| 313|0x0000000727200000, 0x0000000727200000, 0x0000000727400000|  0%| F|  |TAMS 0x0000000727200000| PB 0x0000000727200000| Untracked 
| 314|0x0000000727400000, 0x0000000727400000, 0x0000000727600000|  0%| F|  |TAMS 0x0000000727400000| PB 0x0000000727400000| Untracked 
| 315|0x0000000727600000, 0x0000000727600000, 0x0000000727800000|  0%| F|  |TAMS 0x0000000727600000| PB 0x0000000727600000| Untracked 
| 316|0x0000000727800000, 0x0000000727800000, 0x0000000727a00000|  0%| F|  |TAMS 0x0000000727800000| PB 0x0000000727800000| Untracked 
| 317|0x0000000727a00000, 0x0000000727a00000, 0x0000000727c00000|  0%| F|  |TAMS 0x0000000727a00000| PB 0x0000000727a00000| Untracked 
| 318|0x0000000727c00000, 0x0000000727c00000, 0x0000000727e00000|  0%| F|  |TAMS 0x0000000727c00000| PB 0x0000000727c00000| Untracked 
| 319|0x0000000727e00000, 0x0000000727e00000, 0x0000000728000000|  0%| F|  |TAMS 0x0000000727e00000| PB 0x0000000727e00000| Untracked 
| 320|0x0000000728000000, 0x0000000728000000, 0x0000000728200000|  0%| F|  |TAMS 0x0000000728000000| PB 0x0000000728000000| Untracked 
| 321|0x0000000728200000, 0x0000000728200000, 0x0000000728400000|  0%| F|  |TAMS 0x0000000728200000| PB 0x0000000728200000| Untracked 
| 322|0x0000000728400000, 0x0000000728400000, 0x0000000728600000|  0%| F|  |TAMS 0x0000000728400000| PB 0x0000000728400000| Untracked 
| 323|0x0000000728600000, 0x0000000728600000, 0x0000000728800000|  0%| F|  |TAMS 0x0000000728600000| PB 0x0000000728600000| Untracked 
| 324|0x0000000728800000, 0x0000000728800000, 0x0000000728a00000|  0%| F|  |TAMS 0x0000000728800000| PB 0x0000000728800000| Untracked 
| 325|0x0000000728a00000, 0x0000000728a00000, 0x0000000728c00000|  0%| F|  |TAMS 0x0000000728a00000| PB 0x0000000728a00000| Untracked 
| 326|0x0000000728c00000, 0x0000000728c00000, 0x0000000728e00000|  0%| F|  |TAMS 0x0000000728c00000| PB 0x0000000728c00000| Untracked 
| 327|0x0000000728e00000, 0x0000000728e00000, 0x0000000729000000|  0%| F|  |TAMS 0x0000000728e00000| PB 0x0000000728e00000| Untracked 
| 328|0x0000000729000000, 0x0000000729000000, 0x0000000729200000|  0%| F|  |TAMS 0x0000000729000000| PB 0x0000000729000000| Untracked 
| 329|0x0000000729200000, 0x0000000729200000, 0x0000000729400000|  0%| F|  |TAMS 0x0000000729200000| PB 0x0000000729200000| Untracked 
| 330|0x0000000729400000, 0x0000000729400000, 0x0000000729600000|  0%| F|  |TAMS 0x0000000729400000| PB 0x0000000729400000| Untracked 
| 331|0x0000000729600000, 0x0000000729600000, 0x0000000729800000|  0%| F|  |TAMS 0x0000000729600000| PB 0x0000000729600000| Untracked 
| 332|0x0000000729800000, 0x0000000729800000, 0x0000000729a00000|  0%| F|  |TAMS 0x0000000729800000| PB 0x0000000729800000| Untracked 
| 333|0x0000000729a00000, 0x0000000729a00000, 0x0000000729c00000|  0%| F|  |TAMS 0x0000000729a00000| PB 0x0000000729a00000| Untracked 
| 334|0x0000000729c00000, 0x0000000729c00000, 0x0000000729e00000|  0%| F|  |TAMS 0x0000000729c00000| PB 0x0000000729c00000| Untracked 
| 335|0x0000000729e00000, 0x0000000729e00000, 0x000000072a000000|  0%| F|  |TAMS 0x0000000729e00000| PB 0x0000000729e00000| Untracked 
| 336|0x000000072a000000, 0x000000072a000000, 0x000000072a200000|  0%| F|  |TAMS 0x000000072a000000| PB 0x000000072a000000| Untracked 
| 337|0x000000072a200000, 0x000000072a200000, 0x000000072a400000|  0%| F|  |TAMS 0x000000072a200000| PB 0x000000072a200000| Untracked 
| 338|0x000000072a400000, 0x000000072a400000, 0x000000072a600000|  0%| F|  |TAMS 0x000000072a400000| PB 0x000000072a400000| Untracked 
| 339|0x000000072a600000, 0x000000072a600000, 0x000000072a800000|  0%| F|  |TAMS 0x000000072a600000| PB 0x000000072a600000| Untracked 
| 340|0x000000072a800000, 0x000000072a800000, 0x000000072aa00000|  0%| F|  |TAMS 0x000000072a800000| PB 0x000000072a800000| Untracked 
| 341|0x000000072aa00000, 0x000000072aa00000, 0x000000072ac00000|  0%| F|  |TAMS 0x000000072aa00000| PB 0x000000072aa00000| Untracked 
| 342|0x000000072ac00000, 0x000000072ac00000, 0x000000072ae00000|  0%| F|  |TAMS 0x000000072ac00000| PB 0x000000072ac00000| Untracked 
| 343|0x000000072ae00000, 0x000000072ae00000, 0x000000072b000000|  0%| F|  |TAMS 0x000000072ae00000| PB 0x000000072ae00000| Untracked 
| 344|0x000000072b000000, 0x000000072b000000, 0x000000072b200000|  0%| F|  |TAMS 0x000000072b000000| PB 0x000000072b000000| Untracked 
| 345|0x000000072b200000, 0x000000072b200000, 0x000000072b400000|  0%| F|  |TAMS 0x000000072b200000| PB 0x000000072b200000| Untracked 
| 346|0x000000072b400000, 0x000000072b400000, 0x000000072b600000|  0%| F|  |TAMS 0x000000072b400000| PB 0x000000072b400000| Untracked 
| 347|0x000000072b600000, 0x000000072b600000, 0x000000072b800000|  0%| F|  |TAMS 0x000000072b600000| PB 0x000000072b600000| Untracked 
| 348|0x000000072b800000, 0x000000072b800000, 0x000000072ba00000|  0%| F|  |TAMS 0x000000072b800000| PB 0x000000072b800000| Untracked 
| 349|0x000000072ba00000, 0x000000072ba00000, 0x000000072bc00000|  0%| F|  |TAMS 0x000000072ba00000| PB 0x000000072ba00000| Untracked 
| 350|0x000000072bc00000, 0x000000072bc00000, 0x000000072be00000|  0%| F|  |TAMS 0x000000072bc00000| PB 0x000000072bc00000| Untracked 
| 351|0x000000072be00000, 0x000000072be00000, 0x000000072c000000|  0%| F|  |TAMS 0x000000072be00000| PB 0x000000072be00000| Untracked 
| 352|0x000000072c000000, 0x000000072c000000, 0x000000072c200000|  0%| F|  |TAMS 0x000000072c000000| PB 0x000000072c000000| Untracked 
| 353|0x000000072c200000, 0x000000072c200000, 0x000000072c400000|  0%| F|  |TAMS 0x000000072c200000| PB 0x000000072c200000| Untracked 
| 354|0x000000072c400000, 0x000000072c400000, 0x000000072c600000|  0%| F|  |TAMS 0x000000072c400000| PB 0x000000072c400000| Untracked 
| 355|0x000000072c600000, 0x000000072c600000, 0x000000072c800000|  0%| F|  |TAMS 0x000000072c600000| PB 0x000000072c600000| Untracked 
| 356|0x000000072c800000, 0x000000072c800000, 0x000000072ca00000|  0%| F|  |TAMS 0x000000072c800000| PB 0x000000072c800000| Untracked 
| 357|0x000000072ca00000, 0x000000072ca00000, 0x000000072cc00000|  0%| F|  |TAMS 0x000000072ca00000| PB 0x000000072ca00000| Untracked 
| 358|0x000000072cc00000, 0x000000072cc00000, 0x000000072ce00000|  0%| F|  |TAMS 0x000000072cc00000| PB 0x000000072cc00000| Untracked 
| 359|0x000000072ce00000, 0x000000072ce00000, 0x000000072d000000|  0%| F|  |TAMS 0x000000072ce00000| PB 0x000000072ce00000| Untracked 
| 360|0x000000072d000000, 0x000000072d000000, 0x000000072d200000|  0%| F|  |TAMS 0x000000072d000000| PB 0x000000072d000000| Untracked 
| 361|0x000000072d200000, 0x000000072d200000, 0x000000072d400000|  0%| F|  |TAMS 0x000000072d200000| PB 0x000000072d200000| Untracked 
| 362|0x000000072d400000, 0x000000072d400000, 0x000000072d600000|  0%| F|  |TAMS 0x000000072d400000| PB 0x000000072d400000| Untracked 
| 363|0x000000072d600000, 0x000000072d600000, 0x000000072d800000|  0%| F|  |TAMS 0x000000072d600000| PB 0x000000072d600000| Untracked 
| 364|0x000000072d800000, 0x000000072d800000, 0x000000072da00000|  0%| F|  |TAMS 0x000000072d800000| PB 0x000000072d800000| Untracked 
| 365|0x000000072da00000, 0x000000072da00000, 0x000000072dc00000|  0%| F|  |TAMS 0x000000072da00000| PB 0x000000072da00000| Untracked 
| 366|0x000000072dc00000, 0x000000072dc00000, 0x000000072de00000|  0%| F|  |TAMS 0x000000072dc00000| PB 0x000000072dc00000| Untracked 
| 367|0x000000072de00000, 0x000000072de00000, 0x000000072e000000|  0%| F|  |TAMS 0x000000072de00000| PB 0x000000072de00000| Untracked 
| 368|0x000000072e000000, 0x000000072e000000, 0x000000072e200000|  0%| F|  |TAMS 0x000000072e000000| PB 0x000000072e000000| Untracked 
| 369|0x000000072e200000, 0x000000072e200000, 0x000000072e400000|  0%| F|  |TAMS 0x000000072e200000| PB 0x000000072e200000| Untracked 
| 370|0x000000072e400000, 0x000000072e400000, 0x000000072e600000|  0%| F|  |TAMS 0x000000072e400000| PB 0x000000072e400000| Untracked 
| 371|0x000000072e600000, 0x000000072e600000, 0x000000072e800000|  0%| F|  |TAMS 0x000000072e600000| PB 0x000000072e600000| Untracked 
| 372|0x000000072e800000, 0x000000072e800000, 0x000000072ea00000|  0%| F|  |TAMS 0x000000072e800000| PB 0x000000072e800000| Untracked 
| 373|0x000000072ea00000, 0x000000072ea00000, 0x000000072ec00000|  0%| F|  |TAMS 0x000000072ea00000| PB 0x000000072ea00000| Untracked 
| 374|0x000000072ec00000, 0x000000072ec00000, 0x000000072ee00000|  0%| F|  |TAMS 0x000000072ec00000| PB 0x000000072ec00000| Untracked 
| 375|0x000000072ee00000, 0x000000072ee00000, 0x000000072f000000|  0%| F|  |TAMS 0x000000072ee00000| PB 0x000000072ee00000| Untracked 
| 376|0x000000072f000000, 0x000000072f000000, 0x000000072f200000|  0%| F|  |TAMS 0x000000072f000000| PB 0x000000072f000000| Untracked 
| 377|0x000000072f200000, 0x000000072f200000, 0x000000072f400000|  0%| F|  |TAMS 0x000000072f200000| PB 0x000000072f200000| Untracked 
| 378|0x000000072f400000, 0x000000072f400000, 0x000000072f600000|  0%| F|  |TAMS 0x000000072f400000| PB 0x000000072f400000| Untracked 
| 379|0x000000072f600000, 0x000000072f600000, 0x000000072f800000|  0%| F|  |TAMS 0x000000072f600000| PB 0x000000072f600000| Untracked 
| 380|0x000000072f800000, 0x000000072f800000, 0x000000072fa00000|  0%| F|  |TAMS 0x000000072f800000| PB 0x000000072f800000| Untracked 
| 381|0x000000072fa00000, 0x000000072fa00000, 0x000000072fc00000|  0%| F|  |TAMS 0x000000072fa00000| PB 0x000000072fa00000| Untracked 
| 382|0x000000072fc00000, 0x000000072fc00000, 0x000000072fe00000|  0%| F|  |TAMS 0x000000072fc00000| PB 0x000000072fc00000| Untracked 
| 383|0x000000072fe00000, 0x000000072fe00000, 0x0000000730000000|  0%| F|  |TAMS 0x000000072fe00000| PB 0x000000072fe00000| Untracked 
| 384|0x0000000730000000, 0x0000000730000000, 0x0000000730200000|  0%| F|  |TAMS 0x0000000730000000| PB 0x0000000730000000| Untracked 
| 385|0x0000000730200000, 0x0000000730200000, 0x0000000730400000|  0%| F|  |TAMS 0x0000000730200000| PB 0x0000000730200000| Untracked 
| 386|0x0000000730400000, 0x0000000730400000, 0x0000000730600000|  0%| F|  |TAMS 0x0000000730400000| PB 0x0000000730400000| Untracked 
| 387|0x0000000730600000, 0x0000000730600000, 0x0000000730800000|  0%| F|  |TAMS 0x0000000730600000| PB 0x0000000730600000| Untracked 
| 388|0x0000000730800000, 0x0000000730800000, 0x0000000730a00000|  0%| F|  |TAMS 0x0000000730800000| PB 0x0000000730800000| Untracked 
| 389|0x0000000730a00000, 0x0000000730a00000, 0x0000000730c00000|  0%| F|  |TAMS 0x0000000730a00000| PB 0x0000000730a00000| Untracked 
| 390|0x0000000730c00000, 0x0000000730c00000, 0x0000000730e00000|  0%| F|  |TAMS 0x0000000730c00000| PB 0x0000000730c00000| Untracked 
| 391|0x0000000730e00000, 0x0000000730e00000, 0x0000000731000000|  0%| F|  |TAMS 0x0000000730e00000| PB 0x0000000730e00000| Untracked 
| 392|0x0000000731000000, 0x0000000731000000, 0x0000000731200000|  0%| F|  |TAMS 0x0000000731000000| PB 0x0000000731000000| Untracked 
| 393|0x0000000731200000, 0x0000000731200000, 0x0000000731400000|  0%| F|  |TAMS 0x0000000731200000| PB 0x0000000731200000| Untracked 
| 394|0x0000000731400000, 0x0000000731400000, 0x0000000731600000|  0%| F|  |TAMS 0x0000000731400000| PB 0x0000000731400000| Untracked 
| 395|0x0000000731600000, 0x0000000731600000, 0x0000000731800000|  0%| F|  |TAMS 0x0000000731600000| PB 0x0000000731600000| Untracked 
| 396|0x0000000731800000, 0x0000000731800000, 0x0000000731a00000|  0%| F|  |TAMS 0x0000000731800000| PB 0x0000000731800000| Untracked 
| 397|0x0000000731a00000, 0x0000000731a00000, 0x0000000731c00000|  0%| F|  |TAMS 0x0000000731a00000| PB 0x0000000731a00000| Untracked 
| 398|0x0000000731c00000, 0x0000000731c00000, 0x0000000731e00000|  0%| F|  |TAMS 0x0000000731c00000| PB 0x0000000731c00000| Untracked 
| 399|0x0000000731e00000, 0x0000000731e00000, 0x0000000732000000|  0%| F|  |TAMS 0x0000000731e00000| PB 0x0000000731e00000| Untracked 
| 400|0x0000000732000000, 0x0000000732000000, 0x0000000732200000|  0%| F|  |TAMS 0x0000000732000000| PB 0x0000000732000000| Untracked 
| 401|0x0000000732200000, 0x0000000732200000, 0x0000000732400000|  0%| F|  |TAMS 0x0000000732200000| PB 0x0000000732200000| Untracked 
| 402|0x0000000732400000, 0x0000000732400000, 0x0000000732600000|  0%| F|  |TAMS 0x0000000732400000| PB 0x0000000732400000| Untracked 
| 403|0x0000000732600000, 0x0000000732600000, 0x0000000732800000|  0%| F|  |TAMS 0x0000000732600000| PB 0x0000000732600000| Untracked 
| 404|0x0000000732800000, 0x0000000732800000, 0x0000000732a00000|  0%| F|  |TAMS 0x0000000732800000| PB 0x0000000732800000| Untracked 
| 405|0x0000000732a00000, 0x0000000732a00000, 0x0000000732c00000|  0%| F|  |TAMS 0x0000000732a00000| PB 0x0000000732a00000| Untracked 
| 406|0x0000000732c00000, 0x0000000732c00000, 0x0000000732e00000|  0%| F|  |TAMS 0x0000000732c00000| PB 0x0000000732c00000| Untracked 
| 407|0x0000000732e00000, 0x0000000732e00000, 0x0000000733000000|  0%| F|  |TAMS 0x0000000732e00000| PB 0x0000000732e00000| Untracked 
| 408|0x0000000733000000, 0x0000000733000000, 0x0000000733200000|  0%| F|  |TAMS 0x0000000733000000| PB 0x0000000733000000| Untracked 
| 409|0x0000000733200000, 0x0000000733200000, 0x0000000733400000|  0%| F|  |TAMS 0x0000000733200000| PB 0x0000000733200000| Untracked 
| 410|0x0000000733400000, 0x0000000733400000, 0x0000000733600000|  0%| F|  |TAMS 0x0000000733400000| PB 0x0000000733400000| Untracked 
| 411|0x0000000733600000, 0x0000000733600000, 0x0000000733800000|  0%| F|  |TAMS 0x0000000733600000| PB 0x0000000733600000| Untracked 
| 412|0x0000000733800000, 0x0000000733800000, 0x0000000733a00000|  0%| F|  |TAMS 0x0000000733800000| PB 0x0000000733800000| Untracked 
| 413|0x0000000733a00000, 0x0000000733a00000, 0x0000000733c00000|  0%| F|  |TAMS 0x0000000733a00000| PB 0x0000000733a00000| Untracked 
| 414|0x0000000733c00000, 0x0000000733c00000, 0x0000000733e00000|  0%| F|  |TAMS 0x0000000733c00000| PB 0x0000000733c00000| Untracked 
| 415|0x0000000733e00000, 0x0000000733e00000, 0x0000000734000000|  0%| F|  |TAMS 0x0000000733e00000| PB 0x0000000733e00000| Untracked 
| 416|0x0000000734000000, 0x0000000734000000, 0x0000000734200000|  0%| F|  |TAMS 0x0000000734000000| PB 0x0000000734000000| Untracked 
| 417|0x0000000734200000, 0x0000000734200000, 0x0000000734400000|  0%| F|  |TAMS 0x0000000734200000| PB 0x0000000734200000| Untracked 
| 418|0x0000000734400000, 0x0000000734400000, 0x0000000734600000|  0%| F|  |TAMS 0x0000000734400000| PB 0x0000000734400000| Untracked 
| 419|0x0000000734600000, 0x0000000734600000, 0x0000000734800000|  0%| F|  |TAMS 0x0000000734600000| PB 0x0000000734600000| Untracked 
| 420|0x0000000734800000, 0x0000000734800000, 0x0000000734a00000|  0%| F|  |TAMS 0x0000000734800000| PB 0x0000000734800000| Untracked 
| 421|0x0000000734a00000, 0x0000000734a00000, 0x0000000734c00000|  0%| F|  |TAMS 0x0000000734a00000| PB 0x0000000734a00000| Untracked 
| 422|0x0000000734c00000, 0x0000000734c00000, 0x0000000734e00000|  0%| F|  |TAMS 0x0000000734c00000| PB 0x0000000734c00000| Untracked 
| 423|0x0000000734e00000, 0x0000000734e00000, 0x0000000735000000|  0%| F|  |TAMS 0x0000000734e00000| PB 0x0000000734e00000| Untracked 
| 424|0x0000000735000000, 0x0000000735000000, 0x0000000735200000|  0%| F|  |TAMS 0x0000000735000000| PB 0x0000000735000000| Untracked 
| 425|0x0000000735200000, 0x0000000735200000, 0x0000000735400000|  0%| F|  |TAMS 0x0000000735200000| PB 0x0000000735200000| Untracked 
| 426|0x0000000735400000, 0x0000000735400000, 0x0000000735600000|  0%| F|  |TAMS 0x0000000735400000| PB 0x0000000735400000| Untracked 
| 427|0x0000000735600000, 0x0000000735600000, 0x0000000735800000|  0%| F|  |TAMS 0x0000000735600000| PB 0x0000000735600000| Untracked 
| 428|0x0000000735800000, 0x0000000735800000, 0x0000000735a00000|  0%| F|  |TAMS 0x0000000735800000| PB 0x0000000735800000| Untracked 
| 429|0x0000000735a00000, 0x0000000735a00000, 0x0000000735c00000|  0%| F|  |TAMS 0x0000000735a00000| PB 0x0000000735a00000| Untracked 
| 430|0x0000000735c00000, 0x0000000735c00000, 0x0000000735e00000|  0%| F|  |TAMS 0x0000000735c00000| PB 0x0000000735c00000| Untracked 
| 431|0x0000000735e00000, 0x0000000735e00000, 0x0000000736000000|  0%| F|  |TAMS 0x0000000735e00000| PB 0x0000000735e00000| Untracked 
| 432|0x0000000736000000, 0x0000000736000000, 0x0000000736200000|  0%| F|  |TAMS 0x0000000736000000| PB 0x0000000736000000| Untracked 
| 433|0x0000000736200000, 0x0000000736200000, 0x0000000736400000|  0%| F|  |TAMS 0x0000000736200000| PB 0x0000000736200000| Untracked 
| 434|0x0000000736400000, 0x0000000736400000, 0x0000000736600000|  0%| F|  |TAMS 0x0000000736400000| PB 0x0000000736400000| Untracked 
| 435|0x0000000736600000, 0x0000000736600000, 0x0000000736800000|  0%| F|  |TAMS 0x0000000736600000| PB 0x0000000736600000| Untracked 
| 436|0x0000000736800000, 0x0000000736800000, 0x0000000736a00000|  0%| F|  |TAMS 0x0000000736800000| PB 0x0000000736800000| Untracked 
| 437|0x0000000736a00000, 0x0000000736a00000, 0x0000000736c00000|  0%| F|  |TAMS 0x0000000736a00000| PB 0x0000000736a00000| Untracked 
| 438|0x0000000736c00000, 0x0000000736c00000, 0x0000000736e00000|  0%| F|  |TAMS 0x0000000736c00000| PB 0x0000000736c00000| Untracked 
| 439|0x0000000736e00000, 0x0000000736e00000, 0x0000000737000000|  0%| F|  |TAMS 0x0000000736e00000| PB 0x0000000736e00000| Untracked 
| 440|0x0000000737000000, 0x0000000737000000, 0x0000000737200000|  0%| F|  |TAMS 0x0000000737000000| PB 0x0000000737000000| Untracked 
| 441|0x0000000737200000, 0x0000000737200000, 0x0000000737400000|  0%| F|  |TAMS 0x0000000737200000| PB 0x0000000737200000| Untracked 
| 442|0x0000000737400000, 0x0000000737400000, 0x0000000737600000|  0%| F|  |TAMS 0x0000000737400000| PB 0x0000000737400000| Untracked 
| 443|0x0000000737600000, 0x0000000737600000, 0x0000000737800000|  0%| F|  |TAMS 0x0000000737600000| PB 0x0000000737600000| Untracked 
| 444|0x0000000737800000, 0x0000000737800000, 0x0000000737a00000|  0%| F|  |TAMS 0x0000000737800000| PB 0x0000000737800000| Untracked 
| 445|0x0000000737a00000, 0x0000000737a00000, 0x0000000737c00000|  0%| F|  |TAMS 0x0000000737a00000| PB 0x0000000737a00000| Untracked 
| 446|0x0000000737c00000, 0x0000000737c00000, 0x0000000737e00000|  0%| F|  |TAMS 0x0000000737c00000| PB 0x0000000737c00000| Untracked 
| 447|0x0000000737e00000, 0x0000000737e00000, 0x0000000738000000|  0%| F|  |TAMS 0x0000000737e00000| PB 0x0000000737e00000| Untracked 
| 448|0x0000000738000000, 0x0000000738000000, 0x0000000738200000|  0%| F|  |TAMS 0x0000000738000000| PB 0x0000000738000000| Untracked 
| 449|0x0000000738200000, 0x0000000738200000, 0x0000000738400000|  0%| F|  |TAMS 0x0000000738200000| PB 0x0000000738200000| Untracked 
| 450|0x0000000738400000, 0x0000000738400000, 0x0000000738600000|  0%| F|  |TAMS 0x0000000738400000| PB 0x0000000738400000| Untracked 
| 451|0x0000000738600000, 0x0000000738600000, 0x0000000738800000|  0%| F|  |TAMS 0x0000000738600000| PB 0x0000000738600000| Untracked 
| 452|0x0000000738800000, 0x0000000738800000, 0x0000000738a00000|  0%| F|  |TAMS 0x0000000738800000| PB 0x0000000738800000| Untracked 
| 453|0x0000000738a00000, 0x0000000738a00000, 0x0000000738c00000|  0%| F|  |TAMS 0x0000000738a00000| PB 0x0000000738a00000| Untracked 
| 454|0x0000000738c00000, 0x0000000738c00000, 0x0000000738e00000|  0%| F|  |TAMS 0x0000000738c00000| PB 0x0000000738c00000| Untracked 
| 455|0x0000000738e00000, 0x0000000738e00000, 0x0000000739000000|  0%| F|  |TAMS 0x0000000738e00000| PB 0x0000000738e00000| Untracked 
| 456|0x0000000739000000, 0x0000000739000000, 0x0000000739200000|  0%| F|  |TAMS 0x0000000739000000| PB 0x0000000739000000| Untracked 
| 457|0x0000000739200000, 0x0000000739200000, 0x0000000739400000|  0%| F|  |TAMS 0x0000000739200000| PB 0x0000000739200000| Untracked 
| 458|0x0000000739400000, 0x0000000739400000, 0x0000000739600000|  0%| F|  |TAMS 0x0000000739400000| PB 0x0000000739400000| Untracked 
| 459|0x0000000739600000, 0x0000000739600000, 0x0000000739800000|  0%| F|  |TAMS 0x0000000739600000| PB 0x0000000739600000| Untracked 
| 460|0x0000000739800000, 0x0000000739800000, 0x0000000739a00000|  0%| F|  |TAMS 0x0000000739800000| PB 0x0000000739800000| Untracked 
| 461|0x0000000739a00000, 0x0000000739a00000, 0x0000000739c00000|  0%| F|  |TAMS 0x0000000739a00000| PB 0x0000000739a00000| Untracked 
| 462|0x0000000739c00000, 0x0000000739c00000, 0x0000000739e00000|  0%| F|  |TAMS 0x0000000739c00000| PB 0x0000000739c00000| Untracked 
| 463|0x0000000739e00000, 0x0000000739e00000, 0x000000073a000000|  0%| F|  |TAMS 0x0000000739e00000| PB 0x0000000739e00000| Untracked 
| 464|0x000000073a000000, 0x000000073a000000, 0x000000073a200000|  0%| F|  |TAMS 0x000000073a000000| PB 0x000000073a000000| Untracked 
| 465|0x000000073a200000, 0x000000073a200000, 0x000000073a400000|  0%| F|  |TAMS 0x000000073a200000| PB 0x000000073a200000| Untracked 
| 466|0x000000073a400000, 0x000000073a400000, 0x000000073a600000|  0%| F|  |TAMS 0x000000073a400000| PB 0x000000073a400000| Untracked 
| 467|0x000000073a600000, 0x000000073a600000, 0x000000073a800000|  0%| F|  |TAMS 0x000000073a600000| PB 0x000000073a600000| Untracked 
| 468|0x000000073a800000, 0x000000073a800000, 0x000000073aa00000|  0%| F|  |TAMS 0x000000073a800000| PB 0x000000073a800000| Untracked 
| 469|0x000000073aa00000, 0x000000073aa00000, 0x000000073ac00000|  0%| F|  |TAMS 0x000000073aa00000| PB 0x000000073aa00000| Untracked 
| 470|0x000000073ac00000, 0x000000073ac00000, 0x000000073ae00000|  0%| F|  |TAMS 0x000000073ac00000| PB 0x000000073ac00000| Untracked 
| 471|0x000000073ae00000, 0x000000073ae00000, 0x000000073b000000|  0%| F|  |TAMS 0x000000073ae00000| PB 0x000000073ae00000| Untracked 
| 472|0x000000073b000000, 0x000000073b000000, 0x000000073b200000|  0%| F|  |TAMS 0x000000073b000000| PB 0x000000073b000000| Untracked 
| 473|0x000000073b200000, 0x000000073b200000, 0x000000073b400000|  0%| F|  |TAMS 0x000000073b200000| PB 0x000000073b200000| Untracked 
| 474|0x000000073b400000, 0x000000073b400000, 0x000000073b600000|  0%| F|  |TAMS 0x000000073b400000| PB 0x000000073b400000| Untracked 
| 475|0x000000073b600000, 0x000000073b600000, 0x000000073b800000|  0%| F|  |TAMS 0x000000073b600000| PB 0x000000073b600000| Untracked 
| 476|0x000000073b800000, 0x000000073b800000, 0x000000073ba00000|  0%| F|  |TAMS 0x000000073b800000| PB 0x000000073b800000| Untracked 
| 477|0x000000073ba00000, 0x000000073ba00000, 0x000000073bc00000|  0%| F|  |TAMS 0x000000073ba00000| PB 0x000000073ba00000| Untracked 
| 478|0x000000073bc00000, 0x000000073bc00000, 0x000000073be00000|  0%| F|  |TAMS 0x000000073bc00000| PB 0x000000073bc00000| Untracked 
| 479|0x000000073be00000, 0x000000073be00000, 0x000000073c000000|  0%| F|  |TAMS 0x000000073be00000| PB 0x000000073be00000| Untracked 
| 480|0x000000073c000000, 0x000000073c000000, 0x000000073c200000|  0%| F|  |TAMS 0x000000073c000000| PB 0x000000073c000000| Untracked 
| 481|0x000000073c200000, 0x000000073c200000, 0x000000073c400000|  0%| F|  |TAMS 0x000000073c200000| PB 0x000000073c200000| Untracked 
| 482|0x000000073c400000, 0x000000073c400000, 0x000000073c600000|  0%| F|  |TAMS 0x000000073c400000| PB 0x000000073c400000| Untracked 
| 483|0x000000073c600000, 0x000000073c600000, 0x000000073c800000|  0%| F|  |TAMS 0x000000073c600000| PB 0x000000073c600000| Untracked 
| 484|0x000000073c800000, 0x000000073c800000, 0x000000073ca00000|  0%| F|  |TAMS 0x000000073c800000| PB 0x000000073c800000| Untracked 
| 485|0x000000073ca00000, 0x000000073ca00000, 0x000000073cc00000|  0%| F|  |TAMS 0x000000073ca00000| PB 0x000000073ca00000| Untracked 
| 486|0x000000073cc00000, 0x000000073cc00000, 0x000000073ce00000|  0%| F|  |TAMS 0x000000073cc00000| PB 0x000000073cc00000| Untracked 
| 487|0x000000073ce00000, 0x000000073ce00000, 0x000000073d000000|  0%| F|  |TAMS 0x000000073ce00000| PB 0x000000073ce00000| Untracked 
| 488|0x000000073d000000, 0x000000073d000000, 0x000000073d200000|  0%| F|  |TAMS 0x000000073d000000| PB 0x000000073d000000| Untracked 
| 489|0x000000073d200000, 0x000000073d200000, 0x000000073d400000|  0%| F|  |TAMS 0x000000073d200000| PB 0x000000073d200000| Untracked 
| 490|0x000000073d400000, 0x000000073d400000, 0x000000073d600000|  0%| F|  |TAMS 0x000000073d400000| PB 0x000000073d400000| Untracked 
| 491|0x000000073d600000, 0x000000073d600000, 0x000000073d800000|  0%| F|  |TAMS 0x000000073d600000| PB 0x000000073d600000| Untracked 
| 492|0x000000073d800000, 0x000000073d800000, 0x000000073da00000|  0%| F|  |TAMS 0x000000073d800000| PB 0x000000073d800000| Untracked 
| 493|0x000000073da00000, 0x000000073da00000, 0x000000073dc00000|  0%| F|  |TAMS 0x000000073da00000| PB 0x000000073da00000| Untracked 
| 494|0x000000073dc00000, 0x000000073dc00000, 0x000000073de00000|  0%| F|  |TAMS 0x000000073dc00000| PB 0x000000073dc00000| Untracked 
| 495|0x000000073de00000, 0x000000073de00000, 0x000000073e000000|  0%| F|  |TAMS 0x000000073de00000| PB 0x000000073de00000| Untracked 
| 496|0x000000073e000000, 0x000000073e000000, 0x000000073e200000|  0%| F|  |TAMS 0x000000073e000000| PB 0x000000073e000000| Untracked 
| 497|0x000000073e200000, 0x000000073e200000, 0x000000073e400000|  0%| F|  |TAMS 0x000000073e200000| PB 0x000000073e200000| Untracked 
| 498|0x000000073e400000, 0x000000073e400000, 0x000000073e600000|  0%| F|  |TAMS 0x000000073e400000| PB 0x000000073e400000| Untracked 
| 499|0x000000073e600000, 0x000000073e600000, 0x000000073e800000|  0%| F|  |TAMS 0x000000073e600000| PB 0x000000073e600000| Untracked 
| 500|0x000000073e800000, 0x000000073e800000, 0x000000073ea00000|  0%| F|  |TAMS 0x000000073e800000| PB 0x000000073e800000| Untracked 
| 501|0x000000073ea00000, 0x000000073ea00000, 0x000000073ec00000|  0%| F|  |TAMS 0x000000073ea00000| PB 0x000000073ea00000| Untracked 
| 502|0x000000073ec00000, 0x000000073ec00000, 0x000000073ee00000|  0%| F|  |TAMS 0x000000073ec00000| PB 0x000000073ec00000| Untracked 
| 503|0x000000073ee00000, 0x000000073ee00000, 0x000000073f000000|  0%| F|  |TAMS 0x000000073ee00000| PB 0x000000073ee00000| Untracked 
| 504|0x000000073f000000, 0x000000073f000000, 0x000000073f200000|  0%| F|  |TAMS 0x000000073f000000| PB 0x000000073f000000| Untracked 
| 505|0x000000073f200000, 0x000000073f200000, 0x000000073f400000|  0%| F|  |TAMS 0x000000073f200000| PB 0x000000073f200000| Untracked 
| 506|0x000000073f400000, 0x000000073f400000, 0x000000073f600000|  0%| F|  |TAMS 0x000000073f400000| PB 0x000000073f400000| Untracked 
| 507|0x000000073f600000, 0x000000073f600000, 0x000000073f800000|  0%| F|  |TAMS 0x000000073f600000| PB 0x000000073f600000| Untracked 
| 508|0x000000073f800000, 0x000000073f800000, 0x000000073fa00000|  0%| F|  |TAMS 0x000000073f800000| PB 0x000000073f800000| Untracked 
| 509|0x000000073fa00000, 0x000000073fa00000, 0x000000073fc00000|  0%| F|  |TAMS 0x000000073fa00000| PB 0x000000073fa00000| Untracked 
| 510|0x000000073fc00000, 0x000000073fc00000, 0x000000073fe00000|  0%| F|  |TAMS 0x000000073fc00000| PB 0x000000073fc00000| Untracked 
| 511|0x000000073fe00000, 0x000000073fe00000, 0x0000000740000000|  0%| F|  |TAMS 0x000000073fe00000| PB 0x000000073fe00000| Untracked 
| 512|0x0000000740000000, 0x0000000740000000, 0x0000000740200000|  0%| F|  |TAMS 0x0000000740000000| PB 0x0000000740000000| Untracked 
| 513|0x0000000740200000, 0x0000000740200000, 0x0000000740400000|  0%| F|  |TAMS 0x0000000740200000| PB 0x0000000740200000| Untracked 
| 514|0x0000000740400000, 0x0000000740400000, 0x0000000740600000|  0%| F|  |TAMS 0x0000000740400000| PB 0x0000000740400000| Untracked 
| 515|0x0000000740600000, 0x0000000740600000, 0x0000000740800000|  0%| F|  |TAMS 0x0000000740600000| PB 0x0000000740600000| Untracked 
| 516|0x0000000740800000, 0x0000000740800000, 0x0000000740a00000|  0%| F|  |TAMS 0x0000000740800000| PB 0x0000000740800000| Untracked 
| 517|0x0000000740a00000, 0x0000000740a00000, 0x0000000740c00000|  0%| F|  |TAMS 0x0000000740a00000| PB 0x0000000740a00000| Untracked 
| 518|0x0000000740c00000, 0x0000000740c00000, 0x0000000740e00000|  0%| F|  |TAMS 0x0000000740c00000| PB 0x0000000740c00000| Untracked 
| 519|0x0000000740e00000, 0x0000000740e00000, 0x0000000741000000|  0%| F|  |TAMS 0x0000000740e00000| PB 0x0000000740e00000| Untracked 
| 520|0x0000000741000000, 0x0000000741000000, 0x0000000741200000|  0%| F|  |TAMS 0x0000000741000000| PB 0x0000000741000000| Untracked 
| 521|0x0000000741200000, 0x0000000741200000, 0x0000000741400000|  0%| F|  |TAMS 0x0000000741200000| PB 0x0000000741200000| Untracked 
| 522|0x0000000741400000, 0x0000000741400000, 0x0000000741600000|  0%| F|  |TAMS 0x0000000741400000| PB 0x0000000741400000| Untracked 
| 523|0x0000000741600000, 0x0000000741600000, 0x0000000741800000|  0%| F|  |TAMS 0x0000000741600000| PB 0x0000000741600000| Untracked 
| 524|0x0000000741800000, 0x0000000741800000, 0x0000000741a00000|  0%| F|  |TAMS 0x0000000741800000| PB 0x0000000741800000| Untracked 
| 525|0x0000000741a00000, 0x0000000741a00000, 0x0000000741c00000|  0%| F|  |TAMS 0x0000000741a00000| PB 0x0000000741a00000| Untracked 
| 526|0x0000000741c00000, 0x0000000741c00000, 0x0000000741e00000|  0%| F|  |TAMS 0x0000000741c00000| PB 0x0000000741c00000| Untracked 
| 527|0x0000000741e00000, 0x0000000741e00000, 0x0000000742000000|  0%| F|  |TAMS 0x0000000741e00000| PB 0x0000000741e00000| Untracked 
| 528|0x0000000742000000, 0x0000000742000000, 0x0000000742200000|  0%| F|  |TAMS 0x0000000742000000| PB 0x0000000742000000| Untracked 
| 529|0x0000000742200000, 0x0000000742200000, 0x0000000742400000|  0%| F|  |TAMS 0x0000000742200000| PB 0x0000000742200000| Untracked 
| 530|0x0000000742400000, 0x0000000742400000, 0x0000000742600000|  0%| F|  |TAMS 0x0000000742400000| PB 0x0000000742400000| Untracked 
| 531|0x0000000742600000, 0x0000000742600000, 0x0000000742800000|  0%| F|  |TAMS 0x0000000742600000| PB 0x0000000742600000| Untracked 
| 532|0x0000000742800000, 0x0000000742800000, 0x0000000742a00000|  0%| F|  |TAMS 0x0000000742800000| PB 0x0000000742800000| Untracked 
| 533|0x0000000742a00000, 0x0000000742a00000, 0x0000000742c00000|  0%| F|  |TAMS 0x0000000742a00000| PB 0x0000000742a00000| Untracked 
| 534|0x0000000742c00000, 0x0000000742c00000, 0x0000000742e00000|  0%| F|  |TAMS 0x0000000742c00000| PB 0x0000000742c00000| Untracked 
| 535|0x0000000742e00000, 0x0000000742e00000, 0x0000000743000000|  0%| F|  |TAMS 0x0000000742e00000| PB 0x0000000742e00000| Untracked 
| 536|0x0000000743000000, 0x0000000743000000, 0x0000000743200000|  0%| F|  |TAMS 0x0000000743000000| PB 0x0000000743000000| Untracked 
| 537|0x0000000743200000, 0x0000000743200000, 0x0000000743400000|  0%| F|  |TAMS 0x0000000743200000| PB 0x0000000743200000| Untracked 
| 538|0x0000000743400000, 0x0000000743400000, 0x0000000743600000|  0%| F|  |TAMS 0x0000000743400000| PB 0x0000000743400000| Untracked 
| 539|0x0000000743600000, 0x0000000743600000, 0x0000000743800000|  0%| F|  |TAMS 0x0000000743600000| PB 0x0000000743600000| Untracked 
| 540|0x0000000743800000, 0x0000000743800000, 0x0000000743a00000|  0%| F|  |TAMS 0x0000000743800000| PB 0x0000000743800000| Untracked 
| 541|0x0000000743a00000, 0x0000000743a00000, 0x0000000743c00000|  0%| F|  |TAMS 0x0000000743a00000| PB 0x0000000743a00000| Untracked 
| 542|0x0000000743c00000, 0x0000000743c00000, 0x0000000743e00000|  0%| F|  |TAMS 0x0000000743c00000| PB 0x0000000743c00000| Untracked 
| 543|0x0000000743e00000, 0x0000000743e00000, 0x0000000744000000|  0%| F|  |TAMS 0x0000000743e00000| PB 0x0000000743e00000| Untracked 
| 544|0x0000000744000000, 0x0000000744000000, 0x0000000744200000|  0%| F|  |TAMS 0x0000000744000000| PB 0x0000000744000000| Untracked 
| 545|0x0000000744200000, 0x0000000744200000, 0x0000000744400000|  0%| F|  |TAMS 0x0000000744200000| PB 0x0000000744200000| Untracked 
| 546|0x0000000744400000, 0x0000000744400000, 0x0000000744600000|  0%| F|  |TAMS 0x0000000744400000| PB 0x0000000744400000| Untracked 
| 547|0x0000000744600000, 0x0000000744600000, 0x0000000744800000|  0%| F|  |TAMS 0x0000000744600000| PB 0x0000000744600000| Untracked 
| 548|0x0000000744800000, 0x0000000744800000, 0x0000000744a00000|  0%| F|  |TAMS 0x0000000744800000| PB 0x0000000744800000| Untracked 
| 549|0x0000000744a00000, 0x0000000744a00000, 0x0000000744c00000|  0%| F|  |TAMS 0x0000000744a00000| PB 0x0000000744a00000| Untracked 
| 550|0x0000000744c00000, 0x0000000744c00000, 0x0000000744e00000|  0%| F|  |TAMS 0x0000000744c00000| PB 0x0000000744c00000| Untracked 
| 551|0x0000000744e00000, 0x0000000744e00000, 0x0000000745000000|  0%| F|  |TAMS 0x0000000744e00000| PB 0x0000000744e00000| Untracked 
| 552|0x0000000745000000, 0x0000000745000000, 0x0000000745200000|  0%| F|  |TAMS 0x0000000745000000| PB 0x0000000745000000| Untracked 
| 553|0x0000000745200000, 0x0000000745200000, 0x0000000745400000|  0%| F|  |TAMS 0x0000000745200000| PB 0x0000000745200000| Untracked 
| 554|0x0000000745400000, 0x0000000745400000, 0x0000000745600000|  0%| F|  |TAMS 0x0000000745400000| PB 0x0000000745400000| Untracked 
| 555|0x0000000745600000, 0x0000000745600000, 0x0000000745800000|  0%| F|  |TAMS 0x0000000745600000| PB 0x0000000745600000| Untracked 
| 556|0x0000000745800000, 0x0000000745800000, 0x0000000745a00000|  0%| F|  |TAMS 0x0000000745800000| PB 0x0000000745800000| Untracked 
| 557|0x0000000745a00000, 0x0000000745a00000, 0x0000000745c00000|  0%| F|  |TAMS 0x0000000745a00000| PB 0x0000000745a00000| Untracked 
| 558|0x0000000745c00000, 0x0000000745c00000, 0x0000000745e00000|  0%| F|  |TAMS 0x0000000745c00000| PB 0x0000000745c00000| Untracked 
| 559|0x0000000745e00000, 0x0000000745e00000, 0x0000000746000000|  0%| F|  |TAMS 0x0000000745e00000| PB 0x0000000745e00000| Untracked 
| 560|0x0000000746000000, 0x0000000746000000, 0x0000000746200000|  0%| F|  |TAMS 0x0000000746000000| PB 0x0000000746000000| Untracked 
| 561|0x0000000746200000, 0x0000000746200000, 0x0000000746400000|  0%| F|  |TAMS 0x0000000746200000| PB 0x0000000746200000| Untracked 
| 562|0x0000000746400000, 0x0000000746400000, 0x0000000746600000|  0%| F|  |TAMS 0x0000000746400000| PB 0x0000000746400000| Untracked 
| 563|0x0000000746600000, 0x0000000746600000, 0x0000000746800000|  0%| F|  |TAMS 0x0000000746600000| PB 0x0000000746600000| Untracked 
| 564|0x0000000746800000, 0x0000000746800000, 0x0000000746a00000|  0%| F|  |TAMS 0x0000000746800000| PB 0x0000000746800000| Untracked 
| 565|0x0000000746a00000, 0x0000000746a00000, 0x0000000746c00000|  0%| F|  |TAMS 0x0000000746a00000| PB 0x0000000746a00000| Untracked 
| 566|0x0000000746c00000, 0x0000000746c00000, 0x0000000746e00000|  0%| F|  |TAMS 0x0000000746c00000| PB 0x0000000746c00000| Untracked 
| 567|0x0000000746e00000, 0x0000000746e00000, 0x0000000747000000|  0%| F|  |TAMS 0x0000000746e00000| PB 0x0000000746e00000| Untracked 
| 568|0x0000000747000000, 0x0000000747000000, 0x0000000747200000|  0%| F|  |TAMS 0x0000000747000000| PB 0x0000000747000000| Untracked 
| 569|0x0000000747200000, 0x0000000747200000, 0x0000000747400000|  0%| F|  |TAMS 0x0000000747200000| PB 0x0000000747200000| Untracked 
| 570|0x0000000747400000, 0x0000000747400000, 0x0000000747600000|  0%| F|  |TAMS 0x0000000747400000| PB 0x0000000747400000| Untracked 
| 571|0x0000000747600000, 0x0000000747600000, 0x0000000747800000|  0%| F|  |TAMS 0x0000000747600000| PB 0x0000000747600000| Untracked 
| 572|0x0000000747800000, 0x0000000747800000, 0x0000000747a00000|  0%| F|  |TAMS 0x0000000747800000| PB 0x0000000747800000| Untracked 
| 573|0x0000000747a00000, 0x0000000747a00000, 0x0000000747c00000|  0%| F|  |TAMS 0x0000000747a00000| PB 0x0000000747a00000| Untracked 
| 574|0x0000000747c00000, 0x0000000747c00000, 0x0000000747e00000|  0%| F|  |TAMS 0x0000000747c00000| PB 0x0000000747c00000| Untracked 
| 575|0x0000000747e00000, 0x0000000747e00000, 0x0000000748000000|  0%| F|  |TAMS 0x0000000747e00000| PB 0x0000000747e00000| Untracked 
| 576|0x0000000748000000, 0x0000000748000000, 0x0000000748200000|  0%| F|  |TAMS 0x0000000748000000| PB 0x0000000748000000| Untracked 
| 577|0x0000000748200000, 0x0000000748200000, 0x0000000748400000|  0%| F|  |TAMS 0x0000000748200000| PB 0x0000000748200000| Untracked 
| 578|0x0000000748400000, 0x0000000748400000, 0x0000000748600000|  0%| F|  |TAMS 0x0000000748400000| PB 0x0000000748400000| Untracked 
| 579|0x0000000748600000, 0x0000000748600000, 0x0000000748800000|  0%| F|  |TAMS 0x0000000748600000| PB 0x0000000748600000| Untracked 
| 580|0x0000000748800000, 0x0000000748800000, 0x0000000748a00000|  0%| F|  |TAMS 0x0000000748800000| PB 0x0000000748800000| Untracked 
| 581|0x0000000748a00000, 0x0000000748a00000, 0x0000000748c00000|  0%| F|  |TAMS 0x0000000748a00000| PB 0x0000000748a00000| Untracked 
| 582|0x0000000748c00000, 0x0000000748c00000, 0x0000000748e00000|  0%| F|  |TAMS 0x0000000748c00000| PB 0x0000000748c00000| Untracked 
| 583|0x0000000748e00000, 0x0000000748e00000, 0x0000000749000000|  0%| F|  |TAMS 0x0000000748e00000| PB 0x0000000748e00000| Untracked 
| 584|0x0000000749000000, 0x0000000749000000, 0x0000000749200000|  0%| F|  |TAMS 0x0000000749000000| PB 0x0000000749000000| Untracked 
| 585|0x0000000749200000, 0x0000000749200000, 0x0000000749400000|  0%| F|  |TAMS 0x0000000749200000| PB 0x0000000749200000| Untracked 
| 586|0x0000000749400000, 0x0000000749400000, 0x0000000749600000|  0%| F|  |TAMS 0x0000000749400000| PB 0x0000000749400000| Untracked 
| 587|0x0000000749600000, 0x0000000749600000, 0x0000000749800000|  0%| F|  |TAMS 0x0000000749600000| PB 0x0000000749600000| Untracked 
| 588|0x0000000749800000, 0x0000000749800000, 0x0000000749a00000|  0%| F|  |TAMS 0x0000000749800000| PB 0x0000000749800000| Untracked 
| 589|0x0000000749a00000, 0x0000000749a00000, 0x0000000749c00000|  0%| F|  |TAMS 0x0000000749a00000| PB 0x0000000749a00000| Untracked 
| 590|0x0000000749c00000, 0x0000000749c00000, 0x0000000749e00000|  0%| F|  |TAMS 0x0000000749c00000| PB 0x0000000749c00000| Untracked 
| 591|0x0000000749e00000, 0x0000000749e00000, 0x000000074a000000|  0%| F|  |TAMS 0x0000000749e00000| PB 0x0000000749e00000| Untracked 
| 592|0x000000074a000000, 0x000000074a000000, 0x000000074a200000|  0%| F|  |TAMS 0x000000074a000000| PB 0x000000074a000000| Untracked 
| 593|0x000000074a200000, 0x000000074a200000, 0x000000074a400000|  0%| F|  |TAMS 0x000000074a200000| PB 0x000000074a200000| Untracked 
| 594|0x000000074a400000, 0x000000074a400000, 0x000000074a600000|  0%| F|  |TAMS 0x000000074a400000| PB 0x000000074a400000| Untracked 
| 595|0x000000074a600000, 0x000000074a600000, 0x000000074a800000|  0%| F|  |TAMS 0x000000074a600000| PB 0x000000074a600000| Untracked 
| 596|0x000000074a800000, 0x000000074a800000, 0x000000074aa00000|  0%| F|  |TAMS 0x000000074a800000| PB 0x000000074a800000| Untracked 
| 597|0x000000074aa00000, 0x000000074aa00000, 0x000000074ac00000|  0%| F|  |TAMS 0x000000074aa00000| PB 0x000000074aa00000| Untracked 
| 598|0x000000074ac00000, 0x000000074ac00000, 0x000000074ae00000|  0%| F|  |TAMS 0x000000074ac00000| PB 0x000000074ac00000| Untracked 
| 599|0x000000074ae00000, 0x000000074ae00000, 0x000000074b000000|  0%| F|  |TAMS 0x000000074ae00000| PB 0x000000074ae00000| Untracked 
| 600|0x000000074b000000, 0x000000074b000000, 0x000000074b200000|  0%| F|  |TAMS 0x000000074b000000| PB 0x000000074b000000| Untracked 
| 601|0x000000074b200000, 0x000000074b200000, 0x000000074b400000|  0%| F|  |TAMS 0x000000074b200000| PB 0x000000074b200000| Untracked 
| 602|0x000000074b400000, 0x000000074b400000, 0x000000074b600000|  0%| F|  |TAMS 0x000000074b400000| PB 0x000000074b400000| Untracked 
| 603|0x000000074b600000, 0x000000074b600000, 0x000000074b800000|  0%| F|  |TAMS 0x000000074b600000| PB 0x000000074b600000| Untracked 
| 604|0x000000074b800000, 0x000000074b800000, 0x000000074ba00000|  0%| F|  |TAMS 0x000000074b800000| PB 0x000000074b800000| Untracked 
| 605|0x000000074ba00000, 0x000000074ba00000, 0x000000074bc00000|  0%| F|  |TAMS 0x000000074ba00000| PB 0x000000074ba00000| Untracked 
| 606|0x000000074bc00000, 0x000000074bc00000, 0x000000074be00000|  0%| F|  |TAMS 0x000000074bc00000| PB 0x000000074bc00000| Untracked 
| 607|0x000000074be00000, 0x000000074be00000, 0x000000074c000000|  0%| F|  |TAMS 0x000000074be00000| PB 0x000000074be00000| Untracked 
| 608|0x000000074c000000, 0x000000074c000000, 0x000000074c200000|  0%| F|  |TAMS 0x000000074c000000| PB 0x000000074c000000| Untracked 
| 609|0x000000074c200000, 0x000000074c200000, 0x000000074c400000|  0%| F|  |TAMS 0x000000074c200000| PB 0x000000074c200000| Untracked 
| 610|0x000000074c400000, 0x000000074c400000, 0x000000074c600000|  0%| F|  |TAMS 0x000000074c400000| PB 0x000000074c400000| Untracked 
| 611|0x000000074c600000, 0x000000074c600000, 0x000000074c800000|  0%| F|  |TAMS 0x000000074c600000| PB 0x000000074c600000| Untracked 
| 612|0x000000074c800000, 0x000000074c800000, 0x000000074ca00000|  0%| F|  |TAMS 0x000000074c800000| PB 0x000000074c800000| Untracked 
| 613|0x000000074ca00000, 0x000000074ca00000, 0x000000074cc00000|  0%| F|  |TAMS 0x000000074ca00000| PB 0x000000074ca00000| Untracked 
| 614|0x000000074cc00000, 0x000000074cc00000, 0x000000074ce00000|  0%| F|  |TAMS 0x000000074cc00000| PB 0x000000074cc00000| Untracked 
| 615|0x000000074ce00000, 0x000000074ce00000, 0x000000074d000000|  0%| F|  |TAMS 0x000000074ce00000| PB 0x000000074ce00000| Untracked 
| 616|0x000000074d000000, 0x000000074d000000, 0x000000074d200000|  0%| F|  |TAMS 0x000000074d000000| PB 0x000000074d000000| Untracked 
| 617|0x000000074d200000, 0x000000074d200000, 0x000000074d400000|  0%| F|  |TAMS 0x000000074d200000| PB 0x000000074d200000| Untracked 
| 618|0x000000074d400000, 0x000000074d400000, 0x000000074d600000|  0%| F|  |TAMS 0x000000074d400000| PB 0x000000074d400000| Untracked 
| 619|0x000000074d600000, 0x000000074d600000, 0x000000074d800000|  0%| F|  |TAMS 0x000000074d600000| PB 0x000000074d600000| Untracked 
| 620|0x000000074d800000, 0x000000074d800000, 0x000000074da00000|  0%| F|  |TAMS 0x000000074d800000| PB 0x000000074d800000| Untracked 
| 621|0x000000074da00000, 0x000000074da00000, 0x000000074dc00000|  0%| F|  |TAMS 0x000000074da00000| PB 0x000000074da00000| Untracked 
| 622|0x000000074dc00000, 0x000000074dc00000, 0x000000074de00000|  0%| F|  |TAMS 0x000000074dc00000| PB 0x000000074dc00000| Untracked 
| 623|0x000000074de00000, 0x000000074de00000, 0x000000074e000000|  0%| F|  |TAMS 0x000000074de00000| PB 0x000000074de00000| Untracked 
| 624|0x000000074e000000, 0x000000074e000000, 0x000000074e200000|  0%| F|  |TAMS 0x000000074e000000| PB 0x000000074e000000| Untracked 
| 625|0x000000074e200000, 0x000000074e200000, 0x000000074e400000|  0%| F|  |TAMS 0x000000074e200000| PB 0x000000074e200000| Untracked 
| 626|0x000000074e400000, 0x000000074e400000, 0x000000074e600000|  0%| F|  |TAMS 0x000000074e400000| PB 0x000000074e400000| Untracked 
| 627|0x000000074e600000, 0x000000074e600000, 0x000000074e800000|  0%| F|  |TAMS 0x000000074e600000| PB 0x000000074e600000| Untracked 
| 628|0x000000074e800000, 0x000000074e800000, 0x000000074ea00000|  0%| F|  |TAMS 0x000000074e800000| PB 0x000000074e800000| Untracked 
| 629|0x000000074ea00000, 0x000000074ea00000, 0x000000074ec00000|  0%| F|  |TAMS 0x000000074ea00000| PB 0x000000074ea00000| Untracked 
| 630|0x000000074ec00000, 0x000000074ec00000, 0x000000074ee00000|  0%| F|  |TAMS 0x000000074ec00000| PB 0x000000074ec00000| Untracked 
| 631|0x000000074ee00000, 0x000000074ee00000, 0x000000074f000000|  0%| F|  |TAMS 0x000000074ee00000| PB 0x000000074ee00000| Untracked 
| 632|0x000000074f000000, 0x000000074f000000, 0x000000074f200000|  0%| F|  |TAMS 0x000000074f000000| PB 0x000000074f000000| Untracked 
| 633|0x000000074f200000, 0x000000074f200000, 0x000000074f400000|  0%| F|  |TAMS 0x000000074f200000| PB 0x000000074f200000| Untracked 
| 634|0x000000074f400000, 0x000000074f400000, 0x000000074f600000|  0%| F|  |TAMS 0x000000074f400000| PB 0x000000074f400000| Untracked 
| 635|0x000000074f600000, 0x000000074f600000, 0x000000074f800000|  0%| F|  |TAMS 0x000000074f600000| PB 0x000000074f600000| Untracked 
| 636|0x000000074f800000, 0x000000074f800000, 0x000000074fa00000|  0%| F|  |TAMS 0x000000074f800000| PB 0x000000074f800000| Untracked 
| 637|0x000000074fa00000, 0x000000074fa00000, 0x000000074fc00000|  0%| F|  |TAMS 0x000000074fa00000| PB 0x000000074fa00000| Untracked 
| 638|0x000000074fc00000, 0x000000074fc00000, 0x000000074fe00000|  0%| F|  |TAMS 0x000000074fc00000| PB 0x000000074fc00000| Untracked 
| 639|0x000000074fe00000, 0x000000074fe00000, 0x0000000750000000|  0%| F|  |TAMS 0x000000074fe00000| PB 0x000000074fe00000| Untracked 
| 640|0x0000000750000000, 0x0000000750000000, 0x0000000750200000|  0%| F|  |TAMS 0x0000000750000000| PB 0x0000000750000000| Untracked 
| 641|0x0000000750200000, 0x0000000750200000, 0x0000000750400000|  0%| F|  |TAMS 0x0000000750200000| PB 0x0000000750200000| Untracked 
| 642|0x0000000750400000, 0x0000000750400000, 0x0000000750600000|  0%| F|  |TAMS 0x0000000750400000| PB 0x0000000750400000| Untracked 
| 643|0x0000000750600000, 0x0000000750600000, 0x0000000750800000|  0%| F|  |TAMS 0x0000000750600000| PB 0x0000000750600000| Untracked 
| 644|0x0000000750800000, 0x0000000750800000, 0x0000000750a00000|  0%| F|  |TAMS 0x0000000750800000| PB 0x0000000750800000| Untracked 
| 645|0x0000000750a00000, 0x0000000750a00000, 0x0000000750c00000|  0%| F|  |TAMS 0x0000000750a00000| PB 0x0000000750a00000| Untracked 
| 646|0x0000000750c00000, 0x0000000750c00000, 0x0000000750e00000|  0%| F|  |TAMS 0x0000000750c00000| PB 0x0000000750c00000| Untracked 
| 647|0x0000000750e00000, 0x0000000750e00000, 0x0000000751000000|  0%| F|  |TAMS 0x0000000750e00000| PB 0x0000000750e00000| Untracked 
| 648|0x0000000751000000, 0x0000000751000000, 0x0000000751200000|  0%| F|  |TAMS 0x0000000751000000| PB 0x0000000751000000| Untracked 
| 649|0x0000000751200000, 0x0000000751200000, 0x0000000751400000|  0%| F|  |TAMS 0x0000000751200000| PB 0x0000000751200000| Untracked 
| 650|0x0000000751400000, 0x0000000751400000, 0x0000000751600000|  0%| F|  |TAMS 0x0000000751400000| PB 0x0000000751400000| Untracked 
| 651|0x0000000751600000, 0x0000000751600000, 0x0000000751800000|  0%| F|  |TAMS 0x0000000751600000| PB 0x0000000751600000| Untracked 
| 652|0x0000000751800000, 0x0000000751800000, 0x0000000751a00000|  0%| F|  |TAMS 0x0000000751800000| PB 0x0000000751800000| Untracked 
| 653|0x0000000751a00000, 0x0000000751a00000, 0x0000000751c00000|  0%| F|  |TAMS 0x0000000751a00000| PB 0x0000000751a00000| Untracked 
| 654|0x0000000751c00000, 0x0000000751c00000, 0x0000000751e00000|  0%| F|  |TAMS 0x0000000751c00000| PB 0x0000000751c00000| Untracked 
| 655|0x0000000751e00000, 0x0000000751e00000, 0x0000000752000000|  0%| F|  |TAMS 0x0000000751e00000| PB 0x0000000751e00000| Untracked 
| 656|0x0000000752000000, 0x0000000752000000, 0x0000000752200000|  0%| F|  |TAMS 0x0000000752000000| PB 0x0000000752000000| Untracked 
| 657|0x0000000752200000, 0x0000000752200000, 0x0000000752400000|  0%| F|  |TAMS 0x0000000752200000| PB 0x0000000752200000| Untracked 
| 658|0x0000000752400000, 0x0000000752400000, 0x0000000752600000|  0%| F|  |TAMS 0x0000000752400000| PB 0x0000000752400000| Untracked 
| 659|0x0000000752600000, 0x0000000752600000, 0x0000000752800000|  0%| F|  |TAMS 0x0000000752600000| PB 0x0000000752600000| Untracked 
| 660|0x0000000752800000, 0x0000000752800000, 0x0000000752a00000|  0%| F|  |TAMS 0x0000000752800000| PB 0x0000000752800000| Untracked 
| 661|0x0000000752a00000, 0x0000000752a00000, 0x0000000752c00000|  0%| F|  |TAMS 0x0000000752a00000| PB 0x0000000752a00000| Untracked 
| 662|0x0000000752c00000, 0x0000000752c00000, 0x0000000752e00000|  0%| F|  |TAMS 0x0000000752c00000| PB 0x0000000752c00000| Untracked 
| 663|0x0000000752e00000, 0x0000000752e00000, 0x0000000753000000|  0%| F|  |TAMS 0x0000000752e00000| PB 0x0000000752e00000| Untracked 
| 664|0x0000000753000000, 0x0000000753000000, 0x0000000753200000|  0%| F|  |TAMS 0x0000000753000000| PB 0x0000000753000000| Untracked 
| 665|0x0000000753200000, 0x0000000753200000, 0x0000000753400000|  0%| F|  |TAMS 0x0000000753200000| PB 0x0000000753200000| Untracked 
| 666|0x0000000753400000, 0x0000000753400000, 0x0000000753600000|  0%| F|  |TAMS 0x0000000753400000| PB 0x0000000753400000| Untracked 
| 667|0x0000000753600000, 0x0000000753600000, 0x0000000753800000|  0%| F|  |TAMS 0x0000000753600000| PB 0x0000000753600000| Untracked 
| 668|0x0000000753800000, 0x0000000753800000, 0x0000000753a00000|  0%| F|  |TAMS 0x0000000753800000| PB 0x0000000753800000| Untracked 
| 669|0x0000000753a00000, 0x0000000753a00000, 0x0000000753c00000|  0%| F|  |TAMS 0x0000000753a00000| PB 0x0000000753a00000| Untracked 
| 670|0x0000000753c00000, 0x0000000753c00000, 0x0000000753e00000|  0%| F|  |TAMS 0x0000000753c00000| PB 0x0000000753c00000| Untracked 
| 671|0x0000000753e00000, 0x0000000753e00000, 0x0000000754000000|  0%| F|  |TAMS 0x0000000753e00000| PB 0x0000000753e00000| Untracked 
| 672|0x0000000754000000, 0x0000000754000000, 0x0000000754200000|  0%| F|  |TAMS 0x0000000754000000| PB 0x0000000754000000| Untracked 
| 673|0x0000000754200000, 0x0000000754200000, 0x0000000754400000|  0%| F|  |TAMS 0x0000000754200000| PB 0x0000000754200000| Untracked 
| 674|0x0000000754400000, 0x0000000754400000, 0x0000000754600000|  0%| F|  |TAMS 0x0000000754400000| PB 0x0000000754400000| Untracked 
| 675|0x0000000754600000, 0x0000000754600000, 0x0000000754800000|  0%| F|  |TAMS 0x0000000754600000| PB 0x0000000754600000| Untracked 
| 676|0x0000000754800000, 0x0000000754800000, 0x0000000754a00000|  0%| F|  |TAMS 0x0000000754800000| PB 0x0000000754800000| Untracked 
| 677|0x0000000754a00000, 0x0000000754a00000, 0x0000000754c00000|  0%| F|  |TAMS 0x0000000754a00000| PB 0x0000000754a00000| Untracked 
| 678|0x0000000754c00000, 0x0000000754c00000, 0x0000000754e00000|  0%| F|  |TAMS 0x0000000754c00000| PB 0x0000000754c00000| Untracked 
| 679|0x0000000754e00000, 0x0000000754e00000, 0x0000000755000000|  0%| F|  |TAMS 0x0000000754e00000| PB 0x0000000754e00000| Untracked 
| 680|0x0000000755000000, 0x0000000755000000, 0x0000000755200000|  0%| F|  |TAMS 0x0000000755000000| PB 0x0000000755000000| Untracked 
| 681|0x0000000755200000, 0x0000000755200000, 0x0000000755400000|  0%| F|  |TAMS 0x0000000755200000| PB 0x0000000755200000| Untracked 
| 682|0x0000000755400000, 0x0000000755400000, 0x0000000755600000|  0%| F|  |TAMS 0x0000000755400000| PB 0x0000000755400000| Untracked 
| 683|0x0000000755600000, 0x0000000755600000, 0x0000000755800000|  0%| F|  |TAMS 0x0000000755600000| PB 0x0000000755600000| Untracked 
| 684|0x0000000755800000, 0x0000000755800000, 0x0000000755a00000|  0%| F|  |TAMS 0x0000000755800000| PB 0x0000000755800000| Untracked 
| 685|0x0000000755a00000, 0x0000000755a00000, 0x0000000755c00000|  0%| F|  |TAMS 0x0000000755a00000| PB 0x0000000755a00000| Untracked 
| 686|0x0000000755c00000, 0x0000000755c00000, 0x0000000755e00000|  0%| F|  |TAMS 0x0000000755c00000| PB 0x0000000755c00000| Untracked 
| 687|0x0000000755e00000, 0x0000000755e00000, 0x0000000756000000|  0%| F|  |TAMS 0x0000000755e00000| PB 0x0000000755e00000| Untracked 
| 688|0x0000000756000000, 0x0000000756000000, 0x0000000756200000|  0%| F|  |TAMS 0x0000000756000000| PB 0x0000000756000000| Untracked 
| 689|0x0000000756200000, 0x0000000756200000, 0x0000000756400000|  0%| F|  |TAMS 0x0000000756200000| PB 0x0000000756200000| Untracked 
| 690|0x0000000756400000, 0x0000000756400000, 0x0000000756600000|  0%| F|  |TAMS 0x0000000756400000| PB 0x0000000756400000| Untracked 
| 691|0x0000000756600000, 0x0000000756600000, 0x0000000756800000|  0%| F|  |TAMS 0x0000000756600000| PB 0x0000000756600000| Untracked 
| 692|0x0000000756800000, 0x0000000756800000, 0x0000000756a00000|  0%| F|  |TAMS 0x0000000756800000| PB 0x0000000756800000| Untracked 
| 693|0x0000000756a00000, 0x0000000756a00000, 0x0000000756c00000|  0%| F|  |TAMS 0x0000000756a00000| PB 0x0000000756a00000| Untracked 
| 694|0x0000000756c00000, 0x0000000756c00000, 0x0000000756e00000|  0%| F|  |TAMS 0x0000000756c00000| PB 0x0000000756c00000| Untracked 
| 695|0x0000000756e00000, 0x0000000756e00000, 0x0000000757000000|  0%| F|  |TAMS 0x0000000756e00000| PB 0x0000000756e00000| Untracked 
| 696|0x0000000757000000, 0x0000000757000000, 0x0000000757200000|  0%| F|  |TAMS 0x0000000757000000| PB 0x0000000757000000| Untracked 
| 697|0x0000000757200000, 0x0000000757200000, 0x0000000757400000|  0%| F|  |TAMS 0x0000000757200000| PB 0x0000000757200000| Untracked 
| 698|0x0000000757400000, 0x0000000757400000, 0x0000000757600000|  0%| F|  |TAMS 0x0000000757400000| PB 0x0000000757400000| Untracked 
| 699|0x0000000757600000, 0x0000000757600000, 0x0000000757800000|  0%| F|  |TAMS 0x0000000757600000| PB 0x0000000757600000| Untracked 
| 700|0x0000000757800000, 0x0000000757800000, 0x0000000757a00000|  0%| F|  |TAMS 0x0000000757800000| PB 0x0000000757800000| Untracked 
| 701|0x0000000757a00000, 0x0000000757a00000, 0x0000000757c00000|  0%| F|  |TAMS 0x0000000757a00000| PB 0x0000000757a00000| Untracked 
| 702|0x0000000757c00000, 0x0000000757c00000, 0x0000000757e00000|  0%| F|  |TAMS 0x0000000757c00000| PB 0x0000000757c00000| Untracked 
| 703|0x0000000757e00000, 0x0000000757e00000, 0x0000000758000000|  0%| F|  |TAMS 0x0000000757e00000| PB 0x0000000757e00000| Untracked 
| 704|0x0000000758000000, 0x0000000758000000, 0x0000000758200000|  0%| F|  |TAMS 0x0000000758000000| PB 0x0000000758000000| Untracked 
| 705|0x0000000758200000, 0x0000000758200000, 0x0000000758400000|  0%| F|  |TAMS 0x0000000758200000| PB 0x0000000758200000| Untracked 
| 706|0x0000000758400000, 0x0000000758400000, 0x0000000758600000|  0%| F|  |TAMS 0x0000000758400000| PB 0x0000000758400000| Untracked 
| 707|0x0000000758600000, 0x0000000758600000, 0x0000000758800000|  0%| F|  |TAMS 0x0000000758600000| PB 0x0000000758600000| Untracked 
| 708|0x0000000758800000, 0x0000000758800000, 0x0000000758a00000|  0%| F|  |TAMS 0x0000000758800000| PB 0x0000000758800000| Untracked 
| 709|0x0000000758a00000, 0x0000000758a00000, 0x0000000758c00000|  0%| F|  |TAMS 0x0000000758a00000| PB 0x0000000758a00000| Untracked 
| 710|0x0000000758c00000, 0x0000000758c00000, 0x0000000758e00000|  0%| F|  |TAMS 0x0000000758c00000| PB 0x0000000758c00000| Untracked 
| 711|0x0000000758e00000, 0x0000000758e00000, 0x0000000759000000|  0%| F|  |TAMS 0x0000000758e00000| PB 0x0000000758e00000| Untracked 
| 712|0x0000000759000000, 0x0000000759000000, 0x0000000759200000|  0%| F|  |TAMS 0x0000000759000000| PB 0x0000000759000000| Untracked 
| 713|0x0000000759200000, 0x0000000759200000, 0x0000000759400000|  0%| F|  |TAMS 0x0000000759200000| PB 0x0000000759200000| Untracked 
| 714|0x0000000759400000, 0x0000000759400000, 0x0000000759600000|  0%| F|  |TAMS 0x0000000759400000| PB 0x0000000759400000| Untracked 
| 715|0x0000000759600000, 0x0000000759600000, 0x0000000759800000|  0%| F|  |TAMS 0x0000000759600000| PB 0x0000000759600000| Untracked 
| 716|0x0000000759800000, 0x0000000759800000, 0x0000000759a00000|  0%| F|  |TAMS 0x0000000759800000| PB 0x0000000759800000| Untracked 
| 717|0x0000000759a00000, 0x0000000759a00000, 0x0000000759c00000|  0%| F|  |TAMS 0x0000000759a00000| PB 0x0000000759a00000| Untracked 
| 718|0x0000000759c00000, 0x0000000759c00000, 0x0000000759e00000|  0%| F|  |TAMS 0x0000000759c00000| PB 0x0000000759c00000| Untracked 
| 719|0x0000000759e00000, 0x0000000759e00000, 0x000000075a000000|  0%| F|  |TAMS 0x0000000759e00000| PB 0x0000000759e00000| Untracked 
| 720|0x000000075a000000, 0x000000075a000000, 0x000000075a200000|  0%| F|  |TAMS 0x000000075a000000| PB 0x000000075a000000| Untracked 
| 721|0x000000075a200000, 0x000000075a200000, 0x000000075a400000|  0%| F|  |TAMS 0x000000075a200000| PB 0x000000075a200000| Untracked 
| 722|0x000000075a400000, 0x000000075a400000, 0x000000075a600000|  0%| F|  |TAMS 0x000000075a400000| PB 0x000000075a400000| Untracked 
| 723|0x000000075a600000, 0x000000075a600000, 0x000000075a800000|  0%| F|  |TAMS 0x000000075a600000| PB 0x000000075a600000| Untracked 
| 724|0x000000075a800000, 0x000000075a800000, 0x000000075aa00000|  0%| F|  |TAMS 0x000000075a800000| PB 0x000000075a800000| Untracked 
| 725|0x000000075aa00000, 0x000000075aa00000, 0x000000075ac00000|  0%| F|  |TAMS 0x000000075aa00000| PB 0x000000075aa00000| Untracked 
| 726|0x000000075ac00000, 0x000000075ac00000, 0x000000075ae00000|  0%| F|  |TAMS 0x000000075ac00000| PB 0x000000075ac00000| Untracked 
| 727|0x000000075ae00000, 0x000000075ae00000, 0x000000075b000000|  0%| F|  |TAMS 0x000000075ae00000| PB 0x000000075ae00000| Untracked 
| 728|0x000000075b000000, 0x000000075b000000, 0x000000075b200000|  0%| F|  |TAMS 0x000000075b000000| PB 0x000000075b000000| Untracked 
| 729|0x000000075b200000, 0x000000075b200000, 0x000000075b400000|  0%| F|  |TAMS 0x000000075b200000| PB 0x000000075b200000| Untracked 
| 730|0x000000075b400000, 0x000000075b400000, 0x000000075b600000|  0%| F|  |TAMS 0x000000075b400000| PB 0x000000075b400000| Untracked 
| 731|0x000000075b600000, 0x000000075b600000, 0x000000075b800000|  0%| F|  |TAMS 0x000000075b600000| PB 0x000000075b600000| Untracked 
| 732|0x000000075b800000, 0x000000075b800000, 0x000000075ba00000|  0%| F|  |TAMS 0x000000075b800000| PB 0x000000075b800000| Untracked 
| 733|0x000000075ba00000, 0x000000075ba00000, 0x000000075bc00000|  0%| F|  |TAMS 0x000000075ba00000| PB 0x000000075ba00000| Untracked 
| 734|0x000000075bc00000, 0x000000075bc00000, 0x000000075be00000|  0%| F|  |TAMS 0x000000075bc00000| PB 0x000000075bc00000| Untracked 
| 735|0x000000075be00000, 0x000000075be00000, 0x000000075c000000|  0%| F|  |TAMS 0x000000075be00000| PB 0x000000075be00000| Untracked 
| 736|0x000000075c000000, 0x000000075c000000, 0x000000075c200000|  0%| F|  |TAMS 0x000000075c000000| PB 0x000000075c000000| Untracked 
| 737|0x000000075c200000, 0x000000075c200000, 0x000000075c400000|  0%| F|  |TAMS 0x000000075c200000| PB 0x000000075c200000| Untracked 
| 738|0x000000075c400000, 0x000000075c400000, 0x000000075c600000|  0%| F|  |TAMS 0x000000075c400000| PB 0x000000075c400000| Untracked 
| 739|0x000000075c600000, 0x000000075c600000, 0x000000075c800000|  0%| F|  |TAMS 0x000000075c600000| PB 0x000000075c600000| Untracked 
| 740|0x000000075c800000, 0x000000075c800000, 0x000000075ca00000|  0%| F|  |TAMS 0x000000075c800000| PB 0x000000075c800000| Untracked 
| 741|0x000000075ca00000, 0x000000075ca00000, 0x000000075cc00000|  0%| F|  |TAMS 0x000000075ca00000| PB 0x000000075ca00000| Untracked 
| 742|0x000000075cc00000, 0x000000075cc00000, 0x000000075ce00000|  0%| F|  |TAMS 0x000000075cc00000| PB 0x000000075cc00000| Untracked 
| 743|0x000000075ce00000, 0x000000075ce00000, 0x000000075d000000|  0%| F|  |TAMS 0x000000075ce00000| PB 0x000000075ce00000| Untracked 
| 744|0x000000075d000000, 0x000000075d000000, 0x000000075d200000|  0%| F|  |TAMS 0x000000075d000000| PB 0x000000075d000000| Untracked 
| 745|0x000000075d200000, 0x000000075d200000, 0x000000075d400000|  0%| F|  |TAMS 0x000000075d200000| PB 0x000000075d200000| Untracked 
| 746|0x000000075d400000, 0x000000075d400000, 0x000000075d600000|  0%| F|  |TAMS 0x000000075d400000| PB 0x000000075d400000| Untracked 
| 747|0x000000075d600000, 0x000000075d600000, 0x000000075d800000|  0%| F|  |TAMS 0x000000075d600000| PB 0x000000075d600000| Untracked 
| 748|0x000000075d800000, 0x000000075d800000, 0x000000075da00000|  0%| F|  |TAMS 0x000000075d800000| PB 0x000000075d800000| Untracked 
| 749|0x000000075da00000, 0x000000075da00000, 0x000000075dc00000|  0%| F|  |TAMS 0x000000075da00000| PB 0x000000075da00000| Untracked 
| 750|0x000000075dc00000, 0x000000075dc00000, 0x000000075de00000|  0%| F|  |TAMS 0x000000075dc00000| PB 0x000000075dc00000| Untracked 
| 751|0x000000075de00000, 0x000000075de00000, 0x000000075e000000|  0%| F|  |TAMS 0x000000075de00000| PB 0x000000075de00000| Untracked 
| 752|0x000000075e000000, 0x000000075e000000, 0x000000075e200000|  0%| F|  |TAMS 0x000000075e000000| PB 0x000000075e000000| Untracked 
| 753|0x000000075e200000, 0x000000075e200000, 0x000000075e400000|  0%| F|  |TAMS 0x000000075e200000| PB 0x000000075e200000| Untracked 
| 754|0x000000075e400000, 0x000000075e400000, 0x000000075e600000|  0%| F|  |TAMS 0x000000075e400000| PB 0x000000075e400000| Untracked 
| 755|0x000000075e600000, 0x000000075e600000, 0x000000075e800000|  0%| F|  |TAMS 0x000000075e600000| PB 0x000000075e600000| Untracked 
| 756|0x000000075e800000, 0x000000075e800000, 0x000000075ea00000|  0%| F|  |TAMS 0x000000075e800000| PB 0x000000075e800000| Untracked 
| 757|0x000000075ea00000, 0x000000075ea00000, 0x000000075ec00000|  0%| F|  |TAMS 0x000000075ea00000| PB 0x000000075ea00000| Untracked 
| 758|0x000000075ec00000, 0x000000075ec00000, 0x000000075ee00000|  0%| F|  |TAMS 0x000000075ec00000| PB 0x000000075ec00000| Untracked 
| 759|0x000000075ee00000, 0x000000075ee00000, 0x000000075f000000|  0%| F|  |TAMS 0x000000075ee00000| PB 0x000000075ee00000| Untracked 
| 760|0x000000075f000000, 0x000000075f000000, 0x000000075f200000|  0%| F|  |TAMS 0x000000075f000000| PB 0x000000075f000000| Untracked 
| 761|0x000000075f200000, 0x000000075f200000, 0x000000075f400000|  0%| F|  |TAMS 0x000000075f200000| PB 0x000000075f200000| Untracked 
| 762|0x000000075f400000, 0x000000075f400000, 0x000000075f600000|  0%| F|  |TAMS 0x000000075f400000| PB 0x000000075f400000| Untracked 
| 763|0x000000075f600000, 0x000000075f600000, 0x000000075f800000|  0%| F|  |TAMS 0x000000075f600000| PB 0x000000075f600000| Untracked 
| 764|0x000000075f800000, 0x000000075f800000, 0x000000075fa00000|  0%| F|  |TAMS 0x000000075f800000| PB 0x000000075f800000| Untracked 
| 765|0x000000075fa00000, 0x000000075fa00000, 0x000000075fc00000|  0%| F|  |TAMS 0x000000075fa00000| PB 0x000000075fa00000| Untracked 
| 766|0x000000075fc00000, 0x000000075fc00000, 0x000000075fe00000|  0%| F|  |TAMS 0x000000075fc00000| PB 0x000000075fc00000| Untracked 
| 767|0x000000075fe00000, 0x000000075fe00000, 0x0000000760000000|  0%| F|  |TAMS 0x000000075fe00000| PB 0x000000075fe00000| Untracked 
| 768|0x0000000760000000, 0x0000000760000000, 0x0000000760200000|  0%| F|  |TAMS 0x0000000760000000| PB 0x0000000760000000| Untracked 
| 769|0x0000000760200000, 0x0000000760200000, 0x0000000760400000|  0%| F|  |TAMS 0x0000000760200000| PB 0x0000000760200000| Untracked 
| 770|0x0000000760400000, 0x0000000760400000, 0x0000000760600000|  0%| F|  |TAMS 0x0000000760400000| PB 0x0000000760400000| Untracked 
| 771|0x0000000760600000, 0x0000000760600000, 0x0000000760800000|  0%| F|  |TAMS 0x0000000760600000| PB 0x0000000760600000| Untracked 
| 772|0x0000000760800000, 0x0000000760800000, 0x0000000760a00000|  0%| F|  |TAMS 0x0000000760800000| PB 0x0000000760800000| Untracked 
| 773|0x0000000760a00000, 0x0000000760a00000, 0x0000000760c00000|  0%| F|  |TAMS 0x0000000760a00000| PB 0x0000000760a00000| Untracked 
| 774|0x0000000760c00000, 0x0000000760c00000, 0x0000000760e00000|  0%| F|  |TAMS 0x0000000760c00000| PB 0x0000000760c00000| Untracked 
| 775|0x0000000760e00000, 0x0000000760e00000, 0x0000000761000000|  0%| F|  |TAMS 0x0000000760e00000| PB 0x0000000760e00000| Untracked 
| 776|0x0000000761000000, 0x0000000761000000, 0x0000000761200000|  0%| F|  |TAMS 0x0000000761000000| PB 0x0000000761000000| Untracked 
| 777|0x0000000761200000, 0x0000000761200000, 0x0000000761400000|  0%| F|  |TAMS 0x0000000761200000| PB 0x0000000761200000| Untracked 
| 778|0x0000000761400000, 0x0000000761400000, 0x0000000761600000|  0%| F|  |TAMS 0x0000000761400000| PB 0x0000000761400000| Untracked 
| 779|0x0000000761600000, 0x0000000761600000, 0x0000000761800000|  0%| F|  |TAMS 0x0000000761600000| PB 0x0000000761600000| Untracked 
| 780|0x0000000761800000, 0x0000000761800000, 0x0000000761a00000|  0%| F|  |TAMS 0x0000000761800000| PB 0x0000000761800000| Untracked 
| 781|0x0000000761a00000, 0x0000000761a00000, 0x0000000761c00000|  0%| F|  |TAMS 0x0000000761a00000| PB 0x0000000761a00000| Untracked 
| 782|0x0000000761c00000, 0x0000000761c00000, 0x0000000761e00000|  0%| F|  |TAMS 0x0000000761c00000| PB 0x0000000761c00000| Untracked 
| 783|0x0000000761e00000, 0x0000000761e00000, 0x0000000762000000|  0%| F|  |TAMS 0x0000000761e00000| PB 0x0000000761e00000| Untracked 
| 784|0x0000000762000000, 0x0000000762000000, 0x0000000762200000|  0%| F|  |TAMS 0x0000000762000000| PB 0x0000000762000000| Untracked 
| 785|0x0000000762200000, 0x0000000762200000, 0x0000000762400000|  0%| F|  |TAMS 0x0000000762200000| PB 0x0000000762200000| Untracked 
| 786|0x0000000762400000, 0x0000000762400000, 0x0000000762600000|  0%| F|  |TAMS 0x0000000762400000| PB 0x0000000762400000| Untracked 
| 787|0x0000000762600000, 0x0000000762600000, 0x0000000762800000|  0%| F|  |TAMS 0x0000000762600000| PB 0x0000000762600000| Untracked 
| 788|0x0000000762800000, 0x0000000762800000, 0x0000000762a00000|  0%| F|  |TAMS 0x0000000762800000| PB 0x0000000762800000| Untracked 
| 789|0x0000000762a00000, 0x0000000762a00000, 0x0000000762c00000|  0%| F|  |TAMS 0x0000000762a00000| PB 0x0000000762a00000| Untracked 
| 790|0x0000000762c00000, 0x0000000762c00000, 0x0000000762e00000|  0%| F|  |TAMS 0x0000000762c00000| PB 0x0000000762c00000| Untracked 
| 791|0x0000000762e00000, 0x0000000762e00000, 0x0000000763000000|  0%| F|  |TAMS 0x0000000762e00000| PB 0x0000000762e00000| Untracked 
| 792|0x0000000763000000, 0x0000000763000000, 0x0000000763200000|  0%| F|  |TAMS 0x0000000763000000| PB 0x0000000763000000| Untracked 
| 793|0x0000000763200000, 0x0000000763200000, 0x0000000763400000|  0%| F|  |TAMS 0x0000000763200000| PB 0x0000000763200000| Untracked 
| 794|0x0000000763400000, 0x0000000763400000, 0x0000000763600000|  0%| F|  |TAMS 0x0000000763400000| PB 0x0000000763400000| Untracked 
| 795|0x0000000763600000, 0x0000000763600000, 0x0000000763800000|  0%| F|  |TAMS 0x0000000763600000| PB 0x0000000763600000| Untracked 
| 796|0x0000000763800000, 0x0000000763800000, 0x0000000763a00000|  0%| F|  |TAMS 0x0000000763800000| PB 0x0000000763800000| Untracked 
| 797|0x0000000763a00000, 0x0000000763a00000, 0x0000000763c00000|  0%| F|  |TAMS 0x0000000763a00000| PB 0x0000000763a00000| Untracked 
| 798|0x0000000763c00000, 0x0000000763c00000, 0x0000000763e00000|  0%| F|  |TAMS 0x0000000763c00000| PB 0x0000000763c00000| Untracked 
| 799|0x0000000763e00000, 0x0000000763e00000, 0x0000000764000000|  0%| F|  |TAMS 0x0000000763e00000| PB 0x0000000763e00000| Untracked 
| 800|0x0000000764000000, 0x0000000764000000, 0x0000000764200000|  0%| F|  |TAMS 0x0000000764000000| PB 0x0000000764000000| Untracked 
| 801|0x0000000764200000, 0x0000000764200000, 0x0000000764400000|  0%| F|  |TAMS 0x0000000764200000| PB 0x0000000764200000| Untracked 
| 802|0x0000000764400000, 0x0000000764400000, 0x0000000764600000|  0%| F|  |TAMS 0x0000000764400000| PB 0x0000000764400000| Untracked 
| 803|0x0000000764600000, 0x0000000764600000, 0x0000000764800000|  0%| F|  |TAMS 0x0000000764600000| PB 0x0000000764600000| Untracked 
| 804|0x0000000764800000, 0x0000000764800000, 0x0000000764a00000|  0%| F|  |TAMS 0x0000000764800000| PB 0x0000000764800000| Untracked 
| 805|0x0000000764a00000, 0x0000000764a00000, 0x0000000764c00000|  0%| F|  |TAMS 0x0000000764a00000| PB 0x0000000764a00000| Untracked 
| 806|0x0000000764c00000, 0x0000000764c00000, 0x0000000764e00000|  0%| F|  |TAMS 0x0000000764c00000| PB 0x0000000764c00000| Untracked 
| 807|0x0000000764e00000, 0x0000000764e00000, 0x0000000765000000|  0%| F|  |TAMS 0x0000000764e00000| PB 0x0000000764e00000| Untracked 
| 808|0x0000000765000000, 0x0000000765000000, 0x0000000765200000|  0%| F|  |TAMS 0x0000000765000000| PB 0x0000000765000000| Untracked 
| 809|0x0000000765200000, 0x0000000765200000, 0x0000000765400000|  0%| F|  |TAMS 0x0000000765200000| PB 0x0000000765200000| Untracked 
| 810|0x0000000765400000, 0x0000000765400000, 0x0000000765600000|  0%| F|  |TAMS 0x0000000765400000| PB 0x0000000765400000| Untracked 
| 811|0x0000000765600000, 0x0000000765600000, 0x0000000765800000|  0%| F|  |TAMS 0x0000000765600000| PB 0x0000000765600000| Untracked 
| 812|0x0000000765800000, 0x0000000765800000, 0x0000000765a00000|  0%| F|  |TAMS 0x0000000765800000| PB 0x0000000765800000| Untracked 
| 813|0x0000000765a00000, 0x0000000765a00000, 0x0000000765c00000|  0%| F|  |TAMS 0x0000000765a00000| PB 0x0000000765a00000| Untracked 
| 814|0x0000000765c00000, 0x0000000765c00000, 0x0000000765e00000|  0%| F|  |TAMS 0x0000000765c00000| PB 0x0000000765c00000| Untracked 
| 815|0x0000000765e00000, 0x0000000765e00000, 0x0000000766000000|  0%| F|  |TAMS 0x0000000765e00000| PB 0x0000000765e00000| Untracked 
| 816|0x0000000766000000, 0x0000000766000000, 0x0000000766200000|  0%| F|  |TAMS 0x0000000766000000| PB 0x0000000766000000| Untracked 
| 817|0x0000000766200000, 0x0000000766200000, 0x0000000766400000|  0%| F|  |TAMS 0x0000000766200000| PB 0x0000000766200000| Untracked 
| 818|0x0000000766400000, 0x0000000766400000, 0x0000000766600000|  0%| F|  |TAMS 0x0000000766400000| PB 0x0000000766400000| Untracked 
| 819|0x0000000766600000, 0x0000000766600000, 0x0000000766800000|  0%| F|  |TAMS 0x0000000766600000| PB 0x0000000766600000| Untracked 
| 820|0x0000000766800000, 0x0000000766800000, 0x0000000766a00000|  0%| F|  |TAMS 0x0000000766800000| PB 0x0000000766800000| Untracked 
| 821|0x0000000766a00000, 0x0000000766a00000, 0x0000000766c00000|  0%| F|  |TAMS 0x0000000766a00000| PB 0x0000000766a00000| Untracked 
| 822|0x0000000766c00000, 0x0000000766c00000, 0x0000000766e00000|  0%| F|  |TAMS 0x0000000766c00000| PB 0x0000000766c00000| Untracked 
| 823|0x0000000766e00000, 0x0000000766e00000, 0x0000000767000000|  0%| F|  |TAMS 0x0000000766e00000| PB 0x0000000766e00000| Untracked 
| 824|0x0000000767000000, 0x0000000767000000, 0x0000000767200000|  0%| F|  |TAMS 0x0000000767000000| PB 0x0000000767000000| Untracked 
| 825|0x0000000767200000, 0x0000000767200000, 0x0000000767400000|  0%| F|  |TAMS 0x0000000767200000| PB 0x0000000767200000| Untracked 
| 826|0x0000000767400000, 0x0000000767400000, 0x0000000767600000|  0%| F|  |TAMS 0x0000000767400000| PB 0x0000000767400000| Untracked 
| 827|0x0000000767600000, 0x0000000767600000, 0x0000000767800000|  0%| F|  |TAMS 0x0000000767600000| PB 0x0000000767600000| Untracked 
| 828|0x0000000767800000, 0x0000000767800000, 0x0000000767a00000|  0%| F|  |TAMS 0x0000000767800000| PB 0x0000000767800000| Untracked 
| 829|0x0000000767a00000, 0x0000000767a00000, 0x0000000767c00000|  0%| F|  |TAMS 0x0000000767a00000| PB 0x0000000767a00000| Untracked 
| 830|0x0000000767c00000, 0x0000000767c00000, 0x0000000767e00000|  0%| F|  |TAMS 0x0000000767c00000| PB 0x0000000767c00000| Untracked 
| 831|0x0000000767e00000, 0x0000000767e00000, 0x0000000768000000|  0%| F|  |TAMS 0x0000000767e00000| PB 0x0000000767e00000| Untracked 
| 832|0x0000000768000000, 0x0000000768000000, 0x0000000768200000|  0%| F|  |TAMS 0x0000000768000000| PB 0x0000000768000000| Untracked 
| 833|0x0000000768200000, 0x0000000768200000, 0x0000000768400000|  0%| F|  |TAMS 0x0000000768200000| PB 0x0000000768200000| Untracked 
| 834|0x0000000768400000, 0x0000000768400000, 0x0000000768600000|  0%| F|  |TAMS 0x0000000768400000| PB 0x0000000768400000| Untracked 
| 835|0x0000000768600000, 0x0000000768600000, 0x0000000768800000|  0%| F|  |TAMS 0x0000000768600000| PB 0x0000000768600000| Untracked 
| 836|0x0000000768800000, 0x0000000768800000, 0x0000000768a00000|  0%| F|  |TAMS 0x0000000768800000| PB 0x0000000768800000| Untracked 
| 837|0x0000000768a00000, 0x0000000768a00000, 0x0000000768c00000|  0%| F|  |TAMS 0x0000000768a00000| PB 0x0000000768a00000| Untracked 
| 838|0x0000000768c00000, 0x0000000768c00000, 0x0000000768e00000|  0%| F|  |TAMS 0x0000000768c00000| PB 0x0000000768c00000| Untracked 
| 839|0x0000000768e00000, 0x0000000768e00000, 0x0000000769000000|  0%| F|  |TAMS 0x0000000768e00000| PB 0x0000000768e00000| Untracked 
| 840|0x0000000769000000, 0x0000000769000000, 0x0000000769200000|  0%| F|  |TAMS 0x0000000769000000| PB 0x0000000769000000| Untracked 
| 841|0x0000000769200000, 0x0000000769200000, 0x0000000769400000|  0%| F|  |TAMS 0x0000000769200000| PB 0x0000000769200000| Untracked 
| 842|0x0000000769400000, 0x0000000769400000, 0x0000000769600000|  0%| F|  |TAMS 0x0000000769400000| PB 0x0000000769400000| Untracked 
| 843|0x0000000769600000, 0x0000000769600000, 0x0000000769800000|  0%| F|  |TAMS 0x0000000769600000| PB 0x0000000769600000| Untracked 
| 844|0x0000000769800000, 0x0000000769800000, 0x0000000769a00000|  0%| F|  |TAMS 0x0000000769800000| PB 0x0000000769800000| Untracked 
| 845|0x0000000769a00000, 0x0000000769a00000, 0x0000000769c00000|  0%| F|  |TAMS 0x0000000769a00000| PB 0x0000000769a00000| Untracked 
| 846|0x0000000769c00000, 0x0000000769c00000, 0x0000000769e00000|  0%| F|  |TAMS 0x0000000769c00000| PB 0x0000000769c00000| Untracked 
| 847|0x0000000769e00000, 0x0000000769e00000, 0x000000076a000000|  0%| F|  |TAMS 0x0000000769e00000| PB 0x0000000769e00000| Untracked 
| 848|0x000000076a000000, 0x000000076a000000, 0x000000076a200000|  0%| F|  |TAMS 0x000000076a000000| PB 0x000000076a000000| Untracked 
| 849|0x000000076a200000, 0x000000076a200000, 0x000000076a400000|  0%| F|  |TAMS 0x000000076a200000| PB 0x000000076a200000| Untracked 
| 850|0x000000076a400000, 0x000000076a400000, 0x000000076a600000|  0%| F|  |TAMS 0x000000076a400000| PB 0x000000076a400000| Untracked 
| 851|0x000000076a600000, 0x000000076a600000, 0x000000076a800000|  0%| F|  |TAMS 0x000000076a600000| PB 0x000000076a600000| Untracked 
| 852|0x000000076a800000, 0x000000076a800000, 0x000000076aa00000|  0%| F|  |TAMS 0x000000076a800000| PB 0x000000076a800000| Untracked 
| 853|0x000000076aa00000, 0x000000076aa00000, 0x000000076ac00000|  0%| F|  |TAMS 0x000000076aa00000| PB 0x000000076aa00000| Untracked 
| 854|0x000000076ac00000, 0x000000076ac00000, 0x000000076ae00000|  0%| F|  |TAMS 0x000000076ac00000| PB 0x000000076ac00000| Untracked 
| 855|0x000000076ae00000, 0x000000076ae00000, 0x000000076b000000|  0%| F|  |TAMS 0x000000076ae00000| PB 0x000000076ae00000| Untracked 
| 856|0x000000076b000000, 0x000000076b000000, 0x000000076b200000|  0%| F|  |TAMS 0x000000076b000000| PB 0x000000076b000000| Untracked 
| 857|0x000000076b200000, 0x000000076b200000, 0x000000076b400000|  0%| F|  |TAMS 0x000000076b200000| PB 0x000000076b200000| Untracked 
| 858|0x000000076b400000, 0x000000076b400000, 0x000000076b600000|  0%| F|  |TAMS 0x000000076b400000| PB 0x000000076b400000| Untracked 
| 859|0x000000076b600000, 0x000000076b600000, 0x000000076b800000|  0%| F|  |TAMS 0x000000076b600000| PB 0x000000076b600000| Untracked 
| 860|0x000000076b800000, 0x000000076b800000, 0x000000076ba00000|  0%| F|  |TAMS 0x000000076b800000| PB 0x000000076b800000| Untracked 
| 861|0x000000076ba00000, 0x000000076ba00000, 0x000000076bc00000|  0%| F|  |TAMS 0x000000076ba00000| PB 0x000000076ba00000| Untracked 
| 862|0x000000076bc00000, 0x000000076bc00000, 0x000000076be00000|  0%| F|  |TAMS 0x000000076bc00000| PB 0x000000076bc00000| Untracked 
| 863|0x000000076be00000, 0x000000076be00000, 0x000000076c000000|  0%| F|  |TAMS 0x000000076be00000| PB 0x000000076be00000| Untracked 
| 864|0x000000076c000000, 0x000000076c000000, 0x000000076c200000|  0%| F|  |TAMS 0x000000076c000000| PB 0x000000076c000000| Untracked 
| 865|0x000000076c200000, 0x000000076c200000, 0x000000076c400000|  0%| F|  |TAMS 0x000000076c200000| PB 0x000000076c200000| Untracked 
| 866|0x000000076c400000, 0x000000076c400000, 0x000000076c600000|  0%| F|  |TAMS 0x000000076c400000| PB 0x000000076c400000| Untracked 
| 867|0x000000076c600000, 0x000000076c600000, 0x000000076c800000|  0%| F|  |TAMS 0x000000076c600000| PB 0x000000076c600000| Untracked 
| 868|0x000000076c800000, 0x000000076c800000, 0x000000076ca00000|  0%| F|  |TAMS 0x000000076c800000| PB 0x000000076c800000| Untracked 
| 869|0x000000076ca00000, 0x000000076ca00000, 0x000000076cc00000|  0%| F|  |TAMS 0x000000076ca00000| PB 0x000000076ca00000| Untracked 
| 870|0x000000076cc00000, 0x000000076cc00000, 0x000000076ce00000|  0%| F|  |TAMS 0x000000076cc00000| PB 0x000000076cc00000| Untracked 
| 871|0x000000076ce00000, 0x000000076ce00000, 0x000000076d000000|  0%| F|  |TAMS 0x000000076ce00000| PB 0x000000076ce00000| Untracked 
| 872|0x000000076d000000, 0x000000076d000000, 0x000000076d200000|  0%| F|  |TAMS 0x000000076d000000| PB 0x000000076d000000| Untracked 
| 873|0x000000076d200000, 0x000000076d200000, 0x000000076d400000|  0%| F|  |TAMS 0x000000076d200000| PB 0x000000076d200000| Untracked 
| 874|0x000000076d400000, 0x000000076d400000, 0x000000076d600000|  0%| F|  |TAMS 0x000000076d400000| PB 0x000000076d400000| Untracked 
| 875|0x000000076d600000, 0x000000076d600000, 0x000000076d800000|  0%| F|  |TAMS 0x000000076d600000| PB 0x000000076d600000| Untracked 
| 876|0x000000076d800000, 0x000000076d800000, 0x000000076da00000|  0%| F|  |TAMS 0x000000076d800000| PB 0x000000076d800000| Untracked 
| 877|0x000000076da00000, 0x000000076da00000, 0x000000076dc00000|  0%| F|  |TAMS 0x000000076da00000| PB 0x000000076da00000| Untracked 
| 878|0x000000076dc00000, 0x000000076dc00000, 0x000000076de00000|  0%| F|  |TAMS 0x000000076dc00000| PB 0x000000076dc00000| Untracked 
| 879|0x000000076de00000, 0x000000076de00000, 0x000000076e000000|  0%| F|  |TAMS 0x000000076de00000| PB 0x000000076de00000| Untracked 
| 880|0x000000076e000000, 0x000000076e000000, 0x000000076e200000|  0%| F|  |TAMS 0x000000076e000000| PB 0x000000076e000000| Untracked 
| 881|0x000000076e200000, 0x000000076e200000, 0x000000076e400000|  0%| F|  |TAMS 0x000000076e200000| PB 0x000000076e200000| Untracked 
| 882|0x000000076e400000, 0x000000076e400000, 0x000000076e600000|  0%| F|  |TAMS 0x000000076e400000| PB 0x000000076e400000| Untracked 
| 883|0x000000076e600000, 0x000000076e600000, 0x000000076e800000|  0%| F|  |TAMS 0x000000076e600000| PB 0x000000076e600000| Untracked 
| 884|0x000000076e800000, 0x000000076e800000, 0x000000076ea00000|  0%| F|  |TAMS 0x000000076e800000| PB 0x000000076e800000| Untracked 
| 885|0x000000076ea00000, 0x000000076ea00000, 0x000000076ec00000|  0%| F|  |TAMS 0x000000076ea00000| PB 0x000000076ea00000| Untracked 
| 886|0x000000076ec00000, 0x000000076ec00000, 0x000000076ee00000|  0%| F|  |TAMS 0x000000076ec00000| PB 0x000000076ec00000| Untracked 
| 887|0x000000076ee00000, 0x000000076ee00000, 0x000000076f000000|  0%| F|  |TAMS 0x000000076ee00000| PB 0x000000076ee00000| Untracked 
| 888|0x000000076f000000, 0x000000076f000000, 0x000000076f200000|  0%| F|  |TAMS 0x000000076f000000| PB 0x000000076f000000| Untracked 
| 889|0x000000076f200000, 0x000000076f200000, 0x000000076f400000|  0%| F|  |TAMS 0x000000076f200000| PB 0x000000076f200000| Untracked 
| 890|0x000000076f400000, 0x000000076f400000, 0x000000076f600000|  0%| F|  |TAMS 0x000000076f400000| PB 0x000000076f400000| Untracked 
| 891|0x000000076f600000, 0x000000076f600000, 0x000000076f800000|  0%| F|  |TAMS 0x000000076f600000| PB 0x000000076f600000| Untracked 
| 892|0x000000076f800000, 0x000000076f800000, 0x000000076fa00000|  0%| F|  |TAMS 0x000000076f800000| PB 0x000000076f800000| Untracked 
| 893|0x000000076fa00000, 0x000000076fa00000, 0x000000076fc00000|  0%| F|  |TAMS 0x000000076fa00000| PB 0x000000076fa00000| Untracked 
| 894|0x000000076fc00000, 0x000000076fc00000, 0x000000076fe00000|  0%| F|  |TAMS 0x000000076fc00000| PB 0x000000076fc00000| Untracked 
| 895|0x000000076fe00000, 0x000000076fe00000, 0x0000000770000000|  0%| F|  |TAMS 0x000000076fe00000| PB 0x000000076fe00000| Untracked 
| 896|0x0000000770000000, 0x0000000770000000, 0x0000000770200000|  0%| F|  |TAMS 0x0000000770000000| PB 0x0000000770000000| Untracked 
| 897|0x0000000770200000, 0x0000000770200000, 0x0000000770400000|  0%| F|  |TAMS 0x0000000770200000| PB 0x0000000770200000| Untracked 
| 898|0x0000000770400000, 0x0000000770400000, 0x0000000770600000|  0%| F|  |TAMS 0x0000000770400000| PB 0x0000000770400000| Untracked 
| 899|0x0000000770600000, 0x0000000770600000, 0x0000000770800000|  0%| F|  |TAMS 0x0000000770600000| PB 0x0000000770600000| Untracked 
| 900|0x0000000770800000, 0x0000000770800000, 0x0000000770a00000|  0%| F|  |TAMS 0x0000000770800000| PB 0x0000000770800000| Untracked 
| 901|0x0000000770a00000, 0x0000000770a00000, 0x0000000770c00000|  0%| F|  |TAMS 0x0000000770a00000| PB 0x0000000770a00000| Untracked 
| 902|0x0000000770c00000, 0x0000000770c00000, 0x0000000770e00000|  0%| F|  |TAMS 0x0000000770c00000| PB 0x0000000770c00000| Untracked 
| 903|0x0000000770e00000, 0x0000000770e00000, 0x0000000771000000|  0%| F|  |TAMS 0x0000000770e00000| PB 0x0000000770e00000| Untracked 
| 904|0x0000000771000000, 0x0000000771000000, 0x0000000771200000|  0%| F|  |TAMS 0x0000000771000000| PB 0x0000000771000000| Untracked 
| 905|0x0000000771200000, 0x0000000771200000, 0x0000000771400000|  0%| F|  |TAMS 0x0000000771200000| PB 0x0000000771200000| Untracked 
| 906|0x0000000771400000, 0x0000000771400000, 0x0000000771600000|  0%| F|  |TAMS 0x0000000771400000| PB 0x0000000771400000| Untracked 
| 907|0x0000000771600000, 0x0000000771600000, 0x0000000771800000|  0%| F|  |TAMS 0x0000000771600000| PB 0x0000000771600000| Untracked 
| 908|0x0000000771800000, 0x0000000771800000, 0x0000000771a00000|  0%| F|  |TAMS 0x0000000771800000| PB 0x0000000771800000| Untracked 
| 909|0x0000000771a00000, 0x0000000771a00000, 0x0000000771c00000|  0%| F|  |TAMS 0x0000000771a00000| PB 0x0000000771a00000| Untracked 
| 910|0x0000000771c00000, 0x0000000771c00000, 0x0000000771e00000|  0%| F|  |TAMS 0x0000000771c00000| PB 0x0000000771c00000| Untracked 
| 911|0x0000000771e00000, 0x0000000771e00000, 0x0000000772000000|  0%| F|  |TAMS 0x0000000771e00000| PB 0x0000000771e00000| Untracked 
| 912|0x0000000772000000, 0x0000000772000000, 0x0000000772200000|  0%| F|  |TAMS 0x0000000772000000| PB 0x0000000772000000| Untracked 
| 913|0x0000000772200000, 0x0000000772200000, 0x0000000772400000|  0%| F|  |TAMS 0x0000000772200000| PB 0x0000000772200000| Untracked 
| 914|0x0000000772400000, 0x0000000772600000, 0x0000000772600000|100%| S|CS|TAMS 0x0000000772400000| PB 0x0000000772400000| Complete 
| 915|0x0000000772600000, 0x0000000772800000, 0x0000000772800000|100%| S|CS|TAMS 0x0000000772600000| PB 0x0000000772600000| Complete 
| 916|0x0000000772800000, 0x0000000772a00000, 0x0000000772a00000|100%| S|CS|TAMS 0x0000000772800000| PB 0x0000000772800000| Complete 
| 917|0x0000000772a00000, 0x0000000772c00000, 0x0000000772c00000|100%| S|CS|TAMS 0x0000000772a00000| PB 0x0000000772a00000| Complete 
| 918|0x0000000772c00000, 0x0000000772e00000, 0x0000000772e00000|100%| S|CS|TAMS 0x0000000772c00000| PB 0x0000000772c00000| Complete 
| 919|0x0000000772e00000, 0x0000000773000000, 0x0000000773000000|100%| S|CS|TAMS 0x0000000772e00000| PB 0x0000000772e00000| Complete 
| 920|0x0000000773000000, 0x0000000773000000, 0x0000000773200000|  0%| F|  |TAMS 0x0000000773000000| PB 0x0000000773000000| Untracked 
| 921|0x0000000773200000, 0x0000000773200000, 0x0000000773400000|  0%| F|  |TAMS 0x0000000773200000| PB 0x0000000773200000| Untracked 
| 922|0x0000000773400000, 0x0000000773400000, 0x0000000773600000|  0%| F|  |TAMS 0x0000000773400000| PB 0x0000000773400000| Untracked 
| 923|0x0000000773600000, 0x0000000773600000, 0x0000000773800000|  0%| F|  |TAMS 0x0000000773600000| PB 0x0000000773600000| Untracked 
| 924|0x0000000773800000, 0x0000000773800000, 0x0000000773a00000|  0%| F|  |TAMS 0x0000000773800000| PB 0x0000000773800000| Untracked 
| 925|0x0000000773a00000, 0x0000000773a00000, 0x0000000773c00000|  0%| F|  |TAMS 0x0000000773a00000| PB 0x0000000773a00000| Untracked 
| 926|0x0000000773c00000, 0x0000000773c00000, 0x0000000773e00000|  0%| F|  |TAMS 0x0000000773c00000| PB 0x0000000773c00000| Untracked 
| 927|0x0000000773e00000, 0x0000000773e00000, 0x0000000774000000|  0%| F|  |TAMS 0x0000000773e00000| PB 0x0000000773e00000| Untracked 
| 928|0x0000000774000000, 0x0000000774000000, 0x0000000774200000|  0%| F|  |TAMS 0x0000000774000000| PB 0x0000000774000000| Untracked 
| 929|0x0000000774200000, 0x0000000774200000, 0x0000000774400000|  0%| F|  |TAMS 0x0000000774200000| PB 0x0000000774200000| Untracked 
| 930|0x0000000774400000, 0x0000000774400000, 0x0000000774600000|  0%| F|  |TAMS 0x0000000774400000| PB 0x0000000774400000| Untracked 
| 931|0x0000000774600000, 0x0000000774600000, 0x0000000774800000|  0%| F|  |TAMS 0x0000000774600000| PB 0x0000000774600000| Untracked 
| 932|0x0000000774800000, 0x0000000774800000, 0x0000000774a00000|  0%| F|  |TAMS 0x0000000774800000| PB 0x0000000774800000| Untracked 
| 933|0x0000000774a00000, 0x0000000774a00000, 0x0000000774c00000|  0%| F|  |TAMS 0x0000000774a00000| PB 0x0000000774a00000| Untracked 
| 934|0x0000000774c00000, 0x0000000774c00000, 0x0000000774e00000|  0%| F|  |TAMS 0x0000000774c00000| PB 0x0000000774c00000| Untracked 
| 935|0x0000000774e00000, 0x0000000774e00000, 0x0000000775000000|  0%| F|  |TAMS 0x0000000774e00000| PB 0x0000000774e00000| Untracked 
| 936|0x0000000775000000, 0x0000000775000000, 0x0000000775200000|  0%| F|  |TAMS 0x0000000775000000| PB 0x0000000775000000| Untracked 
| 937|0x0000000775200000, 0x0000000775200000, 0x0000000775400000|  0%| F|  |TAMS 0x0000000775200000| PB 0x0000000775200000| Untracked 
| 938|0x0000000775400000, 0x0000000775400000, 0x0000000775600000|  0%| F|  |TAMS 0x0000000775400000| PB 0x0000000775400000| Untracked 
|1069|0x0000000785a00000, 0x0000000785a00000, 0x0000000785c00000|  0%| F|  |TAMS 0x0000000785a00000| PB 0x0000000785a00000| Untracked 
|1070|0x0000000785c00000, 0x0000000785c00000, 0x0000000785e00000|  0%| F|  |TAMS 0x0000000785c00000| PB 0x0000000785c00000| Untracked 
|1071|0x0000000785e00000, 0x0000000785e00000, 0x0000000786000000|  0%| F|  |TAMS 0x0000000785e00000| PB 0x0000000785e00000| Untracked 
|1072|0x0000000786000000, 0x0000000786000000, 0x0000000786200000|  0%| F|  |TAMS 0x0000000786000000| PB 0x0000000786000000| Untracked 
|1073|0x0000000786200000, 0x0000000786200000, 0x0000000786400000|  0%| F|  |TAMS 0x0000000786200000| PB 0x0000000786200000| Untracked 
|1987|0x00000007f8600000, 0x00000007f8600000, 0x00000007f8800000|  0%| F|  |TAMS 0x00000007f8600000| PB 0x00000007f8600000| Untracked 
|1989|0x00000007f8a00000, 0x00000007f8a00000, 0x00000007f8c00000|  0%| F|  |TAMS 0x00000007f8a00000| PB 0x00000007f8a00000| Untracked 
|1991|0x00000007f8e00000, 0x00000007f8e00000, 0x00000007f9000000|  0%| F|  |TAMS 0x00000007f8e00000| PB 0x00000007f8e00000| Untracked 
|1992|0x00000007f9000000, 0x00000007f9000000, 0x00000007f9200000|  0%| F|  |TAMS 0x00000007f9000000| PB 0x00000007f9000000| Untracked 
|1993|0x00000007f9200000, 0x00000007f9200000, 0x00000007f9400000|  0%| F|  |TAMS 0x00000007f9200000| PB 0x00000007f9200000| Untracked 
|2019|0x00000007fc600000, 0x00000007fc600000, 0x00000007fc800000|  0%| F|  |TAMS 0x00000007fc600000| PB 0x00000007fc600000| Untracked 
|2020|0x00000007fc800000, 0x00000007fca00000, 0x00000007fca00000|100%| O|  |TAMS 0x00000007fca00000| PB 0x00000007fc800000| Updating 
|2022|0x00000007fcc00000, 0x00000007fcc00000, 0x00000007fce00000|  0%| F|  |TAMS 0x00000007fcc00000| PB 0x00000007fcc00000| Untracked 
|2023|0x00000007fce00000, 0x00000007fce00000, 0x00000007fd000000|  0%| F|  |TAMS 0x00000007fce00000| PB 0x00000007fce00000| Untracked 
|2024|0x00000007fd000000, 0x00000007fd000000, 0x00000007fd200000|  0%| F|  |TAMS 0x00000007fd000000| PB 0x00000007fd000000| Untracked 
|2025|0x00000007fd200000, 0x00000007fd400000, 0x00000007fd400000|100%| O|  |TAMS 0x00000007fd400000| PB 0x00000007fd200000| Updating 
|2026|0x00000007fd400000, 0x00000007fd600000, 0x00000007fd600000|100%| O|  |TAMS 0x00000007fd600000| PB 0x00000007fd400000| Updating 
|2027|0x00000007fd600000, 0x00000007fd600000, 0x00000007fd800000|  0%| F|  |TAMS 0x00000007fd600000| PB 0x00000007fd600000| Untracked 
|2028|0x00000007fd800000, 0x00000007fd800000, 0x00000007fda00000|  0%| F|  |TAMS 0x00000007fd800000| PB 0x00000007fd800000| Untracked 
|2029|0x00000007fda00000, 0x00000007fdc00000, 0x00000007fdc00000|100%| O|  |TAMS 0x00000007fdc00000| PB 0x00000007fda00000| Updating 
|2030|0x00000007fdc00000, 0x00000007fde00000, 0x00000007fde00000|100%| O|  |TAMS 0x00000007fde00000| PB 0x00000007fdc00000| Updating 
|2031|0x00000007fde00000, 0x00000007fde00000, 0x00000007fe000000|  0%| F|  |TAMS 0x00000007fde00000| PB 0x00000007fde00000| Untracked 
|2032|0x00000007fe000000, 0x00000007fe000000, 0x00000007fe200000|  0%| F|  |TAMS 0x00000007fe000000| PB 0x00000007fe000000| Untracked 
|2033|0x00000007fe200000, 0x00000007fe200000, 0x00000007fe400000|  0%| F|  |TAMS 0x00000007fe200000| PB 0x00000007fe200000| Untracked 
|2034|0x00000007fe400000, 0x00000007fe400000, 0x00000007fe600000|  0%| F|  |TAMS 0x00000007fe400000| PB 0x00000007fe400000| Untracked 
|2035|0x00000007fe600000, 0x00000007fe600000, 0x00000007fe800000|  0%| F|  |TAMS 0x00000007fe600000| PB 0x00000007fe600000| Untracked 
|2036|0x00000007fe800000, 0x00000007fe900000, 0x00000007fea00000| 50%| E|  |TAMS 0x00000007fe800000| PB 0x00000007fe800000| Complete 
|2037|0x00000007fea00000, 0x00000007fec00000, 0x00000007fec00000|100%| E|CS|TAMS 0x00000007fea00000| PB 0x00000007fea00000| Complete 
|2038|0x00000007fec00000, 0x00000007fee00000, 0x00000007fee00000|100%| O|  |TAMS 0x00000007fee00000| PB 0x00000007fec00000| Updating 
|2039|0x00000007fee00000, 0x00000007ff000000, 0x00000007ff000000|100%| O|  |TAMS 0x00000007ff000000| PB 0x00000007fee00000| Updating 
|2040|0x00000007ff000000, 0x00000007ff200000, 0x00000007ff200000|100%| O|  |TAMS 0x00000007ff200000| PB 0x00000007ff000000| Updating 
|2041|0x00000007ff200000, 0x00000007ff400000, 0x00000007ff400000|100%| O|  |TAMS 0x00000007ff400000| PB 0x00000007ff200000| Untracked 
|2042|0x00000007ff400000, 0x00000007ff600000, 0x00000007ff600000|100%| O|  |TAMS 0x00000007ff600000| PB 0x00000007ff400000| Updating 
|2043|0x00000007ff600000, 0x00000007ff800000, 0x00000007ff800000|100%| O|  |TAMS 0x00000007ff800000| PB 0x00000007ff600000| Updating 
|2044|0x00000007ff800000, 0x00000007ffa00000, 0x00000007ffa00000|100%| O|  |TAMS 0x00000007ffa00000| PB 0x00000007ff800000| Untracked 
|2045|0x00000007ffa00000, 0x00000007ffc00000, 0x00000007ffc00000|100%| O|  |TAMS 0x00000007ffc00000| PB 0x00000007ffa00000| Untracked 
|2046|0x00000007ffc00000, 0x00000007ffe00000, 0x00000007ffe00000|100%| O|  |TAMS 0x00000007ffe00000| PB 0x00000007ffc00000| Untracked 
|2047|0x00000007ffe00000, 0x0000000800000000, 0x0000000800000000|100%| O|  |TAMS 0x0000000800000000| PB 0x00000007ffe00000| Untracked 

Card table byte_map: [0x000001c872110000,0x000001c872910000] _byte_map_base: 0x000001c86e910000

Marking Bits: (CMBitMap*) 0x000001c86e2c6240
 Bits: [0x000001c872910000, 0x000001c876910000)

Polling page: 0x000001c86c0a0000

Metaspace:

Usage:
  Non-class:    212.26 MB used.
      Class:     31.17 MB used.
       Both:    243.42 MB used.

Virtual space:
  Non-class space:      256.00 MB reserved,     216.50 MB ( 85%) committed,  4 nodes.
      Class space:        1.00 GB reserved,      33.31 MB (  3%) committed,  1 nodes.
             Both:        1.25 GB reserved,     249.81 MB ( 20%) committed. 

Chunk freelists:
   Non-Class:  26.15 MB
       Class:  15.94 MB
        Both:  42.09 MB

MaxMetaspaceSize: unlimited
CompressedClassSpaceSize: 1.00 GB
Initial GC threshold: 21.00 MB
Current GC threshold: 425.75 MB
CDS: off
 - commit_granule_bytes: 65536.
 - commit_granule_words: 8192.
 - virtual_space_node_default_size: 8388608.
 - enlarge_chunks_in_place: 1.
 - use_allocation_guard: 0.


Internal statistics:

num_allocs_failed_limit: 13.
num_arena_births: 5288.
num_arena_deaths: 2496.
num_vsnodes_births: 5.
num_vsnodes_deaths: 0.
num_space_committed: 4152.
num_space_uncommitted: 48.
num_chunks_returned_to_freelist: 3226.
num_chunks_taken_from_freelist: 15804.
num_chunk_merges: 1203.
num_chunk_splits: 11057.
num_chunks_enlarged: 7839.
num_inconsistent_stats: 0.

CodeHeap 'non-profiled nmethods': size=120000Kb used=39032Kb max_used=42001Kb free=80967Kb
 bounds [0x000001c807ad0000, 0x000001c80a3e0000, 0x000001c80f000000]
CodeHeap 'profiled nmethods': size=120000Kb used=45560Kb max_used=50858Kb free=74439Kb
 bounds [0x000001c800000000, 0x000001c8031b0000, 0x000001c807530000]
CodeHeap 'non-nmethods': size=5760Kb used=2963Kb max_used=3057Kb free=2796Kb
 bounds [0x000001c807530000, 0x000001c807840000, 0x000001c807ad0000]
CodeCache: size=245760Kb, used=87555Kb, max_used=95916Kb, free=158202Kb
 total_blobs=27136, nmethods=25934, adapters=1101, full_count=0
Compilation: enabled, stopped_count=0, restarted_count=0

Compilation events (20 events):
Event: 3831.729 Thread 0x000001c879795190 87673       3       java.lang.CompoundEnumeration::next (58 bytes)
Event: 3831.729 Thread 0x000001c879795190 nmethod 87673 0x000001c801b2fd10 code [0x000001c801b2fee0, 0x000001c801b30228]
Event: 3831.730 Thread 0x000001c879795190 87674       2       java.io.PrintWriter::<init> (29 bytes)
Event: 3831.730 Thread 0x000001c879795190 nmethod 87674 0x000001c801879390 code [0x000001c801879540, 0x000001c801879740]
Event: 3831.730 Thread 0x000001c879795190 87675       2       java.io.PrintWriter::<init> (37 bytes)
Event: 3831.730 Thread 0x000001c879795190 nmethod 87675 0x000001c8008b4990 code [0x000001c8008b4bc0, 0x000001c8008b5548]
Event: 3831.732 Thread 0x000001c879795190 87676       1       com.android.ide.common.resources.CompileResourceRequest::getOutputDirectory (5 bytes)
Event: 3831.732 Thread 0x000001c879795190 nmethod 87676 0x000001c808a7d810 code [0x000001c808a7d9a0, 0x000001c808a7da70]
Event: 3831.732 Thread 0x000001c879795190 87677   !   2       com.android.utils.FileUtils::isFileInDirectory (48 bytes)
Event: 3831.733 Thread 0x000001c879795190 nmethod 87677 0x000001c801c43e90 code [0x000001c801c44080, 0x000001c801c442f8]
Event: 3831.734 Thread 0x000001c879795190 87679       2       com.sun.org.apache.xpath.internal.Expression::assertion (28 bytes)
Event: 3831.735 Thread 0x000001c879795190 nmethod 87679 0x000001c801b81e10 code [0x000001c801b81fe0, 0x000001c801b82348]
Event: 3831.735 Thread 0x000001c879795190 87680       2       com.sun.org.apache.xpath.internal.axes.NodeSequence::getVector (21 bytes)
Event: 3831.735 Thread 0x000001c879795190 nmethod 87680 0x000001c8027d6210 code [0x000001c8027d63c0, 0x000001c8027d6518]
Event: 3831.735 Thread 0x000001c879795190 87678       2       com.sun.org.apache.xpath.internal.Expression::exprSetParent (22 bytes)
Event: 3831.735 Thread 0x000001c879795190 nmethod 87678 0x000001c802915610 code [0x000001c8029157c0, 0x000001c802915978]
Event: 3831.735 Thread 0x000001c879795190 87681       1       com.sun.org.apache.xpath.internal.axes.NodeSequence$IteratorCache::getVector (5 bytes)
Event: 3831.735 Thread 0x000001c879795190 nmethod 87681 0x000001c808a7d510 code [0x000001c808a7d6a0, 0x000001c808a7d770]
Event: 3831.741 Thread 0x000001c879795190 87682       2       sun.nio.fs.WindowsPath::checkWrite (17 bytes)
Event: 3831.742 Thread 0x000001c879795190 nmethod 87682 0x000001c803047c90 code [0x000001c803047e20, 0x000001c803047f28]

GC Heap History (20 events):
Event: 3071.937 GC heap before
{Heap before GC invocations=123 (full 0):
 garbage-first heap   total 985088K, used 591872K [0x0000000700000000, 0x0000000800000000)
  region size 2048K, 26 young (53248K), 25 survivors (51200K)
 Metaspace       used 235509K, committed 238208K, reserved 1310720K
  class space    used 30575K, committed 31872K, reserved 1048576K
}
Event: 3071.971 GC heap after
{Heap after GC invocations=124 (full 0):
 garbage-first heap   total 985088K, used 596772K [0x0000000700000000, 0x0000000800000000)
  region size 2048K, 4 young (8192K), 4 survivors (8192K)
 Metaspace       used 235509K, committed 238208K, reserved 1310720K
  class space    used 30575K, committed 31872K, reserved 1048576K
}
Event: 3072.389 GC heap before
{Heap before GC invocations=124 (full 0):
 garbage-first heap   total 985088K, used 803620K [0x0000000700000000, 0x0000000800000000)
  region size 2048K, 106 young (217088K), 4 survivors (8192K)
 Metaspace       used 235525K, committed 238208K, reserved 1310720K
  class space    used 30575K, committed 31872K, reserved 1048576K
}
Event: 3072.411 GC heap after
{Heap after GC invocations=125 (full 0):
 garbage-first heap   total 2269184K, used 628736K [0x0000000700000000, 0x0000000800000000)
  region size 2048K, 14 young (28672K), 14 survivors (28672K)
 Metaspace       used 235525K, committed 238208K, reserved 1310720K
  class space    used 30575K, committed 31872K, reserved 1048576K
}
Event: 3072.610 GC heap before
{Heap before GC invocations=125 (full 0):
 garbage-first heap   total 2269184K, used 733184K [0x0000000700000000, 0x0000000800000000)
  region size 2048K, 67 young (137216K), 14 survivors (28672K)
 Metaspace       used 235526K, committed 238208K, reserved 1310720K
  class space    used 30575K, committed 31872K, reserved 1048576K
}
Event: 3072.623 GC heap after
{Heap after GC invocations=126 (full 0):
 garbage-first heap   total 2269184K, used 641958K [0x0000000700000000, 0x0000000800000000)
  region size 2048K, 21 young (43008K), 21 survivors (43008K)
 Metaspace       used 235526K, committed 238208K, reserved 1310720K
  class space    used 30575K, committed 31872K, reserved 1048576K
}
Event: 3086.393 GC heap before
{Heap before GC invocations=127 (full 0):
 garbage-first heap   total 2056192K, used 1723302K [0x0000000700000000, 0x0000000800000000)
  region size 2048K, 512 young (1048576K), 21 survivors (43008K)
 Metaspace       used 235823K, committed 238464K, reserved 1310720K
  class space    used 30619K, committed 31872K, reserved 1048576K
}
Event: 3086.444 GC heap after
{Heap after GC invocations=128 (full 0):
 garbage-first heap   total 2056192K, used 638157K [0x0000000700000000, 0x0000000800000000)
  region size 2048K, 27 young (55296K), 27 survivors (55296K)
 Metaspace       used 235823K, committed 238464K, reserved 1310720K
  class space    used 30619K, committed 31872K, reserved 1048576K
}
Event: 3100.157 GC heap before
{Heap before GC invocations=128 (full 0):
 garbage-first heap   total 2056192K, used 1615053K [0x0000000700000000, 0x0000000800000000)
  region size 2048K, 503 young (1030144K), 27 survivors (55296K)
 Metaspace       used 257267K, committed 259968K, reserved 1310720K
  class space    used 33070K, committed 34368K, reserved 1048576K
}
Event: 3100.176 GC heap after
{Heap after GC invocations=129 (full 0):
 garbage-first heap   total 2056192K, used 638976K [0x0000000700000000, 0x0000000800000000)
  region size 2048K, 25 young (51200K), 25 survivors (51200K)
 Metaspace       used 257267K, committed 259968K, reserved 1310720K
  class space    used 33070K, committed 34368K, reserved 1048576K
}
Event: 3103.390 GC heap before
{Heap before GC invocations=130 (full 0):
 garbage-first heap   total 2000896K, used 1691648K [0x0000000700000000, 0x0000000800000000)
  region size 2048K, 554 young (1134592K), 25 survivors (51200K)
 Metaspace       used 262652K, committed 265408K, reserved 1310720K
  class space    used 33900K, committed 35200K, reserved 1048576K
}
Event: 3103.420 GC heap after
{Heap after GC invocations=131 (full 0):
 garbage-first heap   total 2000896K, used 605512K [0x0000000700000000, 0x0000000800000000)
  region size 2048K, 29 young (59392K), 29 survivors (59392K)
 Metaspace       used 262652K, committed 265408K, reserved 1310720K
  class space    used 33900K, committed 35200K, reserved 1048576K
}
Event: 3104.257 GC heap before
{Heap before GC invocations=131 (full 0):
 garbage-first heap   total 2000896K, used 1719624K [0x0000000700000000, 0x0000000800000000)
  region size 2048K, 574 young (1175552K), 29 survivors (59392K)
 Metaspace       used 262711K, committed 265472K, reserved 1310720K
  class space    used 33900K, committed 35200K, reserved 1048576K
}
Event: 3104.268 GC heap after
{Heap after GC invocations=132 (full 0):
 garbage-first heap   total 2000896K, used 557266K [0x0000000700000000, 0x0000000800000000)
  region size 2048K, 14 young (28672K), 14 survivors (28672K)
 Metaspace       used 262711K, committed 265472K, reserved 1310720K
  class space    used 33900K, committed 35200K, reserved 1048576K
}
Event: 3822.253 GC heap before
{Heap before GC invocations=132 (full 0):
 garbage-first heap   total 2000896K, used 1521874K [0x0000000700000000, 0x0000000800000000)
  region size 2048K, 389 young (796672K), 14 survivors (28672K)
 Metaspace       used 263402K, committed 266176K, reserved 1310720K
  class space    used 33915K, committed 35200K, reserved 1048576K
}
Event: 3822.649 GC heap after
{Heap after GC invocations=133 (full 0):
 garbage-first heap   total 2000896K, used 587134K [0x0000000700000000, 0x0000000800000000)
  region size 2048K, 30 young (61440K), 30 survivors (61440K)
 Metaspace       used 263402K, committed 266176K, reserved 1310720K
  class space    used 33915K, committed 35200K, reserved 1048576K
}
Event: 3824.693 GC heap before
{Heap before GC invocations=133 (full 0):
 garbage-first heap   total 2000896K, used 630142K [0x0000000700000000, 0x0000000800000000)
  region size 2048K, 52 young (106496K), 30 survivors (61440K)
 Metaspace       used 263404K, committed 266176K, reserved 1310720K
  class space    used 33915K, committed 35200K, reserved 1048576K
}
Event: 3825.325 GC heap after
{Heap after GC invocations=134 (full 0):
 garbage-first heap   total 2000896K, used 603402K [0x0000000700000000, 0x0000000800000000)
  region size 2048K, 7 young (14336K), 7 survivors (14336K)
 Metaspace       used 263404K, committed 266176K, reserved 1310720K
  class space    used 33915K, committed 35200K, reserved 1048576K
}
Event: 3831.157 GC heap before
{Heap before GC invocations=134 (full 0):
 garbage-first heap   total 2000896K, used 697610K [0x0000000700000000, 0x0000000800000000)
  region size 2048K, 48 young (98304K), 7 survivors (14336K)
 Metaspace       used 249247K, committed 255808K, reserved 1310720K
  class space    used 31915K, committed 34112K, reserved 1048576K
}
Event: 3831.213 GC heap after
{Heap after GC invocations=135 (full 0):
 garbage-first heap   total 2000896K, used 630447K [0x0000000700000000, 0x0000000800000000)
  region size 2048K, 6 young (12288K), 6 survivors (12288K)
 Metaspace       used 249247K, committed 255808K, reserved 1310720K
  class space    used 31915K, committed 34112K, reserved 1048576K
}

Dll operation events (3 events):
Event: 0.005 Loaded shared library C:\Program Files\Android\Android Studio\jbr\bin\java.dll
Event: 0.008 Loaded shared library C:\Program Files\Android\Android Studio\jbr\bin\zip.dll
Event: 0.368 Loaded shared library C:\Program Files\Android\Android Studio\jbr\bin\verify.dll

Deoptimization events (20 events):
Event: 3821.963 Thread 0x000001c816468670 DEOPT PACKING pc=0x000001c801dc9e76 sp=0x00000057198fad30
Event: 3821.963 Thread 0x000001c816468670 DEOPT UNPACKING pc=0x000001c807584bc2 sp=0x00000057198fa1f8 mode 0
Event: 3822.027 Thread 0x000001c816468670 DEOPT PACKING pc=0x000001c801dc26f2 sp=0x00000057198fb2c0
Event: 3822.027 Thread 0x000001c816468670 DEOPT UNPACKING pc=0x000001c807584bc2 sp=0x00000057198fa770 mode 0
Event: 3822.179 Thread 0x000001c816468670 DEOPT PACKING pc=0x000001c802b3665d sp=0x00000057198fab90
Event: 3822.179 Thread 0x000001c816468670 DEOPT UNPACKING pc=0x000001c807584bc2 sp=0x00000057198fa0a8 mode 0
Event: 3822.866 Thread 0x000001c816468670 DEOPT PACKING pc=0x000001c8022cfa22 sp=0x00000057198faea0
Event: 3822.866 Thread 0x000001c816468670 DEOPT UNPACKING pc=0x000001c807584bc2 sp=0x00000057198fa360 mode 0
Event: 3824.456 Thread 0x000001c816468670 DEOPT PACKING pc=0x000001c8024ad08f sp=0x00000057198fb590
Event: 3824.456 Thread 0x000001c816468670 DEOPT UNPACKING pc=0x000001c807584bc2 sp=0x00000057198faaa0 mode 0
Event: 3825.343 Thread 0x000001c816468670 DEOPT PACKING pc=0x000001c801dbd64d sp=0x00000057198fb330
Event: 3825.343 Thread 0x000001c816468670 DEOPT UNPACKING pc=0x000001c807584bc2 sp=0x00000057198fa810 mode 0
Event: 3826.235 Thread 0x000001c816468670 Uncommon trap: trap_request=0xffffff45 fr.pc=0x000001c809e26654 relative=0x0000000000000214
Event: 3826.235 Thread 0x000001c816468670 Uncommon trap: reason=unstable_if action=reinterpret pc=0x000001c809e26654 method=com.android.ide.common.resources.configuration.FolderConfiguration.normalizeByAddingImpliedVersionQualifier()V @ 69 c2
Event: 3826.235 Thread 0x000001c816468670 DEOPT PACKING pc=0x000001c809e26654 sp=0x00000057198fb3d0
Event: 3826.235 Thread 0x000001c816468670 DEOPT UNPACKING pc=0x000001c807584422 sp=0x00000057198fb350 mode 2
Event: 3831.101 Thread 0x000001c816468670 DEOPT PACKING pc=0x000001c802495e94 sp=0x00000057198facd0
Event: 3831.101 Thread 0x000001c816468670 DEOPT UNPACKING pc=0x000001c807584bc2 sp=0x00000057198fa1c8 mode 0
Event: 3831.131 Thread 0x000001c816468670 DEOPT PACKING pc=0x000001c802fcaa79 sp=0x00000057198faad0
Event: 3831.132 Thread 0x000001c816468670 DEOPT UNPACKING pc=0x000001c807584bc2 sp=0x00000057198f9f68 mode 0

Classes loaded (20 events):
Event: 1124.048 Loading class java/security/KeyStore$PasswordProtection
Event: 1124.049 Loading class java/security/KeyStore$PasswordProtection done
Event: 1124.049 Loading class sun/security/pkcs/EncryptedPrivateKeyInfo
Event: 1124.049 Loading class sun/security/pkcs/EncryptedPrivateKeyInfo done
Event: 1124.060 Loading class java/security/KeyStore$PrivateKeyEntry
Event: 1124.060 Loading class java/security/KeyStore$Entry
Event: 1124.061 Loading class java/security/KeyStore$Entry done
Event: 1124.061 Loading class java/security/KeyStore$PrivateKeyEntry done
Event: 1124.095 Loading class java/security/cert/CertificateEncodingException
Event: 1124.096 Loading class java/security/cert/CertificateEncodingException done
Event: 1124.320 Loading class java/nio/BufferOverflowException
Event: 1124.320 Loading class java/nio/BufferOverflowException done
Event: 1124.322 Loading class java/security/DigestException
Event: 1124.322 Loading class java/security/DigestException done
Event: 1124.333 Loading class java/util/concurrent/ForkJoinTask$AdaptedInterruptibleRunnable
Event: 1124.334 Loading class java/util/concurrent/ForkJoinTask$AdaptedInterruptibleRunnable done
Event: 1124.380 Loading class sun/security/rsa/RSACore$BlindingParameters
Event: 1124.380 Loading class sun/security/rsa/RSACore$BlindingParameters done
Event: 1124.383 Loading class sun/security/rsa/RSACore$BlindingRandomPair
Event: 1124.383 Loading class sun/security/rsa/RSACore$BlindingRandomPair done

Classes unloaded (20 events):
Event: 3829.657 Thread 0x000001c8795ae770 Unloading class 0x00000008001d0000 'java/lang/invoke/LambdaForm$MH+0x00000008001d0000'
Event: 3829.657 Thread 0x000001c8795ae770 Unloading class 0x00000008001cdc00 'java/lang/invoke/LambdaForm$MH+0x00000008001cdc00'
Event: 3829.657 Thread 0x000001c8795ae770 Unloading class 0x00000008001cd800 'java/lang/invoke/LambdaForm$MH+0x00000008001cd800'
Event: 3829.657 Thread 0x000001c8795ae770 Unloading class 0x00000008001ccc00 'java/lang/invoke/LambdaForm$MH+0x00000008001ccc00'
Event: 3829.657 Thread 0x000001c8795ae770 Unloading class 0x00000008001cc800 'java/lang/invoke/LambdaForm$MH+0x00000008001cc800'
Event: 3829.657 Thread 0x000001c8795ae770 Unloading class 0x00000008001c5000 'java/lang/invoke/LambdaForm$MH+0x00000008001c5000'
Event: 3829.657 Thread 0x000001c8795ae770 Unloading class 0x00000008001c4c00 'java/lang/invoke/LambdaForm$MH+0x00000008001c4c00'
Event: 3829.657 Thread 0x000001c8795ae770 Unloading class 0x00000008001c4800 'java/lang/invoke/LambdaForm$MH+0x00000008001c4800'
Event: 3829.657 Thread 0x000001c8795ae770 Unloading class 0x00000008001c4400 'java/lang/invoke/LambdaForm$MH+0x00000008001c4400'
Event: 3829.657 Thread 0x000001c8795ae770 Unloading class 0x00000008001c4000 'java/lang/invoke/LambdaForm$BMH+0x00000008001c4000'
Event: 3829.657 Thread 0x000001c8795ae770 Unloading class 0x0000000800199000 'java/lang/invoke/LambdaForm$MH+0x0000000800199000'
Event: 3829.657 Thread 0x000001c8795ae770 Unloading class 0x0000000800198c00 'java/lang/invoke/LambdaForm$MH+0x0000000800198c00'
Event: 3829.657 Thread 0x000001c8795ae770 Unloading class 0x0000000800198800 'java/lang/invoke/LambdaForm$MH+0x0000000800198800'
Event: 3829.657 Thread 0x000001c8795ae770 Unloading class 0x000000080013d000 'java/lang/invoke/LambdaForm$MH+0x000000080013d000'
Event: 3829.657 Thread 0x000001c8795ae770 Unloading class 0x000000080013cc00 'java/lang/invoke/LambdaForm$MH+0x000000080013cc00'
Event: 3829.657 Thread 0x000001c8795ae770 Unloading class 0x000000080011a000 'java/lang/invoke/LambdaForm$MH+0x000000080011a000'
Event: 3829.657 Thread 0x000001c8795ae770 Unloading class 0x0000000800118c00 'java/lang/invoke/LambdaForm$MH+0x0000000800118c00'
Event: 3829.657 Thread 0x000001c8795ae770 Unloading class 0x0000000800118800 'java/lang/invoke/LambdaForm$MH+0x0000000800118800'
Event: 3829.657 Thread 0x000001c8795ae770 Unloading class 0x00000008000c1400 'java/lang/invoke/LambdaForm$MH+0x00000008000c1400'
Event: 3829.657 Thread 0x000001c8795ae770 Unloading class 0x00000008000c1000 'java/lang/invoke/LambdaForm$MH+0x00000008000c1000'

Classes redefined (0 events):
No events

Internal exceptions (20 events):
Event: 3831.709 Thread 0x000001c816468670 Exception <a 'sun/nio/fs/WindowsException'{0x00000007735e1720}> (0x00000007735e1720) 
thrown [s\src\hotspot\share\prims\jni.cpp, line 537]
Event: 3831.709 Thread 0x000001c816468670 Exception <a 'sun/nio/fs/WindowsException'{0x00000007735e2b70}> (0x00000007735e2b70) 
thrown [s\src\hotspot\share\prims\jni.cpp, line 537]
Event: 3831.715 Thread 0x000001c816468670 Exception <a 'sun/nio/fs/WindowsException'{0x000000077329caa0}> (0x000000077329caa0) 
thrown [s\src\hotspot\share\prims\jni.cpp, line 537]
Event: 3831.715 Thread 0x000001c816468670 Exception <a 'sun/nio/fs/WindowsException'{0x00000007732a1310}> (0x00000007732a1310) 
thrown [s\src\hotspot\share\prims\jni.cpp, line 537]
Event: 3831.715 Thread 0x000001c816468670 Exception <a 'sun/nio/fs/WindowsException'{0x00000007732a2728}> (0x00000007732a2728) 
thrown [s\src\hotspot\share\prims\jni.cpp, line 537]
Event: 3831.720 Thread 0x000001c816468670 Exception <a 'sun/nio/fs/WindowsException'{0x000000077335a048}> (0x000000077335a048) 
thrown [s\src\hotspot\share\prims\jni.cpp, line 537]
Event: 3831.720 Thread 0x000001c816468670 Exception <a 'sun/nio/fs/WindowsException'{0x000000077335e8f0}> (0x000000077335e8f0) 
thrown [s\src\hotspot\share\prims\jni.cpp, line 537]
Event: 3831.720 Thread 0x000001c816468670 Exception <a 'sun/nio/fs/WindowsException'{0x000000077335fd50}> (0x000000077335fd50) 
thrown [s\src\hotspot\share\prims\jni.cpp, line 537]
Event: 3831.725 Thread 0x000001c816468670 Exception <a 'sun/nio/fs/WindowsException'{0x00000007733df920}> (0x00000007733df920) 
thrown [s\src\hotspot\share\prims\jni.cpp, line 537]
Event: 3831.725 Thread 0x000001c816468670 Exception <a 'sun/nio/fs/WindowsException'{0x00000007733e41e8}> (0x00000007733e41e8) 
thrown [s\src\hotspot\share\prims\jni.cpp, line 537]
Event: 3831.725 Thread 0x000001c816468670 Exception <a 'sun/nio/fs/WindowsException'{0x00000007733e5678}> (0x00000007733e5678) 
thrown [s\src\hotspot\share\prims\jni.cpp, line 537]
Event: 3831.730 Thread 0x000001c816468670 Exception <a 'sun/nio/fs/WindowsException'{0x0000000773094890}> (0x0000000773094890) 
thrown [s\src\hotspot\share\prims\jni.cpp, line 537]
Event: 3831.730 Thread 0x000001c816468670 Exception <a 'sun/nio/fs/WindowsException'{0x00000007730990e8}> (0x00000007730990e8) 
thrown [s\src\hotspot\share\prims\jni.cpp, line 537]
Event: 3831.730 Thread 0x000001c816468670 Exception <a 'sun/nio/fs/WindowsException'{0x000000077309a4f8}> (0x000000077309a4f8) 
thrown [s\src\hotspot\share\prims\jni.cpp, line 537]
Event: 3831.735 Thread 0x000001c816468670 Exception <a 'sun/nio/fs/WindowsException'{0x000000077312f370}> (0x000000077312f370) 
thrown [s\src\hotspot\share\prims\jni.cpp, line 537]
Event: 3831.735 Thread 0x000001c816468670 Exception <a 'sun/nio/fs/WindowsException'{0x0000000773133be0}> (0x0000000773133be0) 
thrown [s\src\hotspot\share\prims\jni.cpp, line 537]
Event: 3831.735 Thread 0x000001c816468670 Exception <a 'sun/nio/fs/WindowsException'{0x0000000773134ff8}> (0x0000000773134ff8) 
thrown [s\src\hotspot\share\prims\jni.cpp, line 537]
Event: 3831.740 Thread 0x000001c816468670 Exception <a 'sun/nio/fs/WindowsException'{0x00000007731e93c8}> (0x00000007731e93c8) 
thrown [s\src\hotspot\share\prims\jni.cpp, line 537]
Event: 3831.740 Thread 0x000001c816468670 Exception <a 'sun/nio/fs/WindowsException'{0x00000007731edc20}> (0x00000007731edc20) 
thrown [s\src\hotspot\share\prims\jni.cpp, line 537]
Event: 3831.740 Thread 0x000001c816468670 Exception <a 'sun/nio/fs/WindowsException'{0x00000007731ef030}> (0x00000007731ef030) 
thrown [s\src\hotspot\share\prims\jni.cpp, line 537]

ZGC Phase Switch (0 events):
No events

VM Operations (20 events):
Event: 3822.042 Executing VM operation: ICBufferFull done
Event: 3822.241 Executing VM operation: G1TryInitiateConcMark (CodeCache GC Threshold)
Event: 3822.650 Executing VM operation: G1TryInitiateConcMark (CodeCache GC Threshold) done
Event: 3823.650 Executing VM operation: Cleanup
Event: 3823.656 Executing VM operation: Cleanup done
Event: 3824.656 Executing VM operation: Cleanup
Event: 3824.658 Executing VM operation: Cleanup done
Event: 3824.689 Executing VM operation: G1CollectForAllocation (G1 Evacuation Pause)
Event: 3825.325 Executing VM operation: G1CollectForAllocation (G1 Evacuation Pause) done
Event: 3826.325 Executing VM operation: Cleanup
Event: 3826.329 Executing VM operation: Cleanup done
Event: 3827.329 Executing VM operation: Cleanup
Event: 3827.333 Executing VM operation: Cleanup done
Event: 3828.333 Executing VM operation: Cleanup
Event: 3828.371 Executing VM operation: Cleanup done
Event: 3829.099 Executing VM operation: G1PauseRemark
Event: 3831.083 Executing VM operation: G1PauseRemark done
Event: 3831.152 Executing VM operation: G1CollectForAllocation (G1 Evacuation Pause)
Event: 3831.213 Executing VM operation: G1CollectForAllocation (G1 Evacuation Pause) done
Event: 3831.742 Executing VM operation: G1CollectForAllocation (G1 Evacuation Pause)

Memory protections (0 events):
No events

Nmethod flushes (20 events):
Event: 3830.896 Thread 0x000001c8795ae770 flushing  nmethod 0x000001c8029c3690
Event: 3830.896 Thread 0x000001c8795ae770 flushing  nmethod 0x000001c802b79b10
Event: 3830.896 Thread 0x000001c8795ae770 flushing  nmethod 0x000001c802b79f90
Event: 3830.896 Thread 0x000001c8795ae770 flushing  nmethod 0x000001c802c10f10
Event: 3830.896 Thread 0x000001c8795ae770 flushing  nmethod 0x000001c802c66e90
Event: 3830.896 Thread 0x000001c8795ae770 flushing  nmethod 0x000001c802c76990
Event: 3830.896 Thread 0x000001c8795ae770 flushing  nmethod 0x000001c802c79190
Event: 3830.896 Thread 0x000001c8795ae770 flushing  nmethod 0x000001c802e8ce10
Event: 3830.896 Thread 0x000001c8795ae770 flushing  nmethod 0x000001c802f0d910
Event: 3830.896 Thread 0x000001c8795ae770 flushing  nmethod 0x000001c802f42590
Event: 3830.896 Thread 0x000001c8795ae770 flushing  nmethod 0x000001c802f42b90
Event: 3830.896 Thread 0x000001c8795ae770 flushing  nmethod 0x000001c802f7bf10
Event: 3830.896 Thread 0x000001c8795ae770 flushing  nmethod 0x000001c802f7cd90
Event: 3830.896 Thread 0x000001c8795ae770 flushing  nmethod 0x000001c803000410
Event: 3830.896 Thread 0x000001c8795ae770 flushing  nmethod 0x000001c803000790
Event: 3830.896 Thread 0x000001c8795ae770 flushing  nmethod 0x000001c803039190
Event: 3830.896 Thread 0x000001c8795ae770 flushing  nmethod 0x000001c80303a090
Event: 3830.896 Thread 0x000001c8795ae770 flushing  nmethod 0x000001c80303b110
Event: 3830.896 Thread 0x000001c8795ae770 flushing  nmethod 0x000001c80303c910
Event: 3830.896 Thread 0x000001c8795ae770 flushing  nmethod 0x000001c803085990

Events (20 events):
Event: 3821.504 Thread 0x000001c816468d00 Thread added: 0x000001c81cef2400
Event: 3821.504 Thread 0x000001c816468d00 Thread added: 0x000001c81cef2a90
Event: 3821.504 Thread 0x000001c816468d00 Thread added: 0x000001c81ceef610
Event: 3821.504 Thread 0x000001c816468d00 Thread added: 0x000001c81cef3120
Event: 3821.504 Thread 0x000001c816468d00 Thread added: 0x000001c81cef37b0
Event: 3821.530 Thread 0x000001c816468d00 Thread added: 0x000001c8224814e0
Event: 3821.531 Thread 0x000001c816468d00 Thread added: 0x000001c8224807c0
Event: 3821.531 Thread 0x000001c816468d00 Thread added: 0x000001c82247e060
Event: 3821.531 Thread 0x000001c816468d00 Thread added: 0x000001c81cef0330
Event: 3821.531 Thread 0x000001c816468d00 Thread added: 0x000001c81cef3e40
Event: 3821.531 Thread 0x000001c816468d00 Thread added: 0x000001c81cef44d0
Event: 3821.532 Thread 0x000001c816468d00 Thread added: 0x000001c81cef4b60
Event: 3821.532 Thread 0x000001c816468d00 Thread added: 0x000001c81cef51f0
Event: 3821.533 Thread 0x000001c816468d00 Thread added: 0x000001c823706000
Event: 3821.534 Thread 0x000001c816468d00 Thread added: 0x000001c823706690
Event: 3821.534 Thread 0x000001c816468d00 Thread added: 0x000001c8237052e0
Event: 3821.554 Thread 0x000001c816468d00 Thread added: 0x000001c823704c50
Event: 3821.808 Thread 0x000001c823a37eb0 Thread exited: 0x000001c823a37eb0
Event: 3821.823 Thread 0x000001c879794ae0 Thread added: 0x000001c823a37110
Event: 3823.325 Thread 0x000001c823a37110 Thread exited: 0x000001c823a37110


Dynamic libraries:
0x00007ff7cbbc0000 - 0x00007ff7cbbca000 	C:\Program Files\Android\Android Studio\jbr\bin\java.exe
0x00007ffce01c0000 - 0x00007ffce0426000 	C:\Windows\SYSTEM32\ntdll.dll
0x00007ffcde580000 - 0x00007ffcde649000 	C:\Windows\System32\KERNEL32.DLL
0x00007ffcdda40000 - 0x00007ffcdde3a000 	C:\Windows\System32\KERNELBASE.dll
0x00007ffcdd770000 - 0x00007ffcdd8bc000 	C:\Windows\System32\ucrtbase.dll
0x00007ffc71b90000 - 0x00007ffc71ba8000 	C:\Program Files\Android\Android Studio\jbr\bin\jli.dll
0x00007ffcc1370000 - 0x00007ffcc138b000 	C:\Program Files\Android\Android Studio\jbr\bin\VCRUNTIME140.dll
0x00007ffcde170000 - 0x00007ffcde337000 	C:\Windows\System32\USER32.dll
0x00007ffcddf00000 - 0x00007ffcddf27000 	C:\Windows\System32\win32u.dll
0x00007ffcc8620000 - 0x00007ffcc88b2000 	C:\Windows\WinSxS\amd64_microsoft.windows.common-controls_6595b64144ccf1df_6.0.26100.8521_none_3e08b75ce33403b3\COMCTL32.dll
0x00007ffcdf3f0000 - 0x00007ffcdf41b000 	C:\Windows\System32\GDI32.dll
0x00007ffcdd500000 - 0x00007ffcdd62b000 	C:\Windows\System32\gdi32full.dll
0x00007ffcde8d0000 - 0x00007ffcde979000 	C:\Windows\System32\msvcrt.dll
0x00007ffcdd450000 - 0x00007ffcdd4f3000 	C:\Windows\System32\msvcp_win.dll
0x00007ffcde540000 - 0x00007ffcde572000 	C:\Windows\System32\IMM32.DLL
0x00007ffccce30000 - 0x00007ffccce3c000 	C:\Program Files\Android\Android Studio\jbr\bin\vcruntime140_1.dll
0x00007ffc19b60000 - 0x00007ffc19bed000 	C:\Program Files\Android\Android Studio\jbr\bin\msvcp140.dll
0x00007ffbfa680000 - 0x00007ffbfb316000 	C:\Program Files\Android\Android Studio\jbr\bin\server\jvm.dll
0x00007ffcde0b0000 - 0x00007ffcde166000 	C:\Windows\System32\ADVAPI32.dll
0x00007ffcde820000 - 0x00007ffcde8ca000 	C:\Windows\System32\sechost.dll
0x00007ffcde360000 - 0x00007ffcde478000 	C:\Windows\System32\RPCRT4.dll
0x00007ffcdeae0000 - 0x00007ffcdeb60000 	C:\Windows\System32\WS2_32.dll
0x00007ffcdd2b0000 - 0x00007ffcdd30e000 	C:\Windows\SYSTEM32\POWRPROF.dll
0x00007ffcc93f0000 - 0x00007ffcc93fb000 	C:\Windows\SYSTEM32\VERSION.dll
0x00007ffcd43b0000 - 0x00007ffcd43e6000 	C:\Windows\SYSTEM32\WINMM.dll
0x00007ffcdd290000 - 0x00007ffcdd2a4000 	C:\Windows\SYSTEM32\UMPDC.dll
0x00007ffcdc1a0000 - 0x00007ffcdc1bb000 	C:\Windows\SYSTEM32\kernel.appcore.dll
0x00007ffcc5430000 - 0x00007ffcc543a000 	C:\Program Files\Android\Android Studio\jbr\bin\jimage.dll
0x00007ffcda990000 - 0x00007ffcdabd2000 	C:\Windows\SYSTEM32\DBGHELP.DLL
0x00007ffcdeec0000 - 0x00007ffcdf243000 	C:\Windows\System32\combase.dll
0x00007ffcddfd0000 - 0x00007ffcde0a9000 	C:\Windows\System32\OLEAUT32.dll
0x00007ffcc8010000 - 0x00007ffcc804b000 	C:\Windows\SYSTEM32\dbgcore.DLL
0x00007ffcdd630000 - 0x00007ffcdd6d8000 	C:\Windows\System32\bcryptPrimitives.dll
0x00007ffcd8010000 - 0x00007ffcd801e000 	C:\Program Files\Android\Android Studio\jbr\bin\instrument.dll
0x00007ffcbcd10000 - 0x00007ffcbcd30000 	C:\Program Files\Android\Android Studio\jbr\bin\java.dll
0x00007ffcb18a0000 - 0x00007ffcb18b8000 	C:\Program Files\Android\Android Studio\jbr\bin\zip.dll
0x00007ffcdf520000 - 0x00007ffcdfca4000 	C:\Windows\System32\SHELL32.dll
0x00007ffcdafc0000 - 0x00007ffcdb840000 	C:\Windows\SYSTEM32\windows.storage.dll
0x00007ffcdf420000 - 0x00007ffcdf516000 	C:\Windows\System32\SHCORE.dll
0x00007ffcdeb70000 - 0x00007ffcdebd7000 	C:\Windows\System32\shlwapi.dll
0x00007ffcdd370000 - 0x00007ffcdd399000 	C:\Windows\SYSTEM32\profapi.dll
0x00007ffcc4f00000 - 0x00007ffcc4f10000 	C:\Program Files\Android\Android Studio\jbr\bin\net.dll
0x00007ffcd6040000 - 0x00007ffcd6169000 	C:\Windows\SYSTEM32\WINHTTP.dll
0x00007ffcdc6f0000 - 0x00007ffcdc75c000 	C:\Windows\system32\mswsock.dll
0x00007ffcaee30000 - 0x00007ffcaee46000 	C:\Program Files\Android\Android Studio\jbr\bin\nio.dll
0x00007ffcaea70000 - 0x00007ffcaea80000 	C:\Program Files\Android\Android Studio\jbr\bin\verify.dll
0x00007ffc19bf0000 - 0x00007ffc19c17000 	C:\Users\Administrator\.gradle\native\1def1411415f61bf3af743bc5b6707747c0891f09f0c88961ee8f79bc544acac\windows-amd64\native-platform.dll
0x00007ffc19ae0000 - 0x00007ffc19b58000 	C:\Users\Administrator\.gradle\native\0.2.7\x86_64-windows-gnu\gradle-fileevents.dll
0x00007ffcb1070000 - 0x00007ffcb1079000 	C:\Program Files\Android\Android Studio\jbr\bin\management.dll
0x00007ffcb0b70000 - 0x00007ffcb0b7b000 	C:\Program Files\Android\Android Studio\jbr\bin\management_ext.dll
0x00007ffcde710000 - 0x00007ffcde718000 	C:\Windows\System32\PSAPI.DLL
0x00007ffcdbb80000 - 0x00007ffcdbbb3000 	C:\Windows\SYSTEM32\IPHLPAPI.DLL
0x00007ffcddfc0000 - 0x00007ffcddfca000 	C:\Windows\System32\NSI.dll
0x00007ffcb16d0000 - 0x00007ffcb16d9000 	C:\Program Files\Android\Android Studio\jbr\bin\extnet.dll
0x00007ffcdcaf0000 - 0x00007ffcdcb0b000 	C:\Windows\SYSTEM32\CRYPTSP.dll
0x00007ffcdc100000 - 0x00007ffcdc139000 	C:\Windows\system32\rsaenh.dll
0x00007ffcdc7a0000 - 0x00007ffcdc7d3000 	C:\Windows\SYSTEM32\USERENV.dll
0x00007ffcdd340000 - 0x00007ffcdd36a000 	C:\Windows\SYSTEM32\bcrypt.dll
0x00007ffcdc950000 - 0x00007ffcdc95c000 	C:\Windows\SYSTEM32\CRYPTBASE.dll
0x00007ffc591e0000 - 0x00007ffc591e8000 	C:\Windows\system32\wshunix.dll
0x00007ffcc43f0000 - 0x00007ffcc4408000 	C:\Windows\system32\napinsp.dll
0x00007ffcdbbc0000 - 0x00007ffcdbd0a000 	C:\Windows\SYSTEM32\DNSAPI.dll
0x00007ffcdc510000 - 0x00007ffcdc51d000 	C:\Windows\SYSTEM32\DSPARSE.dll
0x00007ffcc43d0000 - 0x00007ffcc43e3000 	C:\Windows\System32\winrnr.dll
0x00007ffcc47b0000 - 0x00007ffcc47d2000 	C:\Windows\system32\nlansp_c.dll
0x00007ffcc4790000 - 0x00007ffcc47a6000 	C:\Windows\system32\wshbth.dll
0x00007ffcd3f20000 - 0x00007ffcd3f2b000 	C:\Windows\System32\rasadhlp.dll
0x00007ffcd4260000 - 0x00007ffcd42e6000 	C:\Windows\System32\fwpuclnt.dll
0x00007ffcae4e0000 - 0x00007ffcae4e7000 	C:\Program Files\Android\Android Studio\jbr\bin\rmi.dll
0x00007ffcdc2c0000 - 0x00007ffcdc2f6000 	C:\Windows\SYSTEM32\ntmarta.dll

JVMTI agents:
C:\Users\Administrator\.gradle\wrapper\dists\gradle-8.13-bin\5xuhj0ry160q40clulazy9h7d\gradle-8.13\lib\agents\gradle-instrumentation-agent-8.13.jar path:C:\Program Files\Android\Android Studio\jbr\bin\instrument.dll, loaded, initialized, instrumentlib options:none

dbghelp: loaded successfully - version: 4.0.5 - missing functions: none
symbol engine: initialized successfully - sym options: 0x614 - pdb path: .;C:\Program Files\Android\Android Studio\jbr\bin;C:\Windows\SYSTEM32;C:\Windows\WinSxS\amd64_microsoft.windows.common-controls_6595b64144ccf1df_6.0.26100.8521_none_3e08b75ce33403b3;C:\Program Files\Android\Android Studio\jbr\bin\server;C:\Users\Administrator\.gradle\native\1def1411415f61bf3af743bc5b6707747c0891f09f0c88961ee8f79bc544acac\windows-amd64;C:\Users\Administrator\.gradle\native\0.2.7\x86_64-windows-gnu

VM Arguments:
jvm_args: --add-opens=java.base/java.lang=ALL-UNNAMED --add-opens=java.base/java.lang.invoke=ALL-UNNAMED --add-opens=java.base/java.util=ALL-UNNAMED --add-opens=java.prefs/java.util.prefs=ALL-UNNAMED --add-exports=jdk.compiler/com.sun.tools.javac.api=ALL-UNNAMED --add-exports=jdk.compiler/com.sun.tools.javac.util=ALL-UNNAMED --add-opens=java.base/java.util=ALL-UNNAMED --add-opens=java.prefs/java.util.prefs=ALL-UNNAMED --add-opens=java.base/java.nio.charset=ALL-UNNAMED --add-opens=java.base/java.net=ALL-UNNAMED --add-opens=java.base/java.util.concurrent.atomic=ALL-UNNAMED --add-opens=java.xml/javax.xml.namespace=ALL-UNNAMED -Xmx4096m -Dfile.encoding=UTF-8 -Duser.country=US -Duser.language=en -Duser.variant -javaagent:C:\Users\Administrator\.gradle\wrapper\dists\gradle-8.13-bin\5xuhj0ry160q40clulazy9h7d\gradle-8.13\lib\agents\gradle-instrumentation-agent-8.13.jar 
java_command: org.gradle.launcher.daemon.bootstrap.GradleDaemon 8.13
java_class_path (initial): C:\Users\Administrator\.gradle\wrapper\dists\gradle-8.13-bin\5xuhj0ry160q40clulazy9h7d\gradle-8.13\lib\gradle-daemon-main-8.13.jar
Launcher Type: SUN_STANDARD

[Global flags]
     intx CICompilerCount                          = 4                                         {product} {ergonomic}
     uint ConcGCThreads                            = 3                                         {product} {ergonomic}
     uint G1ConcRefinementThreads                  = 10                                        {product} {ergonomic}
   size_t G1HeapRegionSize                         = 2097152                                   {product} {ergonomic}
    uintx GCDrainStackTargetSize                   = 64                                        {product} {ergonomic}
   size_t InitialHeapSize                          = 264241152                                 {product} {ergonomic}
   size_t MarkStackSize                            = 4194304                                   {product} {ergonomic}
   size_t MaxHeapSize                              = 4294967296                                {product} {command line}
   size_t MaxNewSize                               = 2575302656                                {product} {ergonomic}
   size_t MinHeapDeltaBytes                        = 2097152                                   {product} {ergonomic}
   size_t MinHeapSize                              = 8388608                                   {product} {ergonomic}
    uintx NonNMethodCodeHeapSize                   = 5839372                                {pd product} {ergonomic}
    uintx NonProfiledCodeHeapSize                  = 122909434                              {pd product} {ergonomic}
    uintx ProfiledCodeHeapSize                     = 122909434                              {pd product} {ergonomic}
    uintx ReservedCodeCacheSize                    = 251658240                              {pd product} {ergonomic}
     bool SegmentedCodeCache                       = true                                      {product} {ergonomic}
   size_t SoftMaxHeapSize                          = 4294967296                             {manageable} {ergonomic}
     bool UseCompressedOops                        = true                           {product lp64_product} {ergonomic}
     bool UseG1GC                                  = true                                      {product} {ergonomic}
     bool UseLargePagesIndividualAllocation        = false                                  {pd product} {ergonomic}

Logging:
Log output configuration:
 #0: stdout all=warning uptime,level,tags foldmultilines=false
 #1: stderr all=off uptime,level,tags foldmultilines=false

Release file:
JAVA_VERSION="21.0.9" 
MODULES="java.base java.compiler java.datatransfer java.xml java.prefs java.desktop java.instrument java.logging java.management java.security.sasl java.naming java.rmi java.management.rmi java.net.http java.scripting java.security.jgss java.transaction.xa java.sql java.sql.rowset java.xml.crypto java.se java.smartcardio jdk.accessibility jdk.internal.jvmstat jdk.attach jdk.charsets jdk.internal.opt jdk.zipfs jdk.compiler jdk.crypto.ec jdk.crypto.cryptoki jdk.dynalink jdk.hotspot.agent jdk.httpserver jdk.internal.ed jdk.internal.le jdk.internal.vm.ci jdk.jartool jdk.javadoc jdk.jcmd jdk.jdeps jdk.jdwp.agent jdk.jdi jdk.jfr jdk.jlink jdk.jsobject jdk.localedata jdk.management jdk.management.agent jdk.management.jfr jdk.naming.dns jdk.naming.rmi jdk.net jdk.sctp jdk.security.auth jdk.security.jgss jdk.unsupported jdk.unsupported.desktop jdk.xml.dom" 
IMPLEMENTOR="JetBrains s.r.o." 
JAVA_RUNTIME_VERSION="21.0.9+-14787801-b1163.94" 
LIBC="default" 
OS_ARCH="x86_64" 
OS_NAME="Windows" 
SOURCE=".:git:0c757ddc9f2f" 

Environment Variables:
PATH=C:\Program Files\Eclipse Adoptium\jdk-25.0.3.9-hotspot\bin;C:\Windows\system32;C:\Windows;C:\Windows\System32\Wbem;C:\Windows\System32\WindowsPowerShell\v1.0\;C:\Windows\System32\OpenSSH\;C:\Users\Administrator\AppData\Local\nvm;C:\nvm4w\nodejs;C:\Program Files\GitHub CLI\;C:\Program Files\Git\cmd;C:\Program Files\Docker\Docker\resources\bin;C:\Program Files\nodejs\;C:\composer;C:\Program Files\dotnet\;C:\Program Files\Microsoft SQL Server\170\Tools\Binn\;C:\Program Files\Microsoft SQL Server\Client SDK\ODBC\170\Tools\Binn\;C:\Program Files (x86)\Windows Kits\10\Windows Performance Toolkit\;C:\Users\Administrator\AppData\Local\Programs\Python\Launcher\;C:\Users\Administrator\AppData\Local\Microsoft\WindowsApps;C:\Users\Administrator\AppData\Local\nvm;C:\nvm4w\nodejs;C:\Users\Administrator\AppData\Local\Programs\Microsoft VS Code\bin;C:\Users\Administrator\AppData\Local\Python\bin;C:\Users\Administrator\AppData\Roaming\npm;C:\xampp\php;C:\Users\Administrator\AppData\Local\Programs\Kiro\bin;C:\Program Files\PostgreSQL\14\bin;C:\Users\Administrator\AppData\Roaming\Composer\vendor\bin;C:\Users\Administrator\.dotnet\tools;C:\Users\Administrator\AppData\Local\Programs\cursor\resources\app\bin
USERNAME=Administrator
OS=Windows_NT
PROCESSOR_IDENTIFIER=Intel64 Family 6 Model 151 Stepping 5, GenuineIntel
TMP=C:\Users\Administrator\AppData\Local\Temp
TEMP=C:\Users\Administrator\AppData\Local\Temp




Periodic native trim disabled

JNI global refs:
JNI global refs: 29, weak refs: 62

JNI global refs memory usage: 835, weak refs: 1657

Process memory usage:
Resident Set Size: 775764K (4% of 16510824K total physical memory with 140124K free physical memory)

OOME stack traces (most recent first):
Classloader memory used:
Loader org.gradle.internal.classloader.VisitableURLClassLoader$InstrumentingVisitableURLClassLoader: 72255K
Loader org.gradle.internal.classloader.VisitableURLClassLoader                         : 56882K
Loader java.net.URLClassLoader                                                         : 55499K
Loader bootstrap                                                                       : 37247K
Loader org.gradle.initialization.MixInLegacyTypesClassLoader                           : 14133K
Loader jdk.internal.loader.ClassLoaders$AppClassLoader                                 : 10731K
Loader jdk.internal.loader.ClassLoaders$PlatformClassLoader                            : 1208K
Loader jdk.internal.reflect.DelegatingClassLoader                                      : 867K
Loader org.gradle.groovy.scripts.internal.DefaultScriptCompilationHandler$ScriptClassLoader: 340K
Loader org.gradle.internal.classloader.VisitableURLClassLoader                         : 55872B
Loader org.codehaus.groovy.runtime.callsite.CallSiteClassLoader                        : 44808B
Loader sun.reflect.misc.MethodUtil                                                     : 2984B

Classes loaded by more than one classloader:
Class kotlin.UninitializedPropertyAccessException                                     : loaded 7 times (x 82B)
Class kotlin.LazyKt                                                                   : loaded 7 times (x 71B)
Class kotlin.jvm.internal.Lambda                                                      : loaded 7 times (x 75B)
Class kotlin.jvm.functions.Function1                                                  : loaded 7 times (x 70B)
Class kotlin.jvm.internal.Intrinsics                                                  : loaded 7 times (x 71B)
Class kotlin.NoWhenBranchMatchedException                                             : loaded 7 times (x 82B)
Class kotlin.Lazy                                                                     : loaded 7 times (x 70B)
Class kotlin.Function                                                                 : loaded 7 times (x 70B)
Class kotlin.jvm.functions.Function0                                                  : loaded 7 times (x 70B)
Class kotlin.LazyKt__LazyJVMKt                                                        : loaded 7 times (x 71B)
Class kotlin.jvm.internal.FunctionBase                                                : loaded 7 times (x 70B)
Class kotlin.KotlinNullPointerException                                               : loaded 7 times (x 83B)
Class kotlin.SynchronizedLazyImpl                                                     : loaded 7 times (x 76B)
Class kotlin.LazyKt__LazyKt                                                           : loaded 7 times (x 71B)
Class kotlin.UNINITIALIZED_VALUE                                                      : loaded 7 times (x 71B)
Class com.google.common.base.Equivalence$Identity                                     : loaded 6 times (x 82B)
Class com.google.common.base.PairwiseEquivalence                                      : loaded 6 times (x 83B)
Class kotlin.NotImplementedError                                                      : loaded 6 times (x 82B)
Class kotlin.text.StringsKt__StringsKt                                                : loaded 6 times (x 71B)
Class com.google.common.collect.Sets$ImprovedAbstractSet                              : loaded 6 times (x 135B)
Class com.google.common.collect.ImmutableList$Builder                                 : loaded 6 times (x 77B)
Class kotlin.text.CharsKt__CharJVMKt                                                  : loaded 6 times (x 71B)
Class com.google.common.collect.RegularImmutableMap$KeySet                            : loaded 6 times (x 150B)
Class com.google.common.base.Joiner$1                                                 : loaded 6 times (x 80B)
Class com.google.common.graph.SuccessorsFunction                                      : loaded 6 times (x 70B)
Class kotlin.sequences.SequencesKt__SequenceBuilderKt                                 : loaded 6 times (x 71B)
Class com.google.common.collect.SortedSetMultimap                                     : loaded 6 times (x 70B)
Class com.google.common.base.CharMatcher$1                                            : loaded 6 times (x 113B)
Class com.google.common.base.CharMatcher$Ascii                                        : loaded 6 times (x 112B)
Class com.google.common.base.CharMatcher$BitSetMatcher                                : loaded 6 times (x 112B)
Class com.google.common.collect.AbstractMultimap                                      : loaded 6 times (x 123B)
Class kotlin.text.StringsKt__StringBuilderJVMKt                                       : loaded 6 times (x 71B)
Class com.google.common.collect.RegularImmutableAsList                                : loaded 6 times (x 216B)
Class com.google.common.base.CharMatcher$IsEither                                     : loaded 6 times (x 111B)
Class com.google.common.collect.Sets$SetView                                          : loaded 6 times (x 138B)
Class com.google.common.base.CharMatcher                                              : loaded 6 times (x 111B)
Class com.google.common.collect.AbstractSetMultimap                                   : loaded 6 times (x 174B)
Class com.google.common.base.CharMatcher$NamedFastMatcher                             : loaded 6 times (x 112B)
Class kotlin.collections.ArraysKt                                                     : loaded 6 times (x 71B)
Class com.google.common.base.Joiner$2                                                 : loaded 6 times (x 79B)
Class com.google.common.collect.RegularImmutableMap$Values                            : loaded 6 times (x 207B)
Class com.google.common.base.Ascii                                                    : loaded 6 times (x 71B)
Class kotlin.text.CharsKt__CharKt                                                     : loaded 6 times (x 71B)
Class com.google.common.base.Preconditions                                            : loaded 6 times (x 71B)
Class com.google.common.collect.ImmutableSet                                          : loaded 6 times (x 145B)
Class kotlin.collections.CollectionsKt__ReversedViewsKt                               : loaded 6 times (x 71B)
Class kotlin.Pair                                                                     : loaded 6 times (x 72B)
Class kotlin.collections.AbstractCollection                                           : loaded 6 times (x 117B)
Class com.google.common.collect.AbstractMapEntry                                      : loaded 6 times (x 81B)
Class com.google.common.collect.SingletonImmutableBiMap                               : loaded 6 times (x 143B)
Class kotlin.collections.AbstractList                                                 : loaded 6 times (x 197B)
Class com.google.common.collect.Maps$8                                                : loaded 6 times (x 82B)
Class com.google.common.collect.Iterators                                             : loaded 6 times (x 71B)
Class com.google.common.collect.Iterables                                             : loaded 6 times (x 71B)
Class kotlin.text.CharsKt                                                             : loaded 6 times (x 71B)
Class kotlin.sequences.SequencesKt__SequencesJVMKt                                    : loaded 6 times (x 71B)
Class kotlin.sequences.SequencesKt__SequencesKt                                       : loaded 6 times (x 71B)
Class kotlin.text.StringsKt__RegexExtensionsKt                                        : loaded 6 times (x 71B)
Class com.google.common.collect.Hashing                                               : loaded 6 times (x 71B)
Class kotlin.collections.EmptyIterator                                                : loaded 6 times (x 89B)
Class com.google.common.base.Equivalence$Equals                                       : loaded 6 times (x 82B)
Class com.google.common.collect.Lists$StringAsImmutableList                           : loaded 6 times (x 207B)
Class com.google.common.collect.CollectSpliterators                                   : loaded 6 times (x 71B)
Class kotlin.collections.ArraysKt__ArraysJVMKt                                        : loaded 6 times (x 71B)
Class com.google.common.collect.UnmodifiableIterator                                  : loaded 6 times (x 80B)
Class com.google.common.collect.Platform                                              : loaded 6 times (x 71B)
Class kotlin.ranges.RangesKt___RangesKt                                               : loaded 6 times (x 71B)
Class com.google.common.collect.RegularImmutableBiMap                                 : loaded 6 times (x 148B)
Class com.google.common.collect.Sets$3$1                                              : loaded 6 times (x 82B)
Class kotlin.collections.CollectionsKt___CollectionsJvmKt                             : loaded 6 times (x 71B)
Class com.google.common.base.CharMatcher$And                                          : loaded 6 times (x 112B)
Class com.google.common.collect.ImmutableMultimap$2                                   : loaded 6 times (x 81B)
Class com.google.common.collect.ImmutableEnumSet                                      : loaded 6 times (x 146B)
Class kotlin.Unit                                                                     : loaded 6 times (x 71B)
Class com.google.common.collect.RegularImmutableSet                                   : loaded 6 times (x 148B)
Class kotlin.sequences.SequencesKt___SequencesJvmKt                                   : loaded 6 times (x 71B)
Class kotlin.collections.EmptyList                                                    : loaded 6 times (x 174B)
Class kotlin.collections.MapsKt__MapsJVMKt                                            : loaded 6 times (x 71B)
Class com.google.common.base.CharMatcher$Negated                                      : loaded 6 times (x 113B)
Class kotlin.collections.CollectionsKt__IteratorsJVMKt                                : loaded 6 times (x 71B)
Class com.google.common.base.CharMatcher$Is                                           : loaded 6 times (x 111B)
Class com.google.common.collect.ImmutableList$1                                       : loaded 6 times (x 97B)
Class kotlin.text.StringsKt__StringBuilderKt                                          : loaded 6 times (x 71B)
Class com.google.common.collect.Iterators$MergingIterator                             : loaded 6 times (x 81B)
Class com.google.common.collect.BaseImmutableMultimap                                 : loaded 6 times (x 123B)
Class com.google.common.collect.IndexedImmutableSet                                   : loaded 6 times (x 150B)
Class [Lcom.google.common.collect.ImmutableEntry;                                     : loaded 6 times (x 69B)
Class com.google.common.base.CharMatcher$Or                                           : loaded 6 times (x 112B)
Class com.google.common.base.Joiner                                                   : loaded 6 times (x 79B)
Class kotlin.comparisons.ComparisonsKt___ComparisonsJvmKt                             : loaded 6 times (x 71B)
Class com.google.common.collect.ImmutableMap$1                                        : loaded 6 times (x 81B)
Class com.google.common.collect.ImmutableMultisetGwtSerializationDependencies         : loaded 6 times (x 125B)
Class com.google.common.collect.BiMap                                                 : loaded 6 times (x 70B)
Class com.google.common.collect.EmptyImmutableListMultimap                            : loaded 6 times (x 176B)
Class com.google.common.collect.ImmutableSetMultimap                                  : loaded 6 times (x 180B)
Class kotlin.ranges.OpenEndRange                                                      : loaded 6 times (x 70B)
Class com.google.common.collect.Multimaps                                             : loaded 6 times (x 71B)
Class kotlin.comparisons.ComparisonsKt__ComparisonsKt                                 : loaded 6 times (x 71B)
Class kotlin.collections.SetsKt__SetsKt                                               : loaded 6 times (x 71B)
Class com.google.common.collect.ImmutableCollection$Builder                           : loaded 6 times (x 76B)
Class kotlin.TuplesKt                                                                 : loaded 6 times (x 71B)
Class com.google.common.collect.Iterators$ArrayItr                                    : loaded 6 times (x 97B)
Class com.google.common.collect.AbstractIterator                                      : loaded 6 times (x 82B)
Class kotlin.enums.EnumEntriesList                                                    : loaded 6 times (x 223B)
Class com.google.common.collect.ImmutableMultimap$1                                   : loaded 6 times (x 82B)
Class com.google.common.collect.Multiset                                              : loaded 6 times (x 70B)
Class com.google.common.collect.ArrayListMultimapGwtSerializationDependencies         : loaded 6 times (x 172B)
Class kotlin.collections.CollectionsKt                                                : loaded 6 times (x 71B)
Class com.google.common.collect.RegularImmutableMap                                   : loaded 6 times (x 121B)
Class com.google.common.collect.ImmutableMap$MapViewOfValuesAsSingletonSets           : loaded 6 times (x 125B)
Class com.google.common.base.Supplier                                                 : loaded 6 times (x 70B)
Class kotlin.ranges.RangesKt                                                          : loaded 6 times (x 71B)
Class com.google.common.collect.ImmutableListMultimap                                 : loaded 6 times (x 176B)
Class com.google.common.collect.ObjectArrays                                          : loaded 6 times (x 71B)
Class kotlin.ranges.IntProgression$Companion                                          : loaded 6 times (x 71B)
Class com.google.common.collect.AbstractIndexedListIterator                           : loaded 6 times (x 96B)
Class com.google.common.collect.RegularImmutableList                                  : loaded 6 times (x 212B)
Class com.google.common.collect.IndexedImmutableSet$1                                 : loaded 6 times (x 212B)
Class com.google.common.collect.Maps$IteratorBasedAbstractMap$1                       : loaded 6 times (x 138B)
Class com.google.common.base.Function                                                 : loaded 6 times (x 70B)
Class kotlin.enums.EnumEntries                                                        : loaded 6 times (x 70B)
Class com.google.common.base.Equivalence                                              : loaded 6 times (x 82B)
Class com.google.common.math.MathPreconditions                                        : loaded 6 times (x 71B)
Class com.google.common.collect.ImmutableList$SubList                                 : loaded 6 times (x 208B)
Class com.google.common.collect.ImmutableMapEntry$NonTerminalImmutableMapEntry        : loaded 6 times (x 85B)
Class com.google.common.collect.ImmutableMultimap                                     : loaded 6 times (x 147B)
Class kotlin.collections.ArraysKt__ArraysKt                                           : loaded 6 times (x 71B)
Class com.google.common.collect.ImmutableMapEntrySet                                  : loaded 6 times (x 151B)
Class kotlin.collections.ArraysUtilJVM                                                : loaded 6 times (x 71B)
Class kotlin.collections.SetsKt__SetsJVMKt                                            : loaded 6 times (x 71B)
Class com.google.common.collect.PeekingIterator                                       : loaded 6 times (x 70B)
Class kotlin._Assertions                                                              : loaded 6 times (x 71B)
Class com.google.common.collect.Maps$IteratorBasedAbstractMap                         : loaded 6 times (x 125B)
Class kotlin.ranges.IntRange                                                          : loaded 6 times (x 93B)
Class kotlin.collections.CollectionsKt__IterablesKt                                   : loaded 6 times (x 71B)
Class com.google.common.collect.UnmodifiableListIterator                              : loaded 6 times (x 95B)
Class kotlin.collections.MapsKt                                                       : loaded 6 times (x 71B)
Class com.google.common.base.Suppliers$NonSerializableMemoizingSupplier               : loaded 6 times (x 79B)
Class com.google.common.collect.ImmutableMapEntry                                     : loaded 6 times (x 85B)
Class com.google.common.collect.RegularImmutableMap$BucketOverflowException           : loaded 6 times (x 82B)
Class kotlin.internal.ProgressionUtilKt                                               : loaded 6 times (x 71B)
Class com.google.common.collect.Maps$BiMapConverter                                   : loaded 6 times (x 90B)
Class com.google.common.base.CharMatcher$FastMatcher                                  : loaded 6 times (x 111B)
Class com.google.common.collect.ImmutableMapEntrySet$RegularEntrySet                  : loaded 6 times (x 151B)
Class kotlin.collections.SetsKt___SetsKt                                              : loaded 6 times (x 71B)
Class com.google.common.collect.Sets                                                  : loaded 6 times (x 71B)
Class com.google.common.math.IntMath$1                                                : loaded 6 times (x 71B)
Class kotlin.ranges.RangesKt__RangesKt                                                : loaded 6 times (x 71B)
Class kotlin.collections.CollectionsKt__CollectionsKt                                 : loaded 6 times (x 71B)
Class com.google.common.math.IntMath                                                  : loaded 6 times (x 71B)
Class kotlin.collections.ArraysKt___ArraysJvmKt                                       : loaded 6 times (x 71B)
Class com.google.common.collect.RegularImmutableSortedSet                             : loaded 6 times (x 299B)
Class kotlin.text.StringsKt__RegexExtensionsJVMKt                                     : loaded 6 times (x 71B)
Class com.google.common.collect.MapDifference                                         : loaded 6 times (x 70B)
Class kotlin.ranges.IntRange$Companion                                                : loaded 6 times (x 71B)
Class com.google.common.base.Suppliers                                                : loaded 6 times (x 71B)
Class kotlin.comparisons.ComparisonsKt___ComparisonsKt                                : loaded 6 times (x 71B)
Class kotlin.collections.EmptyMap                                                     : loaded 6 times (x 109B)
Class com.google.common.base.NullnessCasts                                            : loaded 6 times (x 71B)
Class com.google.common.collect.ImmutableMap$Builder                                  : loaded 6 times (x 82B)
Class com.google.common.collect.TransformedIterator                                   : loaded 6 times (x 80B)
Class com.google.common.collect.ImmutableSet$RegularSetBuilderImpl                    : loaded 6 times (x 77B)
Class com.google.common.base.CharMatcher$IsNot                                        : loaded 6 times (x 111B)
Class com.google.common.base.CharMatcher$InRange                                      : loaded 6 times (x 111B)
Class com.google.common.collect.ImmutableSet$SetBuilderImpl                           : loaded 6 times (x 76B)
Class com.google.common.collect.SetMultimap                                           : loaded 6 times (x 70B)
Class com.google.common.collect.ImmutableMultimap$Keys                                : loaded 6 times (x 166B)
Class com.google.common.collect.Multimap                                              : loaded 6 times (x 70B)
Class com.google.common.collect.ImmutableMap                                          : loaded 6 times (x 120B)
Class kotlin.ranges.ClosedRange                                                       : loaded 6 times (x 70B)
Class com.google.common.collect.ImmutableSet$Builder                                  : loaded 6 times (x 85B)
Class com.google.common.collect.ImmutableSortedSet                                    : loaded 6 times (x 299B)
Class com.google.common.base.CharMatcher$JavaLetter                                   : loaded 6 times (x 111B)
Class kotlin.sequences.SequencesKt___SequencesKt                                      : loaded 6 times (x 71B)
Class kotlin.text.StringsKt__StringsJVMKt                                             : loaded 6 times (x 71B)
Class com.google.common.base.Predicate                                                : loaded 6 times (x 70B)
Class com.google.common.collect.ImmutableMapKeySet                                    : loaded 6 times (x 150B)
Class com.google.common.base.CharMatcher$None                                         : loaded 6 times (x 112B)
Class kotlin.collections.SetsKt                                                       : loaded 6 times (x 71B)
Class com.google.common.collect.ImmutableMultimap$EntryCollection                     : loaded 6 times (x 127B)
Class com.google.common.collect.SingletonImmutableList                                : loaded 6 times (x 207B)
Class kotlin.text.StringsKt__StringNumberConversionsKt                                : loaded 6 times (x 71B)
Class kotlin.text.StringsKt__IndentKt                                                 : loaded 6 times (x 71B)
Class com.google.common.collect.Maps$EntryTransformer                                 : loaded 6 times (x 70B)
Class kotlin.collections.CollectionsKt__MutableCollectionsJVMKt                       : loaded 6 times (x 71B)
Class kotlin.collections.AbstractList$Companion                                       : loaded 6 times (x 71B)
Class kotlin.text.StringsKt___StringsKt                                               : loaded 6 times (x 71B)
Class com.google.common.base.CharMatcher$NegatedFastMatcher                           : loaded 6 times (x 113B)
Class com.google.common.collect.Sets$4                                                : loaded 6 times (x 139B)
Class com.google.common.collect.Maps$EntrySet                                         : loaded 6 times (x 136B)
Class kotlin.enums.EnumEntriesKt                                                      : loaded 6 times (x 71B)
Class kotlin.collections.MapsKt___MapsJvmKt                                           : loaded 6 times (x 71B)
Class com.google.common.collect.ImmutableList$ReverseImmutableList                    : loaded 6 times (x 208B)
Class com.google.common.base.CharMatcher$Whitespace                                   : loaded 6 times (x 112B)
Class kotlin.collections.MapsKt__MapsKt                                               : loaded 6 times (x 71B)
Class kotlin.ranges.IntProgression                                                    : loaded 6 times (x 81B)
Class com.google.common.collect.Maps                                                  : loaded 6 times (x 71B)
Class com.google.common.collect.ImmutableMultiset                                     : loaded 6 times (x 163B)
Class kotlin.collections.MapsKt__MapWithDefaultKt                                     : loaded 6 times (x 71B)
Class com.google.common.collect.Sets$3                                                : loaded 6 times (x 139B)
Class com.google.common.collect.Iterators$1                                           : loaded 6 times (x 81B)
Class kotlin.Metadata                                                                 : loaded 6 times (x 70B)
Class com.google.common.collect.ArrayListMultimap                                     : loaded 6 times (x 172B)
Class com.google.common.collect.ImmutableMap$IteratorBasedImmutableMap                : loaded 6 times (x 125B)
Class kotlin.text.StringsKt                                                           : loaded 6 times (x 71B)
Class com.google.common.collect.ImmutableAsList                                       : loaded 6 times (x 209B)
Class [Lcom.google.common.collect.ImmutableMapEntry;                                  : loaded 6 times (x 69B)
Class com.google.common.collect.Iterators$9                                           : loaded 6 times (x 81B)
Class com.google.common.collect.SingletonImmutableSet                                 : loaded 6 times (x 146B)
Class kotlin.comparisons.ComparisonsKt                                                : loaded 6 times (x 71B)
Class kotlin.jvm.internal.markers.KMappedMarker                                       : loaded 6 times (x 70B)
Class kotlin.text.StringsKt__StringNumberConversionsJVMKt                             : loaded 6 times (x 71B)
Class com.google.common.base.FunctionalEquivalence                                    : loaded 6 times (x 83B)
Class kotlin.sequences.Sequence                                                       : loaded 6 times (x 70B)
Class com.google.common.collect.AbstractMapBasedMultimap                              : loaded 6 times (x 139B)
Class kotlin.collections.MapsKt___MapsKt                                              : loaded 6 times (x 71B)
Class kotlin.collections.ArraysKt___ArraysKt                                          : loaded 6 times (x 71B)
Class kotlin.collections.CollectionsKt__MutableCollectionsKt                          : loaded 6 times (x 71B)
Class com.google.common.collect.SortedMapDifference                                   : loaded 6 times (x 70B)
Class com.google.common.collect.ImmutableList                                         : loaded 6 times (x 206B)
Class com.google.common.collect.SortedIterable                                        : loaded 6 times (x 70B)
Class kotlin.annotation.Target                                                        : loaded 6 times (x 70B)
Class [Lcom.google.common.collect.AbstractMapEntry;                                   : loaded 6 times (x 69B)
Class com.google.common.collect.ImmutableEntry                                        : loaded 6 times (x 82B)
Class com.google.common.collect.CollectSpliterators$1WithCharacteristics              : loaded 6 times (x 90B)
Class com.google.common.collect.ImmutableSet$EmptySetBuilderImpl                      : loaded 6 times (x 76B)
Class com.google.common.collect.AbstractListMultimap                                  : loaded 6 times (x 172B)
Class kotlin.collections.CollectionsKt__IteratorsKt                                   : loaded 6 times (x 71B)
Class com.google.common.collect.ImmutableSet$CachingAsList                            : loaded 6 times (x 147B)
Class com.google.common.collect.ImmutableBiMap                                        : loaded 6 times (x 143B)
Class com.google.common.base.Converter                                                : loaded 6 times (x 90B)
Class com.google.common.collect.Sets$2                                                : loaded 6 times (x 139B)
Class com.google.common.collect.ImmutableEnumMap                                      : loaded 6 times (x 125B)
Class com.google.common.collect.ListMultimap                                          : loaded 6 times (x 70B)
Class com.google.common.collect.Iterators$4                                           : loaded 6 times (x 82B)
Class kotlin.text.StringsKt___StringsJvmKt                                            : loaded 6 times (x 71B)
Class com.google.common.base.Suppliers$MemoizingSupplier                              : loaded 6 times (x 79B)
Class com.google.common.collect.Iterators$5                                           : loaded 6 times (x 82B)
Class kotlin.text.StringsKt__AppendableKt                                             : loaded 6 times (x 71B)
Class com.google.common.collect.ImmutableSet$JdkBackedSetBuilderImpl                  : loaded 6 times (x 76B)
Class com.google.common.collect.CollectPreconditions                                  : loaded 6 times (x 71B)
Class kotlin.annotation.Retention                                                     : loaded 6 times (x 70B)
Class kotlin.sequences.SequencesKt                                                    : loaded 6 times (x 71B)
Class com.google.common.collect.Lists                                                 : loaded 6 times (x 71B)
Class kotlin.collections.EmptySet                                                     : loaded 6 times (x 122B)
Class kotlin.collections.CollectionsKt___CollectionsKt                                : loaded 6 times (x 71B)
Class com.google.common.collect.Sets$1                                                : loaded 6 times (x 139B)
Class kotlin.collections.CollectionsKt__CollectionsJVMKt                              : loaded 6 times (x 71B)
Class com.google.common.collect.ImmutableCollection                                   : loaded 6 times (x 125B)
Class com.google.common.collect.ImmutableMultimap$Builder                             : loaded 6 times (x 83B)
Class com.google.common.base.CharMatcher$AnyOf                                        : loaded 6 times (x 112B)
Class com.google.common.base.CharMatcher$ForPredicate                                 : loaded 6 times (x 112B)
Class com.google.common.collect.ImmutableMultimap$Values                              : loaded 6 times (x 126B)
Class com.google.common.collect.Iterators$6                                           : loaded 6 times (x 81B)
Class com.google.common.collect.ComparatorOrdering                                    : loaded 5 times (x 115B)
Class kotlin.reflect.jvm.internal.KDeclarationContainerImpl                           : loaded 5 times (x 84B)
Class kotlin.jvm.functions.Function5                                                  : loaded 5 times (x 70B)
Class com.google.common.collect.Multimaps$CustomListMultimap                          : loaded 5 times (x 174B)
Class com.squareup.javapoet.JavaFile$1                                                : loaded 5 times (x 79B)
Class com.google.common.base.CharMatcher$JavaIsoControl                               : loaded 5 times (x 112B)
Class com.google.common.collect.ImmutableSortedAsList                                 : loaded 5 times (x 220B)
Class dagger.internal.codegen.ComponentProcessor                                      : loaded 5 times (x 98B)
Class kotlin.coroutines.intrinsics.IntrinsicsKt__IntrinsicsKt                         : loaded 5 times (x 71B)
Class com.google.common.collect.MultimapBuilder$ArrayListSupplier                     : loaded 5 times (x 77B)
Class com.google.common.collect.LinkedHashMultimap$ValueSetLink                       : loaded 5 times (x 70B)
Class kotlin.reflect.jvm.internal.KCallableImpl                                       : loaded 5 times (x 105B)
Class kotlin.reflect.KProperty$Accessor                                               : loaded 5 times (x 70B)
Class [Lkotlin.reflect.KCallable;                                                     : loaded 5 times (x 69B)
Class com.google.common.base.CharMatcher$Any                                          : loaded 5 times (x 112B)
Class kotlin.reflect.KDeclarationContainer                                            : loaded 5 times (x 70B)
Class dagger.hilt.processor.internal.aliasof.AliasOfProcessingStep                    : loaded 5 times (x 87B)
Class dagger.hilt.android.processor.internal.androidentrypoint.AndroidEntryPointProcessor: loaded 5 times (x 100B)
Class dagger.spi.shaded.androidx.room.compiler.processing.javac.JavacBasicAnnotationProcessor$commonDelegate$2: loaded 5 times (x 79B)
Class kotlin.reflect.jvm.internal.impl.name.SpecialNames                              : loaded 5 times (x 71B)
Class com.google.common.collect.ImmutableSetMultimap$EntrySet                         : loaded 5 times (x 146B)
Class kotlin.reflect.jvm.internal.impl.name.FqNameUnsafe$1                            : loaded 5 times (x 74B)
Class dagger.hilt.processor.internal.originatingelement.OriginatingElementProcessor   : loaded 5 times (x 100B)
Class com.google.common.base.CharMatcher$JavaLowerCase                                : loaded 5 times (x 111B)
Class kotlin.jvm.functions.Function6                                                  : loaded 5 times (x 70B)
Class kotlin.sequences.SequenceScope                                                  : loaded 5 times (x 73B)
Class com.google.common.collect.LinkedHashMultimapGwtSerializationDependencies        : loaded 5 times (x 174B)
Class com.google.common.collect.NaturalOrdering                                       : loaded 5 times (x 115B)
Class dagger.spi.shaded.androidx.room.compiler.processing.XBasicAnnotationProcessor   : loaded 5 times (x 70B)
Class kotlin.reflect.jvm.internal.KClassImpl$Data                                     : loaded 5 times (x 72B)
Class kotlin.reflect.jvm.internal.ReflectProperties                                   : loaded 5 times (x 71B)
Class com.google.common.base.CaseFormat$1                                             : loaded 5 times (x 83B)
Class kotlin.reflect.jvm.internal.impl.builtins.jvm.JavaToKotlinClassMap$PlatformMutabilityMapping: loaded 5 times (x 72B)
Class kotlin.SafePublicationLazyImpl                                                  : loaded 5 times (x 76B)
Class kotlin.collections.IndexedValue                                                 : loaded 5 times (x 72B)
Class com.squareup.javapoet.TypeName                                                  : loaded 5 times (x 81B)
Class kotlin.reflect.jvm.internal.impl.builtins.PrimitiveType$Companion               : loaded 5 times (x 71B)
Class com.google.common.collect.ImmutableMapValues                                    : loaded 5 times (x 126B)
Class com.squareup.javapoet.FieldSpec$Builder                                         : loaded 5 times (x 72B)
Class kotlin.reflect.jvm.internal.KTypeParameterOwnerImpl                             : loaded 5 times (x 70B)
Class dagger.hilt.processor.internal.aggregateddeps.AggregatedDepsProcessingStep      : loaded 5 times (x 87B)
Class com.squareup.kotlinpoet.ClassName                                               : loaded 5 times (x 89B)
Class kotlin.reflect.KProperty$Getter                                                 : loaded 5 times (x 70B)
Class dagger.spi.shaded.androidx.room.compiler.processing.javac.JavacBasicAnnotationProcessor$xEnv$2: loaded 5 times (x 79B)
Class com.squareup.javapoet.ParameterSpec                                             : loaded 5 times (x 72B)
Class dagger.hilt.android.processor.internal.customtestapplication.CustomTestApplicationProcessor: loaded 5 times (x 100B)
Class com.google.common.collect.MultimapBuilder                                       : loaded 5 times (x 73B)
Class [Ldagger.hilt.processor.internal.optionvalues.GradleProjectType;                : loaded 5 times (x 69B)
Class androidx.room.RoomProcessor$1                                                   : loaded 5 times (x 78B)
Class dagger.hilt.processor.internal.generatesrootinput.GeneratesRootInputProcessingStep: loaded 5 times (x 87B)
Class com.google.common.collect.MultimapBuilder$4                                     : loaded 5 times (x 84B)
Class com.bumptech.glide.annotation.compiler.GlideAnnotationProcessor                 : loaded 5 times (x 87B)
Class com.squareup.javapoet.LineWrapper$RecordingAppendable                           : loaded 5 times (x 77B)
Class com.squareup.kotlinpoet.TypeName                                                : loaded 5 times (x 86B)
Class kotlin.reflect.jvm.internal.KProperty1Impl                                      : loaded 5 times (x 128B)
Class androidx.room.compiler.processing.javac.JavacBasicAnnotationProcessor           : loaded 5 times (x 98B)
Class [Lkotlin.reflect.KProperty;                                                     : loaded 5 times (x 69B)
Class kotlin.jvm.functions.Function4                                                  : loaded 5 times (x 70B)
Class kotlin.comparisons.NaturalOrderComparator                                       : loaded 5 times (x 88B)
Class dagger.spi.shaded.androidx.room.compiler.processing.javac.JavacBasicAnnotationProcessor$steps$2: loaded 5 times (x 79B)
Class com.google.common.base.CharMatcher$Digit                                        : loaded 5 times (x 112B)
Class com.squareup.kotlinpoet.TypeName$Companion                                      : loaded 5 times (x 71B)
Class kotlin.jvm.functions.Function7                                                  : loaded 5 times (x 70B)
Class com.google.common.base.CaseFormat$2                                             : loaded 5 times (x 83B)
Class kotlin.jvm.functions.Function20                                                 : loaded 5 times (x 70B)
Class com.squareup.javapoet.LineWrapper$1                                             : loaded 5 times (x 71B)
Class kotlin.coroutines.jvm.internal.RestrictedContinuationImpl                       : loaded 5 times (x 87B)
Class [Lcom.google.common.base.CaseFormat;                                            : loaded 5 times (x 69B)
Class kotlin.reflect.jvm.internal.impl.name.Name                                      : loaded 5 times (x 75B)
Class kotlin.reflect.jvm.internal.KPropertyImpl$Companion                             : loaded 5 times (x 71B)
Class com.google.common.base.CaseFormat$StringConverter                               : loaded 5 times (x 90B)
Class dagger.hilt.processor.internal.earlyentrypoint.EarlyEntryPointProcessor         : loaded 5 times (x 100B)
Class com.google.common.collect.NullsLastOrdering                                     : loaded 5 times (x 115B)
Class com.google.common.collect.Maps$12                                               : loaded 5 times (x 82B)
Class dagger.hilt.processor.internal.root.ComponentTreeDepsProcessingStep             : loaded 5 times (x 87B)
Class com.google.common.collect.Ordering                                              : loaded 5 times (x 114B)
Class [Lkotlin.reflect.KDeclarationContainer;                                         : loaded 5 times (x 69B)
Class dagger.internal.codegen.DelegateComponentProcessor                              : loaded 5 times (x 72B)
Class com.squareup.javapoet.ParameterSpec$Builder                                     : loaded 5 times (x 72B)
Class com.google.common.collect.Sets$1$1                                              : loaded 5 times (x 82B)
Class kotlin.jvm.functions.Function8                                                  : loaded 5 times (x 70B)
Class kotlin.collections.builders.MapBuilder$Companion                                : loaded 5 times (x 71B)
Class com.google.common.collect.MultimapBuilder$3                                     : loaded 5 times (x 84B)
Class [Lkotlin.annotation.AnnotationRetention;                                        : loaded 5 times (x 69B)
Class dagger.hilt.android.processor.internal.viewmodel.ViewModelProcessor             : loaded 5 times (x 100B)
Class dagger.hilt.processor.internal.root.RootProcessingStep                          : loaded 5 times (x 87B)
Class kotlin.coroutines.jvm.internal.SuspendFunction                                  : loaded 5 times (x 70B)
Class kotlin.reflect.KFunction                                                        : loaded 5 times (x 70B)
Class [Lcom.google.common.collect.LinkedHashMultimap$ValueEntry;                      : loaded 5 times (x 69B)
Class [Lkotlin.reflect.jvm.internal.impl.name.FqName;                                 : loaded 5 times (x 69B)
Class kotlin.reflect.jvm.internal.impl.name.FqNameUnsafe                              : loaded 5 times (x 72B)
Class com.google.common.base.Equivalence$Wrapper                                      : loaded 5 times (x 72B)
Class com.google.common.base.CaseFormat$3                                             : loaded 5 times (x 83B)
Class kotlin.reflect.jvm.internal.KDeclarationContainerImpl$Data                      : loaded 5 times (x 72B)
Class kotlin.jvm.functions.Function21                                                 : loaded 5 times (x 70B)
Class kotlin.jvm.functions.Function3                                                  : loaded 5 times (x 70B)
Class kotlin.collections.ArrayDeque                                                   : loaded 5 times (x 207B)
Class com.squareup.javapoet.Util                                                      : loaded 5 times (x 71B)
Class kotlin.jvm.internal.markers.KMutableList                                        : loaded 5 times (x 70B)
Class com.google.common.collect.UsingToStringOrdering                                 : loaded 5 times (x 114B)
Class dagger.spi.shaded.androidx.room.compiler.processing.XProcessingEnvConfig$Companion: loaded 5 times (x 71B)
Class dagger.hilt.processor.internal.HiltProcessingEnvConfigs                         : loaded 5 times (x 71B)
Class kotlin.reflect.jvm.internal.impl.name.ClassId                                   : loaded 5 times (x 72B)
Class dagger.spi.shaded.androidx.room.compiler.processing.javac.JavacBasicAnnotationProcessor$2: loaded 5 times (x 79B)
Class com.squareup.kotlinpoet.UtilKt                                                  : loaded 5 times (x 71B)
Class androidx.room.RoomProcessor                                                     : loaded 5 times (x 98B)
Class com.squareup.javapoet.CodeBlock                                                 : loaded 5 times (x 72B)
Class com.squareup.javapoet.AnnotationSpec                                            : loaded 5 times (x 72B)
Class dagger.hilt.processor.internal.JavacBaseProcessingStepProcessor                 : loaded 5 times (x 100B)
Class com.google.common.collect.MultimapBuilder$MultimapBuilderWithKeys$1             : loaded 5 times (x 76B)
Class com.google.common.collect.ReverseOrdering                                       : loaded 5 times (x 115B)
Class com.google.common.collect.Maps$13                                               : loaded 5 times (x 85B)
Class kotlin.jvm.functions.Function2                                                  : loaded 5 times (x 70B)
Class dagger.internal.codegen.base.SourceFileGenerationException                      : loaded 5 times (x 82B)
Class com.google.common.collect.ReverseNaturalOrdering                                : loaded 5 times (x 114B)
Class com.google.common.collect.MultimapBuilder$MultimapBuilderWithKeys               : loaded 5 times (x 82B)
Class kotlin.reflect.jvm.internal.ComputableClassValue                                : loaded 5 times (x 80B)
Class com.google.common.collect.MultimapBuilder$2                                     : loaded 5 times (x 83B)
Class com.squareup.kotlinpoet.TypeName$cachedString$2                                 : loaded 5 times (x 79B)
Class kotlin.reflect.jvm.internal.impl.resolve.jvm.JvmPrimitiveType                   : loaded 5 times (x 79B)
Class com.google.common.base.CharMatcher$SingleWidth                                  : loaded 5 times (x 112B)
Class [Lkotlin.reflect.jvm.internal.impl.name.ClassId;                                : loaded 5 times (x 69B)
Class kotlin.jvm.functions.Function10                                                 : loaded 5 times (x 70B)
Class kotlin.jvm.functions.Function9                                                  : loaded 5 times (x 70B)
Class com.squareup.javapoet.LineWrapper                                               : loaded 5 times (x 72B)
Class com.google.common.collect.ImmutableSortedSet$Builder                            : loaded 5 times (x 86B)
Class com.google.common.base.CaseFormat$4                                             : loaded 5 times (x 83B)
Class kotlin.jvm.internal.Reflection                                                  : loaded 5 times (x 71B)
Class kotlin.jvm.functions.Function22                                                 : loaded 5 times (x 70B)
Class com.google.common.collect.EmptyImmutableSetMultimap                             : loaded 5 times (x 180B)
Class kotlin.reflect.KProperty                                                        : loaded 5 times (x 70B)
Class kotlin.jvm.JvmClassMappingKt                                                    : loaded 5 times (x 71B)
Class kotlin.reflect.jvm.internal.KPropertyImpl                                       : loaded 5 times (x 115B)
Class kotlin.annotation.AnnotationTarget                                              : loaded 5 times (x 79B)
Class kotlin.reflect.KMutableProperty0                                                : loaded 5 times (x 70B)
Class com.squareup.javapoet.CodeBlock$Builder                                         : loaded 5 times (x 72B)
Class kotlin.annotation.MustBeDocumented                                              : loaded 5 times (x 70B)
Class kotlin.annotation.AnnotationRetention                                           : loaded 5 times (x 79B)
Class kotlin.collections.MapWithDefault                                               : loaded 5 times (x 70B)
Class kotlin.reflect.KClassifier                                                      : loaded 5 times (x 70B)
Class [Lkotlin.LazyThreadSafetyMode;                                                  : loaded 5 times (x 69B)
Class [Lkotlin.reflect.KClassifier;                                                   : loaded 5 times (x 69B)
Class kotlin.reflect.jvm.internal.EmptyContainerForLocal                              : loaded 5 times (x 84B)
Class dagger.hilt.processor.internal.uninstallmodules.UninstallModulesProcessingStep  : loaded 5 times (x 87B)
Class dagger.spi.shaded.androidx.room.compiler.processing.XProcessingEnvConfig$Builder: loaded 5 times (x 72B)
Class [Lkotlin.reflect.KAnnotatedElement;                                             : loaded 5 times (x 69B)
Class kotlin.reflect.jvm.internal.ReflectProperties$LazySoftVal                       : loaded 5 times (x 78B)
Class [Lkotlin.reflect.jvm.internal.impl.builtins.PrimitiveType;                      : loaded 5 times (x 69B)
Class kotlin.reflect.jvm.internal.impl.builtins.StandardNames                         : loaded 5 times (x 71B)
Class com.google.common.collect.ImmutableMap$IteratorBasedImmutableMap$1EntrySetImpl  : loaded 5 times (x 152B)
Class com.google.common.collect.Maps$TransformedEntriesMap                            : loaded 5 times (x 127B)
Class com.google.common.collect.AllEqualOrdering                                      : loaded 5 times (x 114B)
Class com.google.common.collect.LinkedHashMultimap                                    : loaded 5 times (x 175B)
Class kotlin.reflect.jvm.internal.impl.builtins.PrimitiveType                         : loaded 5 times (x 79B)
Class com.google.common.base.CaseFormat$5                                             : loaded 5 times (x 83B)
Class com.google.common.collect.MultimapBuilder$MultimapBuilderWithKeys$2             : loaded 5 times (x 76B)
Class kotlin.jvm.internal.markers.KMutableCollection                                  : loaded 5 times (x 70B)
Class kotlin.coroutines.intrinsics.IntrinsicsKt                                       : loaded 5 times (x 71B)
Class com.google.common.base.CaseFormat                                               : loaded 5 times (x 83B)
Class kotlin.coroutines.intrinsics.IntrinsicsKt__IntrinsicsJvmKt                      : loaded 5 times (x 71B)
Class kotlin.coroutines.jvm.internal.CoroutineStackFrame                              : loaded 5 times (x 70B)
Class kotlin.collections.IndexingIterator                                             : loaded 5 times (x 79B)
Class kotlin.jvm.functions.Function11                                                 : loaded 5 times (x 70B)
Class kotlin.jvm.internal.markers.KMutableIterator                                    : loaded 5 times (x 70B)
Class kotlin.reflect.KAnnotatedElement                                                : loaded 5 times (x 70B)
Class com.google.common.collect.MultimapBuilder$SetMultimapBuilder                    : loaded 5 times (x 75B)
Class [Lkotlin.reflect.KClass;                                                        : loaded 5 times (x 69B)
Class dagger.hilt.processor.internal.earlyentrypoint.EarlyEntryPointProcessingStep    : loaded 5 times (x 87B)
Class kotlin.reflect.jvm.internal.impl.name.FqName                                    : loaded 5 times (x 72B)
Class kotlin.jvm.internal.PropertyReference                                           : loaded 5 times (x 115B)
Class kotlin.reflect.KTypeParameter                                                   : loaded 5 times (x 70B)
Class com.google.common.collect.LinkedHashMultimap$ValueEntry                         : loaded 5 times (x 89B)
Class kotlin.jvm.internal.CallableReference                                           : loaded 5 times (x 106B)
Class androidx.room.compiler.processing.javac.JavacBasicAnnotationProcessor$steps$2   : loaded 5 times (x 79B)
Class dagger.hilt.processor.internal.generatesrootinput.GeneratesRootInputProcessor   : loaded 5 times (x 100B)
Class com.google.common.collect.MultimapBuilder$MultimapBuilderWithKeys$3             : loaded 5 times (x 76B)
Class kotlin.coroutines.intrinsics.CoroutineSingletons                                : loaded 5 times (x 79B)
Class com.google.common.collect.MultimapBuilder$1                                     : loaded 5 times (x 83B)
Class dagger.hilt.processor.internal.root.RootProcessor                               : loaded 5 times (x 100B)
Class com.squareup.javapoet.LineWrapper$FlushType                                     : loaded 5 times (x 79B)
Class kotlin.coroutines.jvm.internal.BaseContinuationImpl                             : loaded 5 times (x 87B)
Class kotlin.jvm.functions.Function12                                                 : loaded 5 times (x 70B)
Class com.squareup.javapoet.FieldSpec                                                 : loaded 5 times (x 72B)
Class com.google.common.base.CharMatcher$JavaDigit                                    : loaded 5 times (x 111B)
Class kotlin.reflect.jvm.internal.impl.descriptors.runtime.structure.ReflectClassUtilKt: loaded 5 times (x 71B)
Class kotlin.reflect.KMutableProperty                                                 : loaded 5 times (x 70B)
Class kotlin.reflect.jvm.internal.KClassifierImpl                                     : loaded 5 times (x 70B)
Class com.squareup.javapoet.AnnotationSpec$Builder                                    : loaded 5 times (x 72B)
Class [Lcom.google.common.collect.LinkedHashMultimap$ValueSetLink;                    : loaded 5 times (x 69B)
Class kotlin.jvm.internal.markers.KMutableMap                                         : loaded 5 times (x 70B)
Class kotlin.reflect.KMutableProperty1                                                : loaded 5 times (x 70B)
Class com.google.common.collect.Iterators$10                                          : loaded 5 times (x 81B)
Class com.squareup.kotlinpoet.TagMap                                                  : loaded 5 times (x 79B)
Class dagger.hilt.processor.internal.definecomponent.DefineComponentProcessingStep    : loaded 5 times (x 87B)
Class dagger.hilt.processor.internal.optionvalues.GradleProjectType                   : loaded 5 times (x 79B)
Class kotlin.collections.AbstractMutableList                                          : loaded 5 times (x 206B)
Class kotlin.text.Regex$Companion                                                     : loaded 5 times (x 71B)
Class com.squareup.javapoet.ParameterizedTypeName                                     : loaded 5 times (x 81B)
Class androidx.room.compiler.processing.javac.JavacBasicAnnotationProcessor$commonDelegate$2: loaded 5 times (x 79B)
Class kotlin.reflect.jvm.internal.KotlinReflectionInternalError                       : loaded 5 times (x 82B)
Class kotlin.reflect.jvm.internal.KClassImpl                                          : loaded 5 times (x 115B)
Class com.google.common.collect.ImmutableSetMultimap$Builder                          : loaded 5 times (x 83B)
Class kotlin.jvm.functions.Function19                                                 : loaded 5 times (x 70B)
Class kotlin.reflect.jvm.internal.impl.builtins.jvm.JavaToKotlinClassMap              : loaded 5 times (x 71B)
Class com.google.common.collect.MultimapBuilder$MultimapBuilderWithKeys$4             : loaded 5 times (x 76B)
Class kotlin.sequences.SequenceBuilderIterator                                        : loaded 5 times (x 85B)
Class dagger.hilt.processor.internal.BaseProcessingStep                               : loaded 5 times (x 87B)
Class dagger.hilt.processor.internal.aggregateddeps.AggregatedDepsProcessor           : loaded 5 times (x 100B)
Class com.google.common.collect.LinkedHashMultimap$ValueSet                           : loaded 5 times (x 142B)
Class [Lkotlin.DeprecationLevel;                                                      : loaded 5 times (x 69B)
Class [Lkotlin.coroutines.intrinsics.CoroutineSingletons;                             : loaded 5 times (x 69B)
Class kotlin.collections.builders.ListBuilder$Itr                                     : loaded 5 times (x 94B)
Class kotlin.jvm.internal.markers.KMutableListIterator                                : loaded 5 times (x 70B)
Class kotlin.reflect.KMutableProperty2                                                : loaded 5 times (x 70B)
Class kotlin.reflect.jvm.internal.impl.name.StandardClassIds                          : loaded 5 times (x 71B)
Class kotlin.jvm.internal.MutablePropertyReference2                                   : loaded 5 times (x 137B)
Class kotlin.reflect.jvm.internal.ReflectProperties$Val                               : loaded 5 times (x 74B)
Class kotlin.Result$Failure                                                           : loaded 5 times (x 72B)
Class kotlin.collections.IndexingIterable                                             : loaded 5 times (x 79B)
Class com.google.common.collect.ImmutableBiMapFauxverideShim                          : loaded 5 times (x 120B)
Class kotlin.reflect.jvm.internal.KDeclarationContainerImpl$Companion                 : loaded 5 times (x 71B)
Class com.squareup.javapoet.MethodSpec$Builder                                        : loaded 5 times (x 72B)
Class kotlin.jvm.functions.Function13                                                 : loaded 5 times (x 70B)
Class [Lkotlin.annotation.AnnotationTarget;                                           : loaded 5 times (x 69B)
Class kotlin.collections.builders.MapBuilder                                          : loaded 5 times (x 112B)
Class kotlin.jvm.internal.PropertyReference0                                          : loaded 5 times (x 127B)
Class dagger.spi.shaded.androidx.room.compiler.processing.XProcessingEnvConfig        : loaded 5 times (x 71B)
Class kotlin.jvm.internal.FunctionReference                                           : loaded 5 times (x 122B)
Class com.google.common.collect.MultimapBuilder$SortedSetMultimapBuilder              : loaded 5 times (x 77B)
Class dagger.hilt.processor.internal.root.ir.InvalidRootsException                    : loaded 5 times (x 82B)
Class dagger.hilt.android.processor.internal.bindvalue.BindValueProcessor             : loaded 5 times (x 100B)
Class com.google.common.base.CharMatcher$JavaUpperCase                                : loaded 5 times (x 111B)
Class kotlin.reflect.full.IllegalCallableAccessException                              : loaded 5 times (x 82B)
Class kotlin.reflect.jvm.internal.ClassValueCache                                     : loaded 5 times (x 74B)
Class com.google.common.collect.NullsFirstOrdering                                    : loaded 5 times (x 115B)
Class com.google.common.collect.ImmutableListMultimap$Builder                         : loaded 5 times (x 83B)
Class kotlin.ResultKt                                                                 : loaded 5 times (x 71B)
Class kotlin.collections.builders.ListBuilder$Companion                               : loaded 5 times (x 71B)
Class kotlin.collections.builders.ListBuilder                                         : loaded 5 times (x 207B)
Class kotlin.jvm.internal.DefaultConstructorMarker                                    : loaded 5 times (x 71B)
Class kotlin.jvm.internal.PropertyReference1                                          : loaded 5 times (x 127B)
Class androidx.room.compiler.processing.javac.JavacBasicAnnotationProcessor$xEnv$2    : loaded 5 times (x 79B)
Class com.google.common.collect.MultimapBuilder$MultimapBuilderWithKeys$5             : loaded 5 times (x 78B)
Class com.squareup.javapoet.TypeVariableName                                          : loaded 5 times (x 81B)
Class dagger.hilt.processor.internal.aliasof.AliasOfProcessor                         : loaded 5 times (x 100B)
Class dagger.spi.shaded.androidx.room.compiler.processing.javac.JavacBasicAnnotationProcessor: loaded 5 times (x 98B)
Class kotlin.coroutines.CoroutineContext                                              : loaded 5 times (x 70B)
Class kotlin.coroutines.jvm.internal.DebugProbesKt                                    : loaded 5 times (x 71B)
Class kotlin.reflect.jvm.internal.impl.name.FqNamesUtilKt                             : loaded 5 times (x 71B)
Class kotlin.reflect.jvm.internal.impl.name.StandardClassIdsKt                        : loaded 5 times (x 71B)
Class com.squareup.javapoet.MethodSpec                                                : loaded 5 times (x 72B)
Class com.squareup.javapoet.TypeSpec$Builder                                          : loaded 5 times (x 72B)
Class com.google.common.collect.MultimapBuilder$ListMultimapBuilder                   : loaded 5 times (x 75B)
Class kotlin.LazyKt__LazyJVMKt$WhenMappings                                           : loaded 5 times (x 71B)
Class kotlin.reflect.jvm.internal.RuntimeTypeMapper                                   : loaded 5 times (x 71B)
Class dagger.hilt.android.processor.internal.customtestapplication.CustomTestApplicationProcessingStep: loaded 5 times (x 87B)
Class kotlin.collections.builders.ListBuilderKt                                       : loaded 5 times (x 71B)
Class kotlin.jvm.internal.MutablePropertyReference1                                   : loaded 5 times (x 137B)
Class kotlin.reflect.jvm.internal.CachesKt                                            : loaded 5 times (x 71B)
Class com.squareup.kotlinpoet.ClassName$Companion                                     : loaded 5 times (x 71B)
Class kotlin.jvm.internal.PropertyReference1Impl                                      : loaded 5 times (x 127B)
Class kotlin.jvm.internal.CallableReference$NoReceiver                                : loaded 5 times (x 71B)
Class com.squareup.javapoet.JavaFile$Builder                                          : loaded 5 times (x 72B)
Class kotlin.reflect.jvm.internal.impl.builtins.StandardNames$FqNames                 : loaded 5 times (x 71B)
Class kotlin.SafePublicationLazyImpl$Companion                                        : loaded 5 times (x 71B)
Class kotlin.jvm.functions.Function14                                                 : loaded 5 times (x 70B)
Class kotlin.jvm.internal.PropertyReference2                                          : loaded 5 times (x 127B)
Class kotlin.jvm.internal.MutablePropertyReference                                    : loaded 5 times (x 119B)
Class kotlin.reflect.jvm.internal.ReflectionFactoryImpl                               : loaded 5 times (x 91B)
Class kotlin.jvm.internal.markers.KMutableIterable                                    : loaded 5 times (x 70B)
Class kotlin.DeprecationLevel                                                         : loaded 5 times (x 79B)
Class dagger.hilt.android.processor.internal.bindvalue.BindValueProcessingStep        : loaded 5 times (x 87B)
Class [Lkotlin.reflect.jvm.internal.impl.builtins.jvm.JavaToKotlinClassMap$PlatformMutabilityMapping;: loaded 5 times (x 69B)
Class kotlin.LazyThreadSafetyMode                                                     : loaded 5 times (x 79B)
Class dagger.hilt.processor.internal.definecomponent.DefineComponentProcessor         : loaded 5 times (x 100B)
Class kotlin.Result                                                                   : loaded 5 times (x 72B)
Class kotlin.reflect.KProperty0                                                       : loaded 5 times (x 70B)
Class kotlin.reflect.full.IllegalPropertyDelegateAccessException                      : loaded 5 times (x 82B)
Class dagger.spi.shaded.androidx.room.compiler.processing.XProcessingStep             : loaded 5 times (x 70B)
Class dagger.hilt.android.processor.internal.androidentrypoint.AndroidEntryPointProcessingStep: loaded 5 times (x 87B)
Class com.google.common.collect.MultimapBuilder$MultimapBuilderWithKeys$6             : loaded 5 times (x 76B)
Class kotlin.jvm.functions.Function18                                                 : loaded 5 times (x 70B)
Class com.google.common.collect.ImmutableSortedSetFauxverideShim                      : loaded 5 times (x 147B)
Class com.google.common.base.CharMatcher$JavaLetterOrDigit                            : loaded 5 times (x 111B)
Class kotlin.collections.ArrayDeque$Companion                                         : loaded 5 times (x 71B)
Class kotlin.jvm.functions.Function15                                                 : loaded 5 times (x 70B)
Class kotlin.reflect.jvm.internal.ReflectProperties$Val$1                             : loaded 5 times (x 71B)
Class com.google.common.collect.ExplicitOrdering                                      : loaded 5 times (x 115B)
Class kotlin.jvm.internal.SpreadBuilder                                               : loaded 5 times (x 76B)
Class com.google.common.collect.LexicographicalOrdering                               : loaded 5 times (x 115B)
Class com.squareup.kotlinpoet.Taggable                                                : loaded 5 times (x 70B)
Class com.squareup.javapoet.ArrayTypeName                                             : loaded 5 times (x 81B)
Class kotlin.coroutines.jvm.internal.RestrictedSuspendLambda                          : loaded 5 times (x 91B)
Class com.google.common.collect.CompoundOrdering                                      : loaded 5 times (x 115B)
Class com.squareup.kotlinpoet.ClassNames                                              : loaded 5 times (x 71B)
Class com.squareup.javapoet.ClassName                                                 : loaded 5 times (x 84B)
Class kotlin.reflect.KProperty1                                                       : loaded 5 times (x 70B)
Class kotlin.reflect.KClass                                                           : loaded 5 times (x 70B)
Class androidx.room.compiler.processing.XBasicAnnotationProcessor                     : loaded 5 times (x 70B)
Class kotlin.jvm.internal.CollectionToArray                                           : loaded 5 times (x 71B)
Class kotlin.jvm.internal.MutablePropertyReference0                                   : loaded 5 times (x 137B)
Class kotlin.reflect.KType                                                            : loaded 5 times (x 70B)
Class com.squareup.javapoet.TypeSpec$Kind                                             : loaded 5 times (x 79B)
Class com.google.common.base.CharMatcher$RangesMatcher                                : loaded 5 times (x 112B)
Class com.squareup.javapoet.JavaFile                                                  : loaded 5 times (x 72B)
Class kotlin.jvm.functions.Function17                                                 : loaded 5 times (x 70B)
Class kotlin.sequences.SequencesKt__SequenceBuilderKt$sequence$$inlined$Sequence$1    : loaded 5 times (x 75B)
Class com.google.common.collect.Maps$9                                                : loaded 5 times (x 76B)
Class com.squareup.javapoet.CodeBlock$CodeBlockJoiner                                 : loaded 5 times (x 72B)
Class kotlin.reflect.jvm.internal.impl.builtins.CompanionObjectMapping                : loaded 5 times (x 71B)
Class kotlin.coroutines.EmptyCoroutineContext                                         : loaded 5 times (x 77B)
Class com.google.common.collect.ByFunctionOrdering                                    : loaded 5 times (x 115B)
Class com.google.common.base.CharMatcher$Invisible                                    : loaded 5 times (x 112B)
Class kotlin.jvm.functions.Function16                                                 : loaded 5 times (x 70B)
Class kotlin.text.Regex                                                               : loaded 5 times (x 72B)
Class com.squareup.javapoet.CodeWriter                                                : loaded 5 times (x 72B)
Class kotlin.reflect.KCallable                                                        : loaded 5 times (x 70B)
Class kotlin.reflect.jvm.internal.CacheByClass                                        : loaded 5 times (x 73B)
Class [Lcom.squareup.javapoet.TypeSpec$Kind;                                          : loaded 5 times (x 69B)
Class kotlin.reflect.jvm.internal.impl.utils.CollectionsKt                            : loaded 5 times (x 71B)
Class [Lcom.squareup.javapoet.LineWrapper$FlushType;                                  : loaded 5 times (x 69B)
Class kotlin.streams.jdk8.StreamsKt                                                   : loaded 5 times (x 71B)
Class kotlin.jvm.internal.ReflectionFactory                                           : loaded 5 times (x 91B)
Class kotlin.Result$Companion                                                         : loaded 5 times (x 71B)
Class dagger.hilt.processor.internal.uninstallmodules.UninstallModulesProcessor       : loaded 5 times (x 100B)
Class com.squareup.javapoet.TypeSpec                                                  : loaded 5 times (x 72B)
Class kotlin.collections.CollectionsKt___CollectionsKt$withIndex$1                    : loaded 5 times (x 79B)
Class kotlin.coroutines.Continuation                                                  : loaded 5 times (x 70B)
Class com.google.common.collect.SortedIterables                                       : loaded 5 times (x 71B)
Class kotlin.reflect.jvm.internal.CacheByClassKt                                      : loaded 5 times (x 71B)
Class kotlin.jvm.KotlinReflectionNotSupportedError                                    : loaded 5 times (x 82B)
Class [Lkotlin.reflect.jvm.internal.impl.resolve.jvm.JvmPrimitiveType;                : loaded 5 times (x 69B)
Class kotlin.jvm.internal.ClassBasedDeclarationContainer                              : loaded 5 times (x 70B)
Class dagger.hilt.processor.internal.root.ComponentTreeDepsProcessor                  : loaded 5 times (x 100B)
Class dagger.hilt.processor.internal.originatingelement.OriginatingElementProcessingStep: loaded 5 times (x 87B)
Class kotlin.reflect.KProperty2                                                       : loaded 5 times (x 70B)
Class com.squareup.javapoet.CodeWriter$Multiset                                       : loaded 5 times (x 72B)
Class dagger.hilt.processor.internal.HiltCompilerOptions$EnumOption                   : loaded 4 times (x 72B)
Class dagger.spi.shaded.androidx.room.compiler.processing.javac.JavacProcessingEnv$messager$2: loaded 4 times (x 79B)
Class kotlin.reflect.jvm.internal.KClassImpl$Data$qualifiedName$2                     : loaded 4 times (x 79B)
Class [Ldagger.internal.codegen.base.ModuleKind;                                      : loaded 4 times (x 69B)
Class dagger.spi.shaded.androidx.room.compiler.processing.XConstructorType            : loaded 4 times (x 70B)
Class dagger.internal.codegen.base.SetType                                            : loaded 4 times (x 77B)
Class dagger.spi.shaded.androidx.room.jarjarred.kotlinx.metadata.KmFlexibleTypeUpperBound: loaded 4 times (x 72B)
Class com.google.common.collect.Table                                                 : loaded 4 times (x 70B)
Class [Lcom.google.common.cache.RemovalListener;                                      : loaded 4 times (x 69B)
Class com.google.common.cache.LocalCache$EntryFactory$1                               : loaded 4 times (x 83B)
Class dagger.spi.shaded.androidx.room.compiler.processing.javac.VisitorData           : loaded 4 times (x 72B)
Class dagger.spi.shaded.androidx.room.jarjarred.kotlinx.metadata.InconsistentKotlinMetadataException: loaded 4 times (x 82B)
Class dagger.spi.shaded.androidx.room.jarjarred.kotlinx.metadata.internal.protobuf.ExtensionRegistryLite: loaded 4 times (x 74B)
Class dagger.spi.shaded.androidx.room.compiler.processing.javac.JavacTypeElement$className$2: loaded 4 times (x 79B)
Class dagger.spi.shaded.androidx.room.jarjarred.kotlinx.metadata.internal.metadata.ProtoBuf$Function$1: loaded 4 times (x 144B)
Class dagger.spi.shaded.androidx.room.jarjarred.kotlinx.metadata.internal.metadata.jvm.JvmProtoBuf$StringTableTypes$Record: loaded 4 times (x 119B)
Class dagger.spi.shaded.androidx.room.jarjarred.kotlinx.metadata.internal.metadata.jvm.JvmProtoBuf$JvmFieldSignatureOrBuilder: loaded 4 times (x 70B)
Class dagger.spi.shaded.androidx.room.jarjarred.kotlinx.metadata.internal.protobuf.Internal$EnumLiteMap: loaded 4 times (x 70B)
Class [Ldagger.spi.shaded.androidx.room.compiler.processing.XType;                    : loaded 4 times (x 69B)
Class dagger.spi.shaded.androidx.room.jarjarred.kotlinx.metadata.internal.metadata.jvm.JvmProtoBuf$JvmMethodSignature$Builder: loaded 4 times (x 134B)
Class dagger.internal.codegen.base.DaggerSuperficialValidation$ValidationException    : loaded 4 times (x 83B)
Class dagger.internal.codegen.validation.ValidationReport$Builder                     : loaded 4 times (x 72B)
Class dagger.spi.shaded.androidx.room.compiler.processing.javac.JavacExecutableType$parameterTypes$2: loaded 4 times (x 79B)
Class [Ldagger.internal.codegen.base.ComponentCreatorAnnotation;                      : loaded 4 times (x 69B)
Class dagger.internal.codegen.model.DiagnosticReporter                                : loaded 4 times (x 75B)
Class dagger.internal.codegen.bindinggraphvalidation.CompositeBindingGraphPlugin_Factory_Impl: loaded 4 times (x 75B)
Class dagger.internal.codegen.kotlin.KotlinMetadataFactory_Factory$InstanceHolder     : loaded 4 times (x 71B)
Class dagger.hilt.processor.internal.kotlin.DaggerKotlinMetadataUtils_MetadataComponent$Builder: loaded 4 times (x 71B)
Class dagger.Lazy                                                                     : loaded 4 times (x 70B)
Class dagger.spi.shaded.androidx.room.jarjarred.kotlinx.metadata.internal.metadata.ProtoBuf$Contract: loaded 4 times (x 107B)
Class dagger.spi.shaded.auto.common.MoreTypes$AsElementVisitor                        : loaded 4 times (x 101B)
Class androidx.room.compiler.processing.javac.JavacProcessingEnv                      : loaded 4 times (x 115B)
Class com.bumptech.glide.repackaged.com.google.common.collect.RegularImmutableAsList  : loaded 4 times (x 209B)
Class dagger.spi.shaded.androidx.room.compiler.processing.CommonProcessorDelegate     : loaded 4 times (x 72B)
Class dagger.internal.codegen.binding.MethodSignatureFormatter                        : loaded 4 times (x 86B)
Class dagger.internal.codegen.writing.AnnotationCreatorGenerator                      : loaded 4 times (x 80B)
Class dagger.internal.codegen.validation.ProvidesMethodValidator$Validator            : loaded 4 times (x 80B)
Class androidx.room.compiler.processing.javac.JavacProcessingEnv$typeElementStore$3   : loaded 4 times (x 79B)
Class dagger.internal.codegen.kotlin.KotlinMetadataUtil_Factory                       : loaded 4 times (x 77B)
Class dagger.internal.codegen.ProcessingEnvironmentModule_ProcessingOptionsFactory    : loaded 4 times (x 77B)
Class dagger.internal.codegen.binding.DependencyRequestFactory_Factory                : loaded 4 times (x 77B)
Class dagger.internal.codegen.xprocessing.XProcessingEnvs                             : loaded 4 times (x 71B)
Class dagger.internal.codegen.binding.ModuleDescriptor                                : loaded 4 times (x 80B)
Class [Ldagger.internal.codegen.compileroption.ProcessingEnvironmentCompilerOptions$Validation;: loaded 4 times (x 69B)
Class dagger.internal.codegen.binding.DelegateDeclaration$Factory                     : loaded 4 times (x 72B)
Class dagger.spi.shaded.androidx.room.compiler.processing.javac.JavacMethodType$returnType$2: loaded 4 times (x 79B)
Class [Ldagger.internal.codegen.model.BindingKind;                                    : loaded 4 times (x 69B)
Class dagger.internal.codegen.model.AutoValue_DaggerTypeElement                       : loaded 4 times (x 75B)
Class dagger.spi.shaded.androidx.room.compiler.processing.javac.kotlin.KmConstructorContainer: loaded 4 times (x 97B)
Class com.google.common.cache.LocalCache$2                                            : loaded 4 times (x 142B)
Class dagger.internal.codegen.compileroption.ProcessingEnvironmentCompilerOptions$Feature: loaded 4 times (x 90B)
Class dagger.internal.codegen.model.Key                                               : loaded 4 times (x 78B)
Class dagger.internal.codegen.model.DependencyRequest$Builder                         : loaded 4 times (x 76B)
Class dagger.internal.codegen.validation.ValidationReport                             : loaded 4 times (x 72B)
Class dagger.internal.codegen.componentgenerator.ComponentGenerator                   : loaded 4 times (x 77B)
Class dagger.internal.codegen.DelegateComponentProcessor_SourceFileGeneratorsModule_ModuleConstructorProxyGeneratorFactory: loaded 4 times (x 77B)
Class dagger.internal.codegen.validation.BindingMethodValidator$MethodValidator       : loaded 4 times (x 80B)
Class dagger.hilt.processor.internal.aggregateddeps.PkgPrivateMetadata                : loaded 4 times (x 75B)
Class dagger.internal.codegen.validation.AnyBindingMethodValidator_Factory            : loaded 4 times (x 77B)
Class dagger.hilt.android.processor.internal.androidentrypoint.AndroidEntryPointMetadata: loaded 4 times (x 91B)
Class dagger.spi.shaded.androidx.room.jarjarred.kotlinx.metadata.internal.protobuf.AbstractParser: loaded 4 times (x 144B)
Class dagger.spi.shaded.androidx.room.compiler.processing.javac.JavacRoundEnv$rootElements$2: loaded 4 times (x 79B)
Class dagger.spi.shaded.androidx.room.compiler.processing.javac.JavacElement          : loaded 4 times (x 179B)
Class com.google.common.base.Optional                                                 : loaded 4 times (x 80B)
Class dagger.spi.shaded.androidx.room.compiler.processing.javac.DefaultJavacType      : loaded 4 times (x 187B)
Class dagger.spi.shaded.androidx.room.compiler.processing.javac.kotlin.KmClassContainer$primaryConstructorSignature$2: loaded 4 times (x 79B)
Class dagger.spi.shaded.androidx.room.jarjarred.kotlinx.metadata.KmPropertyExtensionVisitor: loaded 4 times (x 70B)
Class dagger.spi.shaded.androidx.room.jarjarred.kotlinx.metadata.internal.metadata.deserialization.VersionRequirementTable: loaded 4 times (x 72B)
Class dagger.spi.shaded.androidx.room.jarjarred.kotlinx.metadata.internal.metadata.jvm.JvmProtoBuf$StringTableTypes$RecordOrBuilder: loaded 4 times (x 70B)
Class dagger.spi.shaded.androidx.room.jarjarred.kotlinx.metadata.internal.protobuf.ExtensionRegistryLite$ObjectIntPair: loaded 4 times (x 72B)
Class dagger.spi.shaded.androidx.room.compiler.processing.InternalXAnnotationValue$Kind: loaded 4 times (x 79B)
Class dagger.spi.shaded.androidx.room.jarjarred.kotlinx.metadata.KmClassifier$Class   : loaded 4 times (x 72B)
Class dagger.internal.codegen.extension.DaggerStreams                                 : loaded 4 times (x 71B)
Class dagger.spi.shaded.androidx.room.jarjarred.kotlinx.metadata.KmExtensionType      : loaded 4 times (x 72B)
Class dagger.spi.shaded.androidx.room.jarjarred.kotlinx.metadata.jvm.JvmClassExtensionVisitor: loaded 4 times (x 87B)
Class dagger.spi.shaded.androidx.room.compiler.processing.javac.JavacTypeElement      : loaded 4 times (x 289B)
Class dagger.spi.shaded.androidx.room.compiler.processing.javac.JavacTypeElement$typeParameters$2: loaded 4 times (x 79B)
Class dagger.spi.shaded.androidx.room.jarjarred.kotlinx.metadata.jvm.JvmFunctionExtensionVisitor$Companion: loaded 4 times (x 71B)
Class com.squareup.kotlinpoet.ClassName$special$$inlined$thenBy$2                     : loaded 4 times (x 90B)
Class dagger.internal.codegen.validation.DiagnosticReporterFactory$DiagnosticReporterImpl: loaded 4 times (x 76B)
Class dagger.spi.shaded.androidx.room.compiler.processing.XAnnotationValue            : loaded 4 times (x 70B)
Class dagger.spi.shaded.auto.common.Overrides$ExplicitOverrides                       : loaded 4 times (x 76B)
Class com.google.common.util.concurrent.UncheckedExecutionException                   : loaded 4 times (x 82B)
Class dagger.spi.shaded.androidx.room.compiler.processing.javac.JavacArrayType$componentType$2: loaded 4 times (x 79B)
Class dagger.internal.codegen.binding.FrameworkType                                   : loaded 4 times (x 84B)
Class dagger.internal.codegen.model.Scope                                             : loaded 4 times (x 72B)
Class dagger.internal.codegen.writing.ProducerFactoryGenerator$NoArgFutureTransform   : loaded 4 times (x 78B)
Class dagger.internal.codegen.binding.MultibindingDeclaration$Factory                 : loaded 4 times (x 72B)
Class dagger.internal.codegen.validation.BindsInstanceMethodValidator                 : loaded 4 times (x 78B)
Class dagger.internal.codegen.processingstep.InjectProcessingStep                     : loaded 4 times (x 86B)
Class dagger.internal.codegen.writing.FactoryGenerator                                : loaded 4 times (x 77B)
Class dagger.internal.codegen.binding.ContributionBinding$Builder                     : loaded 4 times (x 83B)
Class dagger.internal.codegen.validation.BindingGraphValidator_Factory                : loaded 4 times (x 77B)
Class dagger.internal.codegen.binding.BindingGraphFactory_Factory                     : loaded 4 times (x 77B)
Class dagger.spi.shaded.androidx.room.jarjarred.kotlinx.metadata.jvm.JvmFunctionExtensionVisitor: loaded 4 times (x 80B)
Class dagger.spi.shaded.androidx.room.jarjarred.kotlinx.metadata.internal.protobuf.CodedOutputStream$ByteBufferOutputStream: loaded 4 times (x 86B)
Class dagger.spi.shaded.androidx.room.compiler.processing.javac.JavacDeclaredType$typeArguments$2: loaded 4 times (x 79B)
Class dagger.spi.shaded.androidx.room.jarjarred.kotlinx.metadata.internal.metadata.ProtoBuf$MemberKind: loaded 4 times (x 82B)
Class dagger.spi.shaded.androidx.room.compiler.processing.javac.kotlin.KmPropertyFunctionContainerImpl: loaded 4 times (x 105B)
Class com.google.common.cache.LocalCache$1                                            : loaded 4 times (x 89B)
Class [Lkotlin.reflect.jvm.internal.impl.builtins.functions.FunctionClassKind;        : loaded 4 times (x 69B)
Class androidx.room.compiler.processing.javac.JavacProcessingEnv$typeElementStore$2   : loaded 4 times (x 78B)
Class dagger.spi.shaded.androidx.room.jarjarred.kotlinx.metadata.internal.metadata.deserialization.VersionRequirement: loaded 4 times (x 72B)
Class dagger.internal.codegen.validation.MapKeyValidator_Factory                      : loaded 4 times (x 77B)
Class com.google.common.cache.LocalCache$EntryFactory$2                               : loaded 4 times (x 83B)
Class dagger.internal.codegen.validation.ComponentHierarchyValidator_Factory          : loaded 4 times (x 77B)
Class dagger.internal.codegen.binding.BindingGraphFactory                             : loaded 4 times (x 75B)
Class dagger.internal.codegen.writing.MembersInjectorGenerator                        : loaded 4 times (x 77B)
Class dagger.internal.codegen.binding.ProvisionBinding$Builder                        : loaded 4 times (x 88B)
Class com.google.common.collect.ImmutableMap$MapViewOfValuesAsSingletonSets$1         : loaded 4 times (x 82B)
Class dagger.internal.codegen.model.AutoValue_DaggerElement                           : loaded 4 times (x 74B)
Class dagger.internal.codegen.base.ClearableCache                                     : loaded 4 times (x 70B)
Class dagger.internal.codegen.base.DaggerSuperficialValidation_Factory                : loaded 4 times (x 77B)
Class com.bumptech.glide.repackaged.com.google.common.collect.ImmutableAsList         : loaded 4 times (x 207B)
Class dagger.hilt.processor.internal.kotlin.KotlinMetadataUtils                       : loaded 4 times (x 71B)
Class dagger.internal.codegen.base.DaggerSuperficialValidation$ValidationException$KnownErrorType: loaded 4 times (x 83B)
Class dagger.spi.shaded.androidx.room.compiler.processing.javac.kotlin.KmClassContainer$type$2: loaded 4 times (x 79B)
Class dagger.spi.shaded.androidx.room.jarjarred.kotlinx.metadata.internal.metadata.ProtoBuf$Contract$1: loaded 4 times (x 144B)
Class dagger.spi.shaded.androidx.room.jarjarred.kotlinx.metadata.internal.extensions.KmConstructorExtension: loaded 4 times (x 70B)
Class dagger.spi.shaded.androidx.room.jarjarred.kotlinx.metadata.internal.metadata.ProtoBuf$Type$ArgumentOrBuilder: loaded 4 times (x 70B)
Class dagger.spi.shaded.androidx.room.jarjarred.kotlinx.metadata.internal.protobuf.GeneratedMessageLite$GeneratedExtension: loaded 4 times (x 79B)
Class dagger.spi.shaded.androidx.room.jarjarred.kotlinx.metadata.KmDeclarationContainerExtensionVisitor: loaded 4 times (x 70B)
Class kotlin.reflect.jvm.internal.KClassImpl$Data$declaredMembers$2                   : loaded 4 times (x 79B)
Class dagger.spi.shaded.androidx.room.compiler.processing.XRoundEnv                   : loaded 4 times (x 70B)
Class dagger.spi.shaded.androidx.room.jarjarred.kotlinx.metadata.internal.metadata.ProtoBuf$AnnotationOrBuilder: loaded 4 times (x 70B)
Class dagger.spi.shaded.androidx.room.compiler.processing.XElementKt                  : loaded 4 times (x 71B)
Class com.squareup.kotlinpoet.ClassName$special$$inlined$thenBy$1                     : loaded 4 times (x 90B)
Class [Ldagger.spi.shaded.androidx.room.jarjarred.kotlinx.metadata.internal.metadata.ProtoBuf$Effect$InvocationKind;: loaded 4 times (x 69B)
Class dagger.spi.shaded.androidx.room.jarjarred.kotlinx.metadata.jvm.internal.JvmMetadataExtensions: loaded 4 times (x 103B)
Class dagger.spi.shaded.androidx.room.jarjarred.kotlinx.metadata.internal.metadata.ProtoBuf$VersionRequirementTable: loaded 4 times (x 107B)
Class com.google.common.cache.CacheLoader$UnsupportedLoadingOperationException        : loaded 4 times (x 82B)
Class com.google.common.collect.ImmutableBiMap$Builder                                : loaded 4 times (x 82B)
Class com.google.common.collect.AbstractIterator$State                                : loaded 4 times (x 79B)
Class dagger.internal.codegen.writing.ModuleProxies_ModuleConstructorProxyGenerator_Factory: loaded 4 times (x 77B)
Class dagger.internal.codegen.processingstep.AssistedFactoryProcessingStep_Factory    : loaded 4 times (x 77B)
Class dagger.spi.shaded.androidx.room.jarjarred.kotlinx.metadata.internal.metadata.ProtoBuf$Effect$EffectType$1: loaded 4 times (x 74B)
Class dagger.internal.codegen.validation.ComponentCreatorValidator_Factory            : loaded 4 times (x 77B)
Class dagger.internal.codegen.binding.InjectionAnnotations_Factory                    : loaded 4 times (x 77B)
Class com.bumptech.glide.annotation.compiler.ExtensionProcessor                       : loaded 4 times (x 72B)
Class androidx.room.processor.Context$Companion                                       : loaded 4 times (x 71B)
Class dagger.internal.Factory                                                         : loaded 4 times (x 70B)
Class com.google.common.collect.AbstractMapBasedMultimap$KeySet$1                     : loaded 4 times (x 82B)
Class dagger.spi.shaded.androidx.room.jarjarred.kotlinx.metadata.internal.metadata.ProtoBuf$Effect$InvocationKind$1: loaded 4 times (x 74B)
Class dagger.internal.codegen.validation.MultibindsMethodValidator_Factory            : loaded 4 times (x 77B)
Class dagger.spi.shaded.androidx.room.jarjarred.kotlinx.metadata.internal.metadata.jvm.deserialization.JvmNameResolverBase$Companion: loaded 4 times (x 71B)
Class dagger.spi.shaded.androidx.room.jarjarred.kotlinx.metadata.internal.metadata.jvm.JvmProtoBuf$JvmFieldSignature$1: loaded 4 times (x 144B)
Class dagger.spi.shaded.androidx.room.jarjarred.kotlinx.metadata.jvm.KotlinClassMetadata$Class: loaded 4 times (x 72B)
Class dagger.internal.codegen.binding.BindingGraphConverter                           : loaded 4 times (x 72B)
Class dagger.spi.shaded.auto.common.MoreTypes$TypeEquivalence                         : loaded 4 times (x 82B)
Class dagger.internal.codegen.validation.DiagnosticMessageGenerator$Factory           : loaded 4 times (x 72B)
Class dagger.internal.codegen.binding.BindingGraph$TopLevelBindingGraph               : loaded 4 times (x 99B)
Class com.squareup.kotlinpoet.Annotatable                                             : loaded 4 times (x 70B)
Class dagger.internal.codegen.binding.AssistedInjectionAnnotations                    : loaded 4 times (x 71B)
Class dagger.internal.codegen.model.AutoValue_DaggerExecutableElement                 : loaded 4 times (x 74B)
Class androidx.room.compiler.processing.XProcessingEnv$Companion                      : loaded 4 times (x 71B)
Class androidx.room.DatabaseProcessingStep                                            : loaded 4 times (x 79B)
Class androidx.room.compiler.processing.javac.JavacProcessingEnv$typeElementStore$1   : loaded 4 times (x 79B)
Class dagger.internal.codegen.javapoet.AnnotationSpecs$Suppression                    : loaded 4 times (x 79B)
Class com.bumptech.glide.annotation.GlideModule                                       : loaded 4 times (x 70B)
Class dagger.internal.codegen.validation.BindingMethodValidatorsModule_IndexValidatorsFactory: loaded 4 times (x 77B)
Class [Ldagger.internal.codegen.compileroption.FeatureStatus;                         : loaded 4 times (x 69B)
Class dagger.internal.codegen.binding.BindingType                                     : loaded 4 times (x 79B)
Class com.google.common.base.Objects                                                  : loaded 4 times (x 71B)
Class com.google.common.collect.FluentIterable$1                                      : loaded 4 times (x 81B)
Class dagger.internal.codegen.model.AutoValue_DependencyRequest                       : loaded 4 times (x 76B)
Class dagger.spi.shaded.androidx.room.compiler.processing.javac.JavacMethodType$NormalMethodType: loaded 4 times (x 91B)
Class [[Ldagger.internal.codegen.compileroption.ProcessingEnvironmentCompilerOptions$CommandLineOption;: loaded 4 times (x 69B)
Class dagger.internal.codegen.processingstep.BindingMethodProcessingStep              : loaded 4 times (x 86B)
Class androidx.room.util.SimpleJavaVersion$compareTo$$inlined$compareBy$1             : loaded 4 times (x 89B)
Class [Landroidx.room.compiler.processing.XProcessingEnv$Backend;                     : loaded 4 times (x 69B)
Class dagger.spi.shaded.androidx.room.jarjarred.kotlinx.metadata.internal.metadata.ProtoBuf$Constructor$1: loaded 4 times (x 144B)
Class dagger.spi.shaded.androidx.room.compiler.processing.javac.JavacType$typeName$2  : loaded 4 times (x 79B)
Class dagger.hilt.processor.internal.ProcessorErrors                                  : loaded 4 times (x 71B)
Class dagger.internal.codegen.binding.InjectBindingRegistry                           : loaded 4 times (x 70B)
Class dagger.spi.shaded.androidx.room.compiler.processing.compat.XConverters          : loaded 4 times (x 71B)
Class dagger.spi.shaded.androidx.room.jarjarred.kotlinx.metadata.jvm.JvmTypeExtensionVisitor$Companion: loaded 4 times (x 71B)
Class dagger.spi.shaded.androidx.room.jarjarred.kotlinx.metadata.internal.metadata.ProtoBuf$MemberKind$1: loaded 4 times (x 74B)
Class dagger.spi.shaded.androidx.room.jarjarred.kotlinx.metadata.internal.metadata.jvm.deserialization.JvmNameResolverBase$WhenMappings: loaded 4 times (x 71B)
Class dagger.spi.shaded.auto.common.MoreTypes$CastingTypeVisitor                      : loaded 4 times (x 102B)
Class dagger.spi.shaded.auto.common.Overrides$NativeOverrides                         : loaded 4 times (x 74B)
Class com.google.common.base.MoreObjects                                              : loaded 4 times (x 71B)
Class com.bumptech.glide.annotation.compiler.RequestBuilderGenerator                  : loaded 4 times (x 72B)
Class dagger.internal.codegen.bindinggraphvalidation.CompositeBindingGraphPlugin$Factory: loaded 4 times (x 70B)
Class kotlin.reflect.jvm.internal.KCallableImpl$_absentArguments$1                    : loaded 4 times (x 79B)
Class dagger.spi.shaded.androidx.room.compiler.processing.javac.JavacTypeElement$Companion$WhenMappings: loaded 4 times (x 71B)
Class dagger.internal.codegen.binding.MethodSignatureFormatter$1                      : loaded 4 times (x 87B)
Class dagger.internal.codegen.model.Binding                                           : loaded 4 times (x 70B)
Class [Lcom.squareup.javapoet.TypeName;                                               : loaded 4 times (x 69B)
Class com.google.common.cache.LocalCache$ValueReference                               : loaded 4 times (x 70B)
Class dagger.internal.codegen.binding.KeyFactory$1                                    : loaded 4 times (x 71B)
Class com.google.common.cache.LocalCache$EntryFactory$3                               : loaded 4 times (x 83B)
Class com.google.common.base.Ticker$1                                                 : loaded 4 times (x 72B)
Class com.google.common.collect.FluentIterable$2                                      : loaded 4 times (x 81B)
Class dagger.spi.shaded.androidx.room.compiler.processing.JavaPoetExtKt               : loaded 4 times (x 71B)
Class dagger.internal.codegen.binding.InjectionSiteFactory$InjectionSiteVisitor       : loaded 4 times (x 72B)
Class dagger.spi.shaded.androidx.room.compiler.processing.javac.JavacFieldElement$enclosingElement$2: loaded 4 times (x 79B)
Class dagger.spi.shaded.androidx.room.jarjarred.kotlinx.metadata.Flag$Property        : loaded 4 times (x 71B)
Class dagger.internal.codegen.processingstep.ProcessingStepsModule                    : loaded 4 times (x 70B)
Class dagger.internal.codegen.model.BindingGraph$MaybeBinding                         : loaded 4 times (x 70B)
Class dagger.internal.codegen.validation.BindsOptionalOfMethodValidator$Validator     : loaded 4 times (x 80B)
Class dagger.internal.codegen.ServiceLoaders                                          : loaded 4 times (x 71B)
Class dagger.hilt.android.processor.internal.androidentrypoint.AndroidEntryPointMetadata$AndroidType: loaded 4 times (x 79B)
Class com.google.common.primitives.Ints                                               : loaded 4 times (x 71B)
Class dagger.spi.shaded.androidx.room.jarjarred.kotlinx.metadata.internal.ReadUtilsKt : loaded 4 times (x 71B)
Class dagger.spi.shaded.androidx.room.jarjarred.kotlinx.metadata.internal.ReadersKt$WhenMappings: loaded 4 times (x 71B)
Class com.google.common.base.Absent                                                   : loaded 4 times (x 80B)
Class dagger.spi.shaded.androidx.room.jarjarred.kotlinx.metadata.internal.metadata.deserialization.ProtoBufUtilKt: loaded 4 times (x 71B)
Class dagger.spi.shaded.androidx.room.compiler.processing.XMethodElementKt            : loaded 4 times (x 71B)
Class dagger.spi.shaded.androidx.room.jarjarred.kotlinx.metadata.internal.protobuf.ByteString: loaded 4 times (x 108B)
Class dagger.internal.codegen.validation.ValidationBindingGraphPlugins                : loaded 4 times (x 72B)
Class dagger.internal.codegen.xprocessing.XElements                                   : loaded 4 times (x 71B)
Class kotlin.reflect.jvm.internal.KClassImpl$data$1                                   : loaded 4 times (x 79B)
Class dagger.spi.shaded.androidx.room.jarjarred.kotlinx.metadata.KmPropertyVisitor    : loaded 4 times (x 80B)
Class dagger.spi.shaded.androidx.room.compiler.processing.javac.kotlin.KmBaseTypeContainer: loaded 4 times (x 70B)
Class com.google.common.collect.AbstractMapBasedMultimap$RandomAccessWrappedList      : loaded 4 times (x 205B)
Class com.google.common.graph.Network                                                 : loaded 4 times (x 70B)
Class dagger.spi.shaded.androidx.room.jarjarred.kotlinx.metadata.internal.metadata.deserialization.VersionRequirement$Companion: loaded 4 times (x 71B)
Class com.google.common.collect.FluentIterable$3                                      : loaded 4 times (x 81B)
Class kotlin.reflect.jvm.internal.KPropertyImpl$_javaField$1                          : loaded 4 times (x 79B)
Class dagger.spi.shaded.androidx.room.jarjarred.kotlinx.metadata.FlagsKt              : loaded 4 times (x 71B)
Class dagger.spi.shaded.androidx.room.compiler.processing.javac.JavacMethodType$typeVariableNames$2: loaded 4 times (x 79B)
Class dagger.internal.codegen.validation.BindingMethodValidator$Abstractness          : loaded 4 times (x 79B)
Class dagger.internal.codegen.ProcessingEnvironmentModule_MessagerFactory             : loaded 4 times (x 77B)
Class dagger.spi.shaded.androidx.room.jarjarred.kotlinx.metadata.internal.extensions.MetadataExtensions: loaded 4 times (x 70B)
Class dagger.spi.shaded.androidx.room.jarjarred.kotlinx.metadata.internal.metadata.jvm.deserialization.JvmProtoBufUtil: loaded 4 times (x 71B)
Class dagger.spi.shaded.androidx.room.jarjarred.kotlinx.metadata.internal.protobuf.GeneratedMessageLite: loaded 4 times (x 101B)
Class dagger.spi.shaded.androidx.room.jarjarred.kotlinx.metadata.internal.metadata.ProtoBuf$Effect$InvocationKind: loaded 4 times (x 82B)
Class dagger.spi.shaded.androidx.room.jarjarred.kotlinx.metadata.internal.ReadContext : loaded 4 times (x 72B)
Class dagger.spi.shaded.androidx.room.jarjarred.kotlinx.metadata.internal.protobuf.Internal$EnumLite: loaded 4 times (x 70B)
Class kotlin.reflect.jvm.internal.KClassImpl$Data$inheritedStaticMembers$2            : loaded 4 times (x 79B)
Class dagger.spi.shaded.androidx.room.jarjarred.kotlinx.metadata.internal.metadata.deserialization.Flags$FlagField: loaded 4 times (x 73B)
Class dagger.spi.shaded.androidx.room.jarjarred.kotlinx.metadata.KmFunctionVisitor    : loaded 4 times (x 81B)
Class dagger.internal.codegen.binding.KeyFactory                                      : loaded 4 times (x 72B)
Class dagger.spi.shaded.androidx.room.compiler.processing.javac.JavacMethodType       : loaded 4 times (x 91B)
Class dagger.internal.codegen.DelegateComponentProcessor_SourceFileGeneratorsModule_MembersInjectorGeneratorFactory: loaded 4 times (x 77B)
Class dagger.internal.codegen.base.DaggerSuperficialValidation                        : loaded 4 times (x 72B)
Class com.google.common.cache.CacheLoader$FunctionToCacheLoader                       : loaded 4 times (x 75B)
Class [Ldagger.internal.codegen.validation.BindingElementValidator$AllowsMultibindings;: loaded 4 times (x 69B)
Class dagger.internal.codegen.validation.BindsInstanceParameterValidator              : loaded 4 times (x 78B)
Class dagger.internal.codegen.binding.BindingFactory_Factory                          : loaded 4 times (x 77B)
Class com.bumptech.glide.repackaged.com.google.common.collect.SingletonImmutableSet   : loaded 4 times (x 143B)
Class [Ldagger.internal.codegen.model.DependencyRequest;                              : loaded 4 times (x 69B)
Class dagger.internal.codegen.binding.$AutoValue_DelegateDeclaration                  : loaded 4 times (x 83B)
Class dagger.internal.codegen.bindinggraphvalidation.MapMultibindingValidator_Factory : loaded 4 times (x 77B)
Class androidx.room.compiler.processing.XProcessingEnvConfig$Builder                  : loaded 4 times (x 72B)
Class androidx.room.compiler.processing.XProcessingStep                               : loaded 4 times (x 70B)
Class dagger.hilt.android.processor.internal.androidentrypoint.$AutoValue_AndroidEntryPointMetadata: loaded 4 times (x 92B)
Class dagger.internal.codegen.xprocessing.XTypes$1                                    : loaded 4 times (x 71B)
Class dagger.spi.shaded.androidx.room.jarjarred.kotlinx.metadata.KmExtensionVisitor   : loaded 4 times (x 70B)
Class dagger.spi.shaded.androidx.room.compiler.processing.javac.JavacAnnotationValueKt$UNWRAP_VISITOR$1: loaded 4 times (x 103B)
Class dagger.spi.shaded.androidx.room.compiler.processing.javac.JavacType$superTypes$2: loaded 4 times (x 79B)
Class dagger.spi.shaded.androidx.room.compiler.processing.javac.JavacMethodParameter$closestMemberContainer$2: loaded 4 times (x 79B)
Class dagger.spi.shaded.androidx.room.compiler.processing.javac.JavacVariableElement$type$2: loaded 4 times (x 79B)
Class com.squareup.kotlinpoet.Dynamic                                                 : loaded 4 times (x 86B)
Class dagger.spi.shaded.androidx.room.jarjarred.kotlinx.metadata.internal.metadata.jvm.JvmProtoBuf$StringTableTypesOrBuilder: loaded 4 times (x 70B)
Class [Ldagger.spi.shaded.androidx.room.jarjarred.kotlinx.metadata.internal.metadata.ProtoBuf$TypeParameter$Variance;: loaded 4 times (x 69B)
Class dagger.spi.shaded.androidx.room.jarjarred.kotlinx.metadata.internal.metadata.jvm.deserialization.JvmMemberSignature: loaded 4 times (x 74B)
Class dagger.spi.shaded.androidx.room.jarjarred.kotlinx.metadata.internal.metadata.ProtoBuf$Class$Kind: loaded 4 times (x 82B)
Class com.bumptech.glide.repackaged.com.google.common.collect.ObjectArrays            : loaded 4 times (x 71B)
Class dagger.internal.codegen.validation.InjectBindingRegistryImpl_Factory            : loaded 4 times (x 77B)
Class dagger.hilt.processor.internal.HiltCompilerOptions                              : loaded 4 times (x 71B)
Class dagger.internal.codegen.validation.BindingElementValidator$AllowsMultibindings  : loaded 4 times (x 79B)
Class dagger.internal.codegen.processingstep.BindsInstanceProcessingStep              : loaded 4 times (x 86B)
Class com.google.common.cache.Weigher                                                 : loaded 4 times (x 70B)
Class dagger.spi.shaded.androidx.room.compiler.processing.InternalXAnnotationValue$Companion: loaded 4 times (x 71B)
Class dagger.spi.model.DiagnosticReporter                                             : loaded 4 times (x 75B)
Class dagger.internal.codegen.model.$AutoValue_Key$Builder                            : loaded 4 times (x 78B)
Class dagger.internal.codegen.binding.BindingDeclaration                              : loaded 4 times (x 74B)
Class dagger.internal.codegen.binding.BindingFactory                                  : loaded 4 times (x 72B)
Class dagger.internal.codegen.validation.ExternalBindingGraphPlugins_Factory          : loaded 4 times (x 77B)
Class dagger.internal.codegen.validation.DependencyRequestValidator_Factory           : loaded 4 times (x 77B)
Class javax.inject.Provider                                                           : loaded 4 times (x 70B)
Class dagger.spi.shaded.androidx.room.compiler.processing.KnownTypeNames              : loaded 4 times (x 71B)
Class dagger.internal.codegen.binding.$AutoValue_ProvisionBinding$Builder             : loaded 4 times (x 103B)
Class com.google.common.graph.BaseGraph                                               : loaded 4 times (x 70B)
Class dagger.internal.codegen.xprocessing.XAnnotationValues                           : loaded 4 times (x 71B)
Class dagger.spi.shaded.androidx.room.compiler.processing.javac.JavacArrayType$equalityItems$2: loaded 4 times (x 79B)
Class dagger.spi.shaded.androidx.room.compiler.processing.javac.JavacMethodElement$returnType$2: loaded 4 times (x 79B)
Class dagger.spi.shaded.androidx.room.compiler.processing.DeclarationCollectorKt$collectAllMethods$1: loaded 4 times (x 95B)
Class dagger.spi.shaded.androidx.room.jarjarred.kotlinx.metadata.jvm.KotlinClassMetadata: loaded 4 times (x 72B)
Class dagger.spi.shaded.androidx.room.compiler.codegen.XClassName                     : loaded 4 times (x 75B)
Class dagger.spi.shaded.androidx.room.compiler.processing.javac.JavacTypeElement$_declaredMethods$2: loaded 4 times (x 79B)
Class dagger.spi.shaded.androidx.room.compiler.processing.XMemberContainer            : loaded 4 times (x 70B)
Class com.google.common.cache.CacheBuilder$NullListener                               : loaded 4 times (x 82B)
Class kotlin.reflect.jvm.internal.KClassImpl$Data$allStaticMembers$2                  : loaded 4 times (x 79B)
Class dagger.internal.DoubleCheck                                                     : loaded 4 times (x 78B)
Class androidx.room.compiler.processing.XProcessingEnvConfig                          : loaded 4 times (x 71B)
Class androidx.room.compiler.processing.XProcessingEnvConfig$Companion                : loaded 4 times (x 71B)
Class androidx.room.util.SimpleJavaVersion$Companion                                  : loaded 4 times (x 71B)
Class com.bumptech.glide.repackaged.com.google.common.collect.Hashing                 : loaded 4 times (x 71B)
Class dagger.internal.codegen.base.ElementFormatter_Factory                           : loaded 4 times (x 76B)
Class com.google.common.cache.LocalCache$Strength                                     : loaded 4 times (x 81B)
Class com.google.common.cache.Cache                                                   : loaded 4 times (x 70B)
Class dagger.spi.shaded.androidx.room.jarjarred.kotlinx.metadata.KmVersionRequirementVersionKind: loaded 4 times (x 79B)
Class dagger.internal.codegen.validation.MapKeyValidator                              : loaded 4 times (x 72B)
Class dagger.internal.codegen.binding.BindsTypeChecker$1                              : loaded 4 times (x 71B)
Class dagger.internal.codegen.binding.$AutoValue_ModuleDescriptor                     : loaded 4 times (x 85B)
Class dagger.internal.codegen.binding.DependencyRequestFactory                        : loaded 4 times (x 72B)
Class dagger.internal.codegen.javapoet.AnnotationSpecs                                : loaded 4 times (x 71B)
Class dagger.internal.codegen.bindinggraphvalidation.DependsOnProductionExecutorValidator_Factory: loaded 4 times (x 77B)
Class com.google.common.cache.LocalCache$EntryFactory$4                               : loaded 4 times (x 83B)
Class [Lcom.google.common.cache.Weigher;                                              : loaded 4 times (x 69B)
Class dagger.internal.codegen.xprocessing.XTypeElements                               : loaded 4 times (x 71B)
Class dagger.spi.shaded.androidx.room.compiler.processing.XFieldElement               : loaded 4 times (x 70B)
Class dagger.spi.shaded.androidx.room.jarjarred.kotlinx.metadata.internal.metadata.ProtoBuf$VersionRequirement$VersionKind$1: loaded 4 times (x 74B)
Class dagger.internal.codegen.validation.ComponentCreatorValidator                    : loaded 4 times (x 75B)
Class dagger.spi.shaded.androidx.room.compiler.processing.javac.JavacAnnotationValueKt$UNWRAP_VISITOR$1$visitArray$1$1: loaded 4 times (x 79B)
Class dagger.spi.shaded.androidx.room.compiler.processing.javac.JavacAnnotation$annotationValues$2: loaded 4 times (x 79B)
Class kotlin.reflect.jvm.internal.KClassImpl$Data$descriptor$2                        : loaded 4 times (x 79B)
Class dagger.spi.shaded.androidx.room.jarjarred.kotlinx.metadata.internal.extensions.KmClassExtension: loaded 4 times (x 70B)
Class dagger.spi.shaded.androidx.room.jarjarred.kotlinx.metadata.internal.protobuf.FieldSet: loaded 4 times (x 72B)
Class dagger.spi.shaded.androidx.room.jarjarred.kotlinx.metadata.internal.metadata.jvm.JvmProtoBuf$JvmMethodSignature$1: loaded 4 times (x 144B)
Class com.squareup.kotlinpoet.WildcardTypeName$Companion                              : loaded 4 times (x 71B)
Class dagger.spi.shaded.androidx.room.jarjarred.kotlinx.metadata.internal.protobuf.WireFormat$FieldType$4: loaded 4 times (x 83B)
Class kotlin.reflect.jvm.internal.KClassImpl$Data$sealedSubclasses$2                  : loaded 4 times (x 79B)
Class dagger.spi.shaded.auto.common.AnnotationMirrors$1                               : loaded 4 times (x 84B)
Class dagger.spi.shaded.androidx.room.jarjarred.kotlinx.metadata.internal.metadata.jvm.deserialization.ClassMapperLite: loaded 4 times (x 71B)
Class dagger.spi.shaded.androidx.room.jarjarred.kotlinx.metadata.jvm.internal.JvmPropertyExtension: loaded 4 times (x 88B)
Class dagger.internal.codegen.xprocessing.XTypeElements$Visibility                    : loaded 4 times (x 79B)
Class [Ldagger.internal.codegen.validation.ModuleValidator$ModuleMethodKind;          : loaded 4 times (x 69B)
Class dagger.internal.codegen.validation.BindingGraphValidator                        : loaded 4 times (x 72B)
Class dagger.internal.codegen.bindinggraphvalidation.SubcomponentFactoryMethodValidator: loaded 4 times (x 85B)
Class dagger.internal.codegen.binding.OptionalBindingDeclaration$Factory              : loaded 4 times (x 73B)
Class dagger.internal.codegen.binding.DelegateDeclaration                             : loaded 4 times (x 80B)
Class dagger.internal.codegen.processingstep.MultibindingAnnotationsProcessingStep    : loaded 4 times (x 86B)
Class androidx.room.compiler.processing.XFiler                                        : loaded 4 times (x 70B)
Class dagger.spi.shaded.androidx.room.jarjarred.kotlinx.metadata.internal.metadata.ProtoBuf$Class$1: loaded 4 times (x 144B)
Class dagger.spi.shaded.androidx.room.jarjarred.kotlinx.metadata.jvm.JvmExtensionsKt  : loaded 4 times (x 71B)
Class dagger.spi.shaded.androidx.room.jarjarred.kotlinx.metadata.internal.protobuf.CodedOutputStream: loaded 4 times (x 72B)
Class dagger.internal.codegen.bindinggraphvalidation.ProvisionDependencyOnProducerBindingValidator_Factory: loaded 4 times (x 76B)
Class dagger.spi.shaded.androidx.room.jarjarred.kotlinx.metadata.internal.metadata.ProtoBuf$VersionRequirement$VersionKind: loaded 4 times (x 82B)
Class dagger.spi.shaded.androidx.room.jarjarred.kotlinx.metadata.internal.metadata.ProtoBuf$Package$1: loaded 4 times (x 144B)
Class dagger.spi.shaded.androidx.room.compiler.processing.javac.JavacMethodElement$propertyName$2: loaded 4 times (x 79B)
Class dagger.spi.shaded.androidx.room.compiler.processing.javac.JavacExecutableElement$thrownTypes$2: loaded 4 times (x 79B)
Class dagger.spi.shaded.androidx.room.compiler.processing.javac.kotlin.KmClassContainer$constructorList$2: loaded 4 times (x 79B)
Class kotlin.reflect.jvm.internal.KClassImpl$Data$nestedClasses$2                     : loaded 4 times (x 79B)
Class [Ldagger.internal.codegen.compileroption.ProcessingEnvironmentCompilerOptions$Feature;: loaded 4 times (x 69B)
Class dagger.internal.codegen.binding.OptionalBindingDeclaration                      : loaded 4 times (x 74B)
Class dagger.spi.model.DaggerProcessingEnv                                            : loaded 4 times (x 75B)
Class dagger.internal.codegen.xprocessing.XMethodElements                             : loaded 4 times (x 71B)
Class com.bumptech.glide.repackaged.com.google.common.collect.ImmutableList           : loaded 4 times (x 205B)
Class dagger.internal.codegen.bindinggraphvalidation.IncompatiblyScopedBindingsValidator_Factory: loaded 4 times (x 77B)
Class dagger.internal.codegen.writing.InjectionMethods$InstanceCastPolicy             : loaded 4 times (x 79B)
Class com.google.common.collect.FluentIterable                                        : loaded 4 times (x 81B)
Class com.google.common.cache.LoadingCache                                            : loaded 4 times (x 70B)
Class dagger.internal.codegen.bindinggraphvalidation.BindingGraphValidationModule_ProvidePluginsFactory: loaded 4 times (x 77B)
Class dagger.internal.codegen.binding.FrameworkField                                  : loaded 4 times (x 73B)
Class dagger.internal.codegen.validation.BindingMethodValidatorsModule                : loaded 4 times (x 70B)
Class com.google.common.cache.RemovalListener                                         : loaded 4 times (x 70B)
Class dagger.hilt.processor.internal.ProcessorErrorHandler                            : loaded 4 times (x 72B)
Class com.google.common.collect.Maps$EntryFunction$1                                  : loaded 4 times (x 91B)
Class com.google.devtools.ksp.symbol.KSAnnotated                                      : loaded 4 times (x 70B)
Class com.google.common.collect.AbstractMapBasedMultimap$WrappedCollection$WrappedIterator: loaded 4 times (x 84B)
Class dagger.internal.codegen.binding.SubcomponentDeclaration$Factory                 : loaded 4 times (x 73B)
Class dagger.internal.codegen.base.ModuleKind                                         : loaded 4 times (x 79B)
Class [Lcom.google.common.collect.Maps$EntryFunction;                                 : loaded 4 times (x 69B)
Class dagger.internal.codegen.binding.$AutoValue_MultibindingDeclaration              : loaded 4 times (x 79B)
Class dagger.internal.codegen.binding.BindsTypeChecker_Factory                        : loaded 4 times (x 77B)
Class com.google.common.graph.Traverser                                               : loaded 4 times (x 73B)
Class com.google.common.base.Present                                                  : loaded 4 times (x 81B)
Class dagger.spi.shaded.androidx.room.jarjarred.kotlinx.metadata.internal.metadata.ProtoBuf$Expression$ConstantValue$1: loaded 4 times (x 74B)
Class dagger.spi.shaded.androidx.room.jarjarred.kotlinx.metadata.internal.metadata.jvm.JvmProtoBuf: loaded 4 times (x 71B)
Class dagger.spi.shaded.androidx.room.compiler.processing.javac.JavacAnnotation$declaredAnnotationValues$2: loaded 4 times (x 79B)
Class dagger.internal.codegen.binding.BindsTypeChecker                                : loaded 4 times (x 72B)
Class com.google.common.cache.LocalCache$Strength$3                                   : loaded 4 times (x 81B)
Class kotlin.reflect.jvm.internal.KClassImpl$Data$annotations$2                       : loaded 4 times (x 79B)
Class dagger.internal.codegen.validation.BindingElementValidator                      : loaded 4 times (x 78B)
Class com.google.common.base.Splitter$1                                               : loaded 4 times (x 77B)
Class dagger.hilt.processor.internal.generatesrootinput.GeneratesRootInputs           : loaded 4 times (x 72B)
Class dagger.internal.codegen.binding.AutoValue_FrameworkField                        : loaded 4 times (x 74B)
Class com.squareup.kotlinpoet.TypeNames                                               : loaded 4 times (x 71B)
Class com.bumptech.glide.annotation.compiler.RequestOptionsOverrideGenerator          : loaded 4 times (x 72B)
Class dagger.spi.shaded.androidx.room.compiler.processing.javac.kotlin.JvmDescriptorTypeVisitor$visitExecutable$parameterDescriptors$1: loaded 4 times (x 79B)
Class dagger.spi.shaded.androidx.room.compiler.processing.InternalXAnnotationValue$Kind$Companion: loaded 4 times (x 71B)
Class kotlin.reflect.jvm.internal.KClassImpl$Data$allNonStaticMembers$2               : loaded 4 times (x 79B)
Class dagger.spi.shaded.androidx.room.jarjarred.kotlinx.metadata.internal.protobuf.WireFormat$FieldType$3: loaded 4 times (x 83B)
Class dagger.spi.shaded.androidx.room.jarjarred.kotlinx.metadata.KmClassVisitor       : loaded 4 times (x 92B)
Class com.google.common.collect.Maps$EntryFunction$2                                  : loaded 4 times (x 91B)
Class [Ldagger.internal.codegen.validation.BindingMethodValidator$Abstractness;       : loaded 4 times (x 69B)
Class dagger.internal.codegen.processingstep.AssistedInjectProcessingStep_Factory     : loaded 4 times (x 77B)
Class dagger.internal.codegen.model.RequestKind                                       : loaded 4 times (x 79B)
Class dagger.spi.shaded.androidx.room.jarjarred.kotlinx.metadata.internal.metadata.ProtoBuf$Property$1: loaded 4 times (x 144B)
Class dagger.spi.shaded.androidx.room.jarjarred.kotlinx.metadata.internal.metadata.ProtoBuf$TypeParameter$Variance: loaded 4 times (x 82B)
Class com.google.common.primitives.IntsMethodsForWeb                                  : loaded 4 times (x 71B)
Class dagger.internal.codegen.xprocessing.XTypes$XTypeEquivalence                     : loaded 4 times (x 84B)
Class dagger.spi.shaded.androidx.room.jarjarred.kotlinx.metadata.internal.extensions.KmTypeExtension: loaded 4 times (x 70B)
Class dagger.spi.shaded.androidx.room.jarjarred.kotlinx.metadata.internal.metadata.jvm.JvmProtoBuf$StringTableTypes$Record$Operation: loaded 4 times (x 82B)
Class dagger.spi.shaded.androidx.room.jarjarred.kotlinx.metadata.internal.protobuf.RopeByteString: loaded 4 times (x 110B)
Class dagger.spi.shaded.androidx.room.compiler.processing.javac.kotlin.KotlinClassMetadataUtilsKt: loaded 4 times (x 71B)
Class dagger.spi.shaded.androidx.room.compiler.processing.javac.kotlin.KmPropertyContainer: loaded 4 times (x 75B)
Class dagger.hilt.processor.internal.kotlin.KotlinMetadataFactory                     : loaded 4 times (x 72B)
Class dagger.internal.codegen.validation.ProducesMethodValidator                      : loaded 4 times (x 78B)
Class dagger.internal.codegen.componentgenerator.ComponentGenerator_Factory           : loaded 4 times (x 77B)
Class dagger.spi.shaded.androidx.room.jarjarred.kotlinx.metadata.Flag$Class           : loaded 4 times (x 71B)
Class dagger.internal.codegen.model.Key$Builder                                       : loaded 4 times (x 76B)
Class dagger.internal.codegen.model.DaggerElement                                     : loaded 4 times (x 73B)
Class com.google.common.collect.Collections2$FilteredCollection                       : loaded 4 times (x 119B)
Class androidx.room.processor.Context$Companion$ARG_OPTIONS$2                         : loaded 4 times (x 78B)
Class com.bumptech.glide.annotation.compiler.AppModuleGenerator                       : loaded 4 times (x 72B)
Class dagger.internal.codegen.DelegateComponentProcessor$Injector$Factory             : loaded 4 times (x 70B)
Class dagger.spi.shaded.auto.common.AnnotationOutput                                  : loaded 4 times (x 71B)
Class com.google.common.base.ExtraObjectsMethodsForWeb                                : loaded 4 times (x 71B)
Class dagger.spi.shaded.androidx.room.jarjarred.kotlinx.metadata.internal.metadata.ProtoBuf$VersionRequirement$1: loaded 4 times (x 144B)
Class dagger.spi.shaded.androidx.room.jarjarred.kotlinx.metadata.internal.extensions.KmTypeParameterExtension: loaded 4 times (x 70B)
Class dagger.internal.codegen.model.DaggerProcessingEnv                               : loaded 4 times (x 74B)
Class dagger.internal.codegen.binding.AutoValue_OptionalBindingDeclaration            : loaded 4 times (x 75B)
Class [Ldagger.internal.codegen.compileroption.ProcessingEnvironmentCompilerOptions$CommandLineOption;: loaded 4 times (x 69B)
Class dagger.internal.codegen.ProcessingEnvironmentModule_FilerFactory                : loaded 4 times (x 77B)
Class dagger.internal.codegen.binding.MethodSignatureFormatter_Factory                : loaded 4 times (x 77B)
Class com.google.common.collect.NullnessCasts                                         : loaded 4 times (x 71B)
Class dagger.spi.shaded.androidx.room.jarjarred.kotlinx.metadata.internal.metadata.jvm.JvmProtoBuf$StringTableTypes$Record$1: loaded 4 times (x 144B)
Class dagger.spi.shaded.androidx.room.compiler.processing.InternalXAnnotationValue    : loaded 4 times (x 155B)
Class kotlin.reflect.jvm.internal.KClassImpl$Data$declaredNonStaticMembers$2          : loaded 4 times (x 79B)
Class dagger.spi.shaded.androidx.room.compiler.codegen.XTypeNameKt                    : loaded 4 times (x 71B)
Class com.google.common.cache.LocalCache$Strength$2                                   : loaded 4 times (x 81B)
Class com.google.common.cache.LocalCache$EntryFactory$5                               : loaded 4 times (x 83B)
Class dagger.internal.codegen.langmodel.Accessibility                                 : loaded 4 times (x 71B)
Class dagger.internal.codegen.model.DaggerExecutableElement                           : loaded 4 times (x 73B)
Class dagger.internal.codegen.model.BindingGraph$Node                                 : loaded 4 times (x 70B)
Class dagger.internal.codegen.writing.InaccessibleMapKeyProxyGenerator_Factory        : loaded 4 times (x 77B)
Class dagger.spi.shaded.androidx.room.compiler.processing.DeclarationCollectorKt      : loaded 4 times (x 71B)
Class dagger.internal.codegen.binding.SourceFiles$1                                   : loaded 4 times (x 71B)
Class com.google.common.cache.CacheLoader$InvalidCacheLoadException                   : loaded 4 times (x 82B)
Class com.google.common.cache.CacheBuilder                                            : loaded 4 times (x 72B)
Class dagger.internal.codegen.componentgenerator.TopLevelImplementationComponent      : loaded 4 times (x 70B)
Class dagger.internal.codegen.bindinggraphvalidation.DependsOnProductionExecutorValidator: loaded 4 times (x 85B)
Class dagger.internal.codegen.bindinggraphvalidation.ProvisionDependencyOnProducerBindingValidator_Factory$InstanceHolder: loaded 4 times (x 71B)
Class dagger.internal.codegen.validation.SpiModelBindingGraphConverter$DiagnosticReporterImpl: loaded 4 times (x 76B)
Class dagger.spi.shaded.androidx.room.jarjarred.kotlinx.metadata.internal.protobuf.AbstractMessageLite$Builder: loaded 4 times (x 122B)
Class dagger.spi.shaded.androidx.room.jarjarred.kotlinx.metadata.internal.protobuf.AbstractMessageLite$Builder$LimitedInputStream: loaded 4 times (x 92B)
Class dagger.spi.shaded.androidx.room.jarjarred.kotlinx.metadata.Flag                 : loaded 4 times (x 71B)
Class dagger.spi.shaded.auto.common.AnnotationMirrors                                 : loaded 4 times (x 71B)
Class kotlin.reflect.jvm.internal.impl.builtins.functions.FunctionClassKind           : loaded 4 times (x 80B)
Class dagger.spi.shaded.androidx.room.jarjarred.kotlinx.metadata.internal.protobuf.SmallSortedMap$1: loaded 4 times (x 130B)
Class dagger.spi.shaded.androidx.room.compiler.processing.javac.JavacProcessingEnvMessager: loaded 4 times (x 73B)
Class [Ldagger.spi.shaded.androidx.room.compiler.processing.XNullability;             : loaded 4 times (x 69B)
Class dagger.spi.shaded.androidx.room.compiler.processing.XAnnotation                 : loaded 4 times (x 70B)
Class [Ldagger.internal.codegen.javapoet.AnnotationSpecs$Suppression;                 : loaded 4 times (x 69B)
Class dagger.spi.shaded.androidx.room.compiler.processing.InternalXAnnotationKt       : loaded 4 times (x 71B)
Class dagger.spi.shaded.androidx.room.compiler.processing.javac.kotlin.KmClassContainer: loaded 4 times (x 75B)
Class dagger.spi.shaded.androidx.room.jarjarred.kotlinx.metadata.internal.protobuf.WireFormat$FieldType$2: loaded 4 times (x 83B)
Class dagger.spi.shaded.androidx.room.jarjarred.kotlinx.metadata.internal.metadata.ProtoBuf$TypeParameter: loaded 4 times (x 130B)
Class dagger.spi.shaded.androidx.room.compiler.processing.XEquality$Companion         : loaded 4 times (x 71B)
Class dagger.spi.shaded.androidx.room.compiler.processing.XType                       : loaded 4 times (x 70B)
Class dagger.spi.shaded.androidx.room.jarjarred.kotlinx.metadata.KmTypeParameter      : loaded 4 times (x 76B)
Class dagger.internal.codegen.binding.InjectionSiteFactory_Factory                    : loaded 4 times (x 77B)
Class com.google.common.base.JdkPattern                                               : loaded 4 times (x 75B)
Class dagger.internal.codegen.validation.ModuleValidator$ModuleMethodKind             : loaded 4 times (x 79B)
Class [Ldagger.internal.codegen.base.ContributionType;                                : loaded 4 times (x 69B)
Class dagger.internal.codegen.validation.SpiModelBindingGraphConverter$DaggerProcessingEnvImpl: loaded 4 times (x 76B)
Class dagger.internal.codegen.validation.BindsOptionalOfMethodValidator               : loaded 4 times (x 78B)
Class dagger.internal.codegen.DelegateComponentProcessor$SourceFileGeneratorsModule   : loaded 4 times (x 70B)
Class dagger.internal.codegen.validation.ProvidesMethodValidator_Factory              : loaded 4 times (x 77B)
Class dagger.internal.codegen.DaggerDelegateComponentProcessor_Injector$Factory       : loaded 4 times (x 74B)
Class dagger.internal.codegen.processingstep.ComponentProcessingStep_Factory          : loaded 4 times (x 77B)
Class [Ldagger.spi.shaded.androidx.room.jarjarred.kotlinx.metadata.internal.metadata.ProtoBuf$Effect$EffectType;: loaded 4 times (x 69B)
Class dagger.spi.shaded.androidx.room.jarjarred.kotlinx.metadata.internal.metadata.ProtoBuf$Type$Argument$1: loaded 4 times (x 144B)
Class kotlin.reflect.jvm.internal.KCallableImpl$_parameters$1                         : loaded 4 times (x 79B)
Class dagger.spi.shaded.androidx.room.compiler.processing.javac.JavacTypeElement$enclosingTypeElement$2: loaded 4 times (x 79B)
Class dagger.spi.shaded.androidx.room.jarjarred.kotlinx.metadata.internal.metadata.deserialization.VersionRequirement$Version: loaded 4 times (x 71B)
Class com.google.common.cache.LocalCache$Strength$1                                   : loaded 4 times (x 81B)
Class dagger.spi.shaded.androidx.room.compiler.processing.XParameterizable            : loaded 4 times (x 70B)
Class dagger.spi.shaded.androidx.room.compiler.processing.javac.XTypeElementStore     : loaded 4 times (x 72B)
Class dagger.spi.shaded.androidx.room.jarjarred.kotlinx.metadata.internal.protobuf.FieldSet$1: loaded 4 times (x 71B)
Class com.google.common.cache.LocalCache$EntryFactory$6                               : loaded 4 times (x 83B)
Class [Ldagger.spi.shaded.androidx.room.jarjarred.kotlinx.metadata.internal.metadata.ProtoBuf$VersionRequirement$Level;: loaded 4 times (x 69B)
Class androidx.room.processor.Context$ProcessorOptions                                : loaded 4 times (x 79B)
Class dagger.spi.shaded.androidx.room.compiler.processing.javac.kotlin.KmConstructorContainer$parameters$2: loaded 4 times (x 79B)
Class dagger.internal.codegen.kotlin.KotlinMetadataFactory_Factory                    : loaded 4 times (x 76B)
Class dagger.internal.codegen.base.AutoValue_ComponentAnnotation                      : loaded 4 times (x 76B)
Class dagger.internal.InstanceFactory                                                 : loaded 4 times (x 80B)
Class dagger.internal.codegen.binding.KeyFactory_Factory                              : loaded 4 times (x 77B)
Class androidx.room.compiler.processing.javac.JavacProcessingEnv$Companion            : loaded 4 times (x 71B)
Class dagger.internal.codegen.validation.MembersInjectionValidator                    : loaded 4 times (x 72B)
Class dagger.spi.shaded.androidx.room.jarjarred.kotlinx.metadata.internal.metadata.ProtoBuf$Visibility$1: loaded 4 times (x 74B)
Class dagger.spi.shaded.androidx.room.compiler.processing.javac.JavacType$xTypeName$2 : loaded 4 times (x 79B)
Class dagger.spi.shaded.androidx.room.compiler.processing.javac.JavacProcessingEnv$WhenMappings: loaded 4 times (x 71B)
Class kotlin.reflect.jvm.internal.KClassImpl$Data$declaredStaticMembers$2             : loaded 4 times (x 79B)
Class kotlin.reflect.jvm.internal.KProperty1Impl$delegateSource$1                     : loaded 4 times (x 79B)
Class androidx.room.compiler.processing.XProcessingEnv                                : loaded 4 times (x 70B)
Class dagger.hilt.android.processor.internal.AndroidClassNames                        : loaded 4 times (x 71B)
Class [Ldagger.hilt.processor.internal.optionvalues.BooleanValue;                     : loaded 4 times (x 69B)
Class dagger.spi.shaded.androidx.room.jarjarred.kotlinx.metadata.Flag$Function        : loaded 4 times (x 71B)
Class dagger.spi.shaded.androidx.room.jarjarred.kotlinx.metadata.jvm.JvmPropertyExtensionVisitor$Companion: loaded 4 times (x 71B)
Class net.ltgt.gradle.incap.IncrementalAnnotationProcessorType                        : loaded 4 times (x 79B)
Class dagger.spi.shaded.androidx.room.compiler.processing.javac.JavacTypeElement$DefaultJavacTypeElement: loaded 4 times (x 289B)
Class com.google.common.collect.Iterables$5                                           : loaded 4 times (x 81B)
Class com.google.common.base.Splitter$1$1                                             : loaded 4 times (x 86B)
Class dagger.internal.codegen.writing.InjectionMethods$ProvisionMethod                : loaded 4 times (x 71B)
Class dagger.spi.shaded.auto.common.MoreTypes                                         : loaded 4 times (x 71B)
Class dagger.spi.shaded.androidx.room.jarjarred.kotlinx.metadata.internal.protobuf.WireFormat$FieldType$1: loaded 4 times (x 83B)
Class dagger.spi.shaded.androidx.room.jarjarred.kotlinx.metadata.internal.metadata.ProtoBuf$TypeTableOrBuilder: loaded 4 times (x 70B)
Class dagger.spi.shaded.androidx.room.jarjarred.kotlinx.metadata.KmTypeExtensionVisitor: loaded 4 times (x 70B)
Class com.google.common.base.Suppliers$SupplierOfInstance                             : loaded 4 times (x 79B)
Class [Ldagger.spi.shaded.androidx.room.jarjarred.kotlinx.metadata.KmVersionRequirementLevel;: loaded 4 times (x 69B)
Class dagger.spi.shaded.androidx.room.compiler.processing.ksp.KSTypeJavaPoetExtKt     : loaded 4 times (x 71B)
Class dagger.internal.codegen.binding.AutoValue_DelegateDeclaration                   : loaded 4 times (x 83B)
Class dagger.internal.codegen.validation.DependencyRequestValidator                   : loaded 4 times (x 72B)
Class dagger.spi.shaded.androidx.room.jarjarred.kotlinx.metadata.internal.protobuf.SmallSortedMap$Entry: loaded 4 times (x 88B)
Class dagger.internal.SingleCheck                                                     : loaded 4 times (x 75B)
Class dagger.spi.shaded.auto.common.Overrides                                         : loaded 4 times (x 72B)
Class dagger.spi.shaded.androidx.room.jarjarred.kotlinx.metadata.KmFunction           : loaded 4 times (x 82B)
Class dagger.spi.shaded.androidx.room.compiler.processing.javac.JavacMethodParameter  : loaded 4 times (x 225B)
Class dagger.spi.shaded.androidx.room.jarjarred.kotlinx.metadata.internal.metadata.jvm.JvmProtoBuf$StringTableTypes: loaded 4 times (x 110B)
Class dagger.spi.shaded.androidx.room.compiler.processing.javac.JavacMethodType$typeVariables$2: loaded 4 times (x 79B)
Class dagger.internal.codegen.xprocessing.XAnnotations                                : loaded 4 times (x 71B)
Class dagger.spi.shaded.androidx.room.compiler.processing.javac.JavacType             : loaded 4 times (x 187B)
Class dagger.spi.shaded.auto.common.Visibility                                        : loaded 4 times (x 79B)
Class dagger.spi.shaded.androidx.room.jarjarred.kotlinx.metadata.internal.protobuf.CodedOutputStream$OutOfSpaceException: loaded 4 times (x 82B)
Class dagger.spi.shaded.androidx.room.jarjarred.kotlinx.metadata.internal.metadata.deserialization.VersionRequirement$Companion$WhenMappings: loaded 4 times (x 71B)
Class dagger.internal.Preconditions                                                   : loaded 4 times (x 71B)
Class dagger.internal.codegen.validation.MembersInjectionValidator_Factory            : loaded 4 times (x 77B)
Class dagger.internal.codegen.bindinggraphvalidation.CompositeBindingGraphPlugin_Factory: loaded 4 times (x 72B)
Class [Ldagger.internal.codegen.model.RequestKind;                                    : loaded 4 times (x 69B)
Class com.google.common.cache.LocalCache$ComputingValueReference                      : loaded 4 times (x 96B)
Class dagger.internal.codegen.validation.BindsMethodValidator$Validator               : loaded 4 times (x 80B)
Class dagger.internal.codegen.writing.ProducerFactoryGenerator$SingleArgFutureTransform: loaded 4 times (x 78B)
Class dagger.internal.codegen.xprocessing.XTypes$TypeResolutionVisitor                : loaded 4 times (x 101B)
Class [Ldagger.internal.codegen.base.ComponentCreatorKind;                            : loaded 4 times (x 69B)
Class dagger.internal.codegen.processingstep.ProcessingStepsModule_ProcessingStepsFactory: loaded 4 times (x 77B)
Class dagger.internal.codegen.DelegateComponentProcessor_MembersInjector              : loaded 4 times (x 75B)
Class dagger.internal.codegen.compileroption.ProcessingEnvironmentCompilerOptions_Factory: loaded 4 times (x 77B)
Class com.google.common.cache.LocalCache$LocalLoadingCache                            : loaded 4 times (x 134B)
Class dagger.internal.codegen.binding.Nullability                                     : loaded 4 times (x 73B)
Class dagger.spi.shaded.androidx.room.compiler.processing.javac.kotlin.KmTypeContainer: loaded 4 times (x 82B)
Class dagger.spi.shaded.androidx.room.jarjarred.kotlinx.metadata.internal.metadata.ProtoBuf$VersionRequirementTableOrBuilder: loaded 4 times (x 70B)
Class dagger.spi.shaded.androidx.room.jarjarred.kotlinx.metadata.internal.metadata.ProtoBuf$TypeParameterOrBuilder: loaded 4 times (x 70B)
Class kotlin.reflect.jvm.internal.KClassImpl$Data$simpleName$2                        : loaded 4 times (x 79B)
Class kotlin.reflect.jvm.internal.CachesKt$CACHE_FOR_BASE_CLASSIFIERS$1               : loaded 4 times (x 78B)
Class dagger.hilt.android.processor.internal.viewmodel.ViewModelProcessingStep        : loaded 4 times (x 87B)
Class dagger.internal.codegen.writing.InjectionMethods$CheckNotNullPolicy             : loaded 4 times (x 79B)
Class dagger.hilt.processor.internal.ClassNames                                       : loaded 4 times (x 71B)
Class com.google.common.cache.LocalCache$EntryFactory                                 : loaded 4 times (x 83B)
Class com.google.common.cache.LocalCache$EntryFactory$7                               : loaded 4 times (x 83B)
Class [Ldagger.hilt.processor.internal.root.RootType;                                 : loaded 4 times (x 69B)
Class com.google.common.cache.LocalCache$Segment                                      : loaded 4 times (x 154B)
Class dagger.spi.shaded.androidx.room.compiler.processing.javac.JavacTypeElement$allFieldsIncludingPrivateSupers$1: loaded 4 times (x 79B)
Class dagger.spi.shaded.androidx.room.compiler.processing.javac.JavacTypeVariableType : loaded 4 times (x 211B)
Class com.google.common.collect.AbstractMapBasedMultimap$AsMap$AsMapEntries           : loaded 4 times (x 138B)
Class dagger.internal.codegen.binding.AutoValue_Nullability                           : loaded 4 times (x 74B)
Class dagger.internal.codegen.writing.InaccessibleMapKeyProxyGenerator                : loaded 4 times (x 77B)
Class dagger.internal.codegen.base.DaggerSuperficialValidation$ValidationException$UnexpectedException: loaded 4 times (x 83B)
Class dagger.internal.codegen.binding.ProvisionBinding                                : loaded 4 times (x 95B)
Class dagger.internal.codegen.binding.InjectionSiteFactory                            : loaded 4 times (x 72B)
Class dagger.spi.shaded.androidx.room.compiler.processing.javac.JavacTypeElement$superClass$2: loaded 4 times (x 79B)
Class dagger.spi.shaded.androidx.room.compiler.processing.XExecutableElement          : loaded 4 times (x 70B)
Class [Ldagger.spi.shaded.androidx.room.jarjarred.kotlinx.metadata.internal.metadata.ProtoBuf$MemberKind;: loaded 4 times (x 69B)
Class dagger.spi.shaded.androidx.room.jarjarred.kotlinx.metadata.internal.metadata.ProtoBuf$Visibility: loaded 4 times (x 82B)
Class dagger.spi.shaded.androidx.room.jarjarred.kotlinx.metadata.internal.metadata.jvm.JvmProtoBuf$JvmMethodSignature: loaded 4 times (x 108B)
Class kotlin.reflect.jvm.internal.KClassImpl$Data$supertypes$2                        : loaded 4 times (x 79B)
Class kotlin.reflect.jvm.internal.impl.builtins.PrimitiveType$arrayTypeFqName$2       : loaded 4 times (x 79B)
Class com.squareup.kotlinpoet.WildcardTypeName                                        : loaded 4 times (x 86B)
Class dagger.hilt.processor.internal.root.Root                                        : loaded 4 times (x 77B)
Class dagger.spi.shaded.androidx.room.compiler.processing.javac.JavacTypeElement$allMethods$1: loaded 4 times (x 79B)
Class dagger.spi.shaded.androidx.room.jarjarred.kotlinx.metadata.internal.metadata.ProtoBuf$Type$1: loaded 4 times (x 144B)
Class dagger.spi.shaded.androidx.room.compiler.processing.CommonProcessorDelegate$processRound$currentElementsDeferredByStep$1$previousRoundDeferredElementsByAnnotation$1: loaded 4 times (x 78B)
Class [Ldagger.spi.shaded.androidx.room.jarjarred.kotlinx.metadata.internal.protobuf.Internal$EnumLite;: loaded 4 times (x 69B)
Class kotlin.reflect.jvm.internal.KPropertyImpl$_descriptor$1                         : loaded 4 times (x 79B)
Class dagger.spi.shaded.androidx.room.jarjarred.kotlinx.metadata.internal.metadata.jvm.JvmProtoBuf$StringTableTypes$Record$Operation$1: loaded 4 times (x 74B)
Class dagger.spi.shaded.androidx.room.jarjarred.kotlinx.metadata.internal.metadata.ProtoBuf$Class: loaded 4 times (x 180B)
Class [Ldagger.spi.shaded.androidx.room.jarjarred.kotlinx.metadata.KmVariance;        : loaded 4 times (x 69B)
Class com.google.common.cache.CacheLoader                                             : loaded 4 times (x 74B)
Class dagger.spi.shaded.androidx.room.jarjarred.kotlinx.metadata.internal.metadata.ProtoBuf$VersionRequirement$Level: loaded 4 times (x 82B)
Class dagger.internal.codegen.writing.ModuleProxies                                   : loaded 4 times (x 71B)
Class dagger.internal.codegen.componentgenerator.ComponentHjarGenerator_Factory       : loaded 4 times (x 77B)
Class dagger.internal.codegen.validation.ValidationBindingGraphPlugin                 : loaded 4 times (x 85B)
Class dagger.internal.codegen.processingstep.MonitoringModuleProcessingStep           : loaded 4 times (x 86B)
Class dagger.internal.codegen.processingstep.InjectProcessingStep_Factory             : loaded 4 times (x 77B)
Class dagger.internal.codegen.bindinggraphvalidation.SubcomponentFactoryMethodValidator_Factory$InstanceHolder: loaded 4 times (x 71B)
Class com.bumptech.glide.repackaged.com.squareup.javapoet.Util                        : loaded 4 times (x 71B)
Class dagger.spi.shaded.androidx.room.jarjarred.kotlinx.metadata.KmTypeVisitor        : loaded 4 times (x 82B)
Class dagger.spi.shaded.androidx.room.jarjarred.kotlinx.metadata.KmValueParameter     : loaded 4 times (x 77B)
Class dagger.spi.shaded.androidx.room.jarjarred.kotlinx.metadata.internal.protobuf.GeneratedMessageLite$ExtensionDescriptor: loaded 4 times (x 84B)
Class dagger.spi.shaded.androidx.room.jarjarred.kotlinx.metadata.KmClass              : loaded 4 times (x 98B)
Class dagger.spi.shaded.androidx.room.compiler.processing.javac.kotlin.KmClassContainer$propertyList$2: loaded 4 times (x 79B)
Class [Ldagger.internal.codegen.binding.FrameworkType;                                : loaded 4 times (x 69B)
Class dagger.spi.shaded.androidx.room.jarjarred.kotlinx.metadata.jvm.JvmFieldSignature: loaded 4 times (x 75B)
Class dagger.internal.codegen.processingstep.SuperficialValidator                     : loaded 4 times (x 75B)
Class dagger.spi.shaded.androidx.room.compiler.processing.javac.JavacElement$docComment$2: loaded 4 times (x 79B)
Class dagger.internal.codegen.processingstep.AssistedFactoryProcessingStep            : loaded 4 times (x 86B)
Class dagger.internal.codegen.model.DaggerAnnotation                                  : loaded 4 times (x 76B)
Class com.google.common.collect.Maps$ViewCachingAbstractMap                           : loaded 4 times (x 125B)
Class dagger.internal.codegen.compileroption.ProcessingEnvironmentCompilerOptions     : loaded 4 times (x 95B)
Class [Lcom.google.common.base.Function;                                              : loaded 4 times (x 69B)
Class dagger.internal.codegen.validation.DiagnosticReporterFactory                    : loaded 4 times (x 72B)
Class dagger.internal.codegen.model.DaggerType                                        : loaded 4 times (x 74B)
Class com.google.common.base.Splitter$SplittingIterator                               : loaded 4 times (x 84B)
Class com.google.common.collect.Maps$AbstractFilteredMap                              : loaded 4 times (x 127B)
Class dagger.spi.shaded.androidx.room.compiler.processing.javac.JavacFieldElement$setter$2: loaded 4 times (x 79B)
Class dagger.spi.shaded.androidx.room.jarjarred.kotlinx.metadata.internal.metadata.ProtoBuf$VersionRequirementOrBuilder: loaded 4 times (x 70B)
Class dagger.internal.codegen.model.Key$MultibindingContributionIdentifier            : loaded 4 times (x 73B)
Class dagger.internal.codegen.binding.MapKeys                                         : loaded 4 times (x 71B)
Class dagger.internal.codegen.binding.DependencyRequestFormatter                      : loaded 4 times (x 86B)
Class dagger.internal.codegen.validation.MultibindsMethodValidator                    : loaded 4 times (x 79B)
Class dagger.spi.shaded.androidx.room.compiler.processing.javac.JavacConstructorElement$kotlinMetadata$2: loaded 4 times (x 79B)
Class dagger.internal.codegen.binding.FrameworkType$3                                 : loaded 4 times (x 71B)
Class dagger.spi.shaded.androidx.room.jarjarred.kotlinx.metadata.internal.metadata.ProtoBuf$ClassOrBuilder: loaded 4 times (x 70B)
Class dagger.spi.shaded.androidx.room.jarjarred.kotlinx.metadata.internal.metadata.ProtoBuf$ValueParameter: loaded 4 times (x 128B)
Class dagger.spi.shaded.androidx.room.jarjarred.kotlinx.metadata.internal.protobuf.SmallSortedMap$EmptySet: loaded 4 times (x 71B)
Class dagger.spi.shaded.androidx.room.jarjarred.kotlinx.metadata.internal.protobuf.MessageLite: loaded 4 times (x 70B)
Class dagger.hilt.processor.internal.root.AutoValue_Root                              : loaded 4 times (x 78B)
Class dagger.spi.shaded.androidx.room.jarjarred.kotlinx.metadata.jvm.internal.JvmTypeParameterExtension: loaded 4 times (x 84B)
Class dagger.spi.shaded.androidx.room.compiler.processing.javac.JavacTypeVariableType$equalityItems$2: loaded 4 times (x 79B)
Class dagger.internal.codegen.model.AutoValue_DependencyRequest$Builder               : loaded 4 times (x 77B)
Class dagger.spi.shaded.auto.common.MoreTypes$ExecutableTypeVisitor                   : loaded 4 times (x 102B)
Class dagger.spi.shaded.androidx.room.compiler.processing.javac.JavacRoundEnv         : loaded 4 times (x 78B)
Class dagger.spi.shaded.androidx.room.compiler.processing.InternalXAnnotated          : loaded 4 times (x 70B)
Class dagger.internal.codegen.validation.ComponentHierarchyValidator                  : loaded 4 times (x 72B)
Class dagger.spi.shaded.androidx.room.compiler.processing.javac.JavacProcessingEnv    : loaded 4 times (x 115B)
Class dagger.spi.shaded.androidx.room.jarjarred.kotlinx.metadata.internal.protobuf.UninitializedMessageException: loaded 4 times (x 84B)
Class com.google.common.collect.Iterators$EmptyModifiableIterator                     : loaded 4 times (x 86B)
Class dagger.spi.shaded.androidx.room.compiler.processing.InternalXAnnotationValue$kind$2: loaded 4 times (x 79B)
Class dagger.spi.shaded.androidx.room.jarjarred.kotlinx.metadata.internal.metadata.ProtoBuf$PropertyOrBuilder: loaded 4 times (x 70B)
Class dagger.spi.shaded.androidx.room.jarjarred.kotlinx.metadata.internal.metadata.ProtoBuf$ValueParameter$1: loaded 4 times (x 144B)
Class com.google.common.cache.LocalCache$LocalManualCache$1                           : loaded 4 times (x 75B)
Class dagger.spi.shaded.androidx.room.jarjarred.kotlinx.metadata.internal.metadata.jvm.deserialization.JvmNameResolver: loaded 4 times (x 80B)
Class dagger.internal.codegen.writing.ProducerFactoryGenerator$MultiArgFutureTransform: loaded 4 times (x 78B)
Class dagger.hilt.android.processor.internal.androidentrypoint.AutoValue_AndroidEntryPointMetadata: loaded 4 times (x 92B)
Class dagger.internal.codegen.extension.Optionals                                     : loaded 4 times (x 71B)
Class dagger.internal.codegen.processingstep.ComponentHjarProcessingStep              : loaded 4 times (x 86B)
Class dagger.internal.codegen.processingstep.MapKeyProcessingStep_Factory             : loaded 4 times (x 77B)
Class dagger.hilt.processor.internal.kotlin.KotlinMetadataFactory_Factory$InstanceHolder: loaded 4 times (x 71B)
Class dagger.hilt.android.processor.internal.bindvalue.BindValueMetadata              : loaded 4 times (x 73B)
Class androidx.room.compiler.processing.javac.JavacProcessingEnv$messager$2           : loaded 4 times (x 79B)
Class dagger.spi.shaded.androidx.room.jarjarred.kotlinx.metadata.internal.extensions.KmFunctionExtension: loaded 4 times (x 70B)
Class com.google.common.collect.ImmutableMap$MapViewOfValuesAsSingletonSets$1$1       : loaded 4 times (x 83B)
Class dagger.spi.shaded.androidx.room.compiler.processing.XExecutableType             : loaded 4 times (x 70B)
Class dagger.spi.shaded.androidx.room.jarjarred.kotlinx.metadata.internal.metadata.jvm.JvmProtoBuf$JvmPropertySignature$Builder: loaded 4 times (x 141B)
Class dagger.spi.shaded.androidx.room.jarjarred.kotlinx.metadata.internal.ReadersKt   : loaded 4 times (x 71B)
Class [Ldagger.spi.shaded.androidx.room.jarjarred.kotlinx.metadata.internal.metadata.ProtoBuf$VersionRequirement$VersionKind;: loaded 4 times (x 69B)
Class dagger.spi.shaded.androidx.room.jarjarred.kotlinx.metadata.KmConstructor        : loaded 4 times (x 77B)
Class dagger.spi.shaded.androidx.room.jarjarred.kotlinx.metadata.jvm.internal.JvmTypeExtension: loaded 4 times (x 86B)
Class dagger.spi.shaded.androidx.room.compiler.processing.javac.JavacMethodElement$kotlinMetadata$2: loaded 4 times (x 79B)
Class dagger.spi.model.BindingGraph$Edge                                              : loaded 4 times (x 70B)
Class dagger.spi.shaded.androidx.room.compiler.processing.javac.JavacTypeElement$superInterfaces$2: loaded 4 times (x 79B)
Class dagger.spi.shaded.androidx.room.compiler.processing.CommonProcessorDelegate$processRound$currentElementsDeferredByStep$1$stepDeferredElementsByAnnotation$1: loaded 4 times (x 78B)
Class dagger.spi.shaded.androidx.room.compiler.processing.XMessager                   : loaded 4 times (x 73B)
Class dagger.internal.codegen.base.MapType                                            : loaded 4 times (x 80B)
Class dagger.internal.codegen.javapoet.CodeBlocks                                     : loaded 4 times (x 71B)
Class dagger.internal.codegen.validation.BindsInstanceMethodValidator$Validator       : loaded 4 times (x 77B)
Class dagger.internal.codegen.binding.OptionalBindingDeclaration_Factory_Factory      : loaded 4 times (x 77B)
Class dagger.spi.shaded.androidx.room.jarjarred.kotlinx.metadata.KmVersionRequirement : loaded 4 times (x 75B)
Class dagger.internal.codegen.binding.FrameworkType$2                                 : loaded 4 times (x 84B)
Class dagger.internal.codegen.processingstep.BindingMethodProcessingStep_Factory      : loaded 4 times (x 77B)
Class [Ldagger.internal.codegen.model.BindingGraphPlugin;                             : loaded 4 times (x 69B)
Class dagger.internal.codegen.validation.BindingElementValidator$AllowsScoping        : loaded 4 times (x 79B)
Class dagger.internal.codegen.base.Formatter                                          : loaded 4 times (x 85B)
Class dagger.internal.codegen.binding.BindingGraphConverter_Factory                   : loaded 4 times (x 77B)
Class com.bumptech.glide.repackaged.com.squareup.javapoet.TypeVariableName            : loaded 4 times (x 79B)
Class com.bumptech.glide.repackaged.com.squareup.javapoet.TypeName                    : loaded 4 times (x 79B)
Class dagger.internal.codegen.binding.Binding                                         : loaded 4 times (x 83B)
Class dagger.spi.shaded.androidx.room.compiler.processing.javac.JavacMethodParameter$jvmName$2: loaded 4 times (x 79B)
Class dagger.spi.shaded.androidx.room.compiler.processing.XEnumTypeElementKt          : loaded 4 times (x 71B)
Class dagger.spi.shaded.androidx.room.jarjarred.kotlinx.metadata.KmDeclarationContainerVisitor: loaded 4 times (x 77B)
Class dagger.spi.shaded.auto.common.MoreTypes$DeclaredTypeVisitor                     : loaded 4 times (x 102B)
Class dagger.spi.shaded.androidx.room.compiler.processing.XMethodType                 : loaded 4 times (x 70B)
Class dagger.spi.shaded.androidx.room.compiler.processing.XTypeElement                : loaded 4 times (x 70B)
Class com.google.common.collect.Maps$KeySet                                           : loaded 4 times (x 137B)
Class com.google.common.base.Splitter                                                 : loaded 4 times (x 72B)
Class dagger.internal.codegen.base.UniqueNameSet                                      : loaded 4 times (x 72B)
Class dagger.internal.codegen.base.AutoValue_MapType                                  : loaded 4 times (x 80B)
Class dagger.spi.shaded.androidx.room.jarjarred.kotlinx.metadata.internal.metadata.deserialization.Flags$EnumLiteFlagField: loaded 4 times (x 76B)
Class dagger.spi.shaded.androidx.room.compiler.processing.XAnnotated                  : loaded 4 times (x 70B)
Class dagger.spi.shaded.androidx.room.jarjarred.kotlinx.metadata.jvm.JvmConstructorExtensionVisitor: loaded 4 times (x 78B)
Class kotlin.reflect.jvm.internal.ReflectProperties$LazyVal                           : loaded 4 times (x 75B)
Class com.google.common.cache.ReferenceEntry                                          : loaded 4 times (x 70B)
Class dagger.spi.shaded.androidx.room.jarjarred.kotlinx.metadata.KmVersion            : loaded 4 times (x 71B)
Class dagger.spi.shaded.androidx.room.jarjarred.kotlinx.metadata.internal.metadata.ProtoBuf$TypeParameter$1: loaded 4 times (x 144B)
Class [Ldagger.internal.codegen.binding.BindingType;                                  : loaded 4 times (x 69B)
Class dagger.spi.shaded.androidx.room.jarjarred.kotlinx.metadata.internal.metadata.ProtoBuf$TypeTable: loaded 4 times (x 109B)
Class dagger.spi.shaded.androidx.room.compiler.processing.javac.JavacDeclaredType$equalityItems$2: loaded 4 times (x 79B)
Class dagger.internal.codegen.validation.BindingMethodValidator$1                     : loaded 4 times (x 71B)
Class dagger.internal.codegen.bindinggraphvalidation.BindingGraphValidationModule     : loaded 4 times (x 70B)
Class dagger.internal.codegen.bindinggraphvalidation.MapMultibindingValidator         : loaded 4 times (x 85B)
Class dagger.internal.codegen.validation.BindsInstanceParameterValidator_Factory      : loaded 4 times (x 77B)
Class dagger.internal.codegen.compileroption.ProcessingEnvironmentCompilerOptions$KeyOnlyOption$1: loaded 4 times (x 86B)
Class dagger.spi.shaded.androidx.room.compiler.processing.javac.JavacArrayType$xTypeName$2: loaded 4 times (x 79B)
Class dagger.spi.BindingGraphPlugin                                                   : loaded 4 times (x 70B)
Class androidx.room.util.SimpleJavaVersion                                            : loaded 4 times (x 75B)
Class dagger.spi.shaded.androidx.room.compiler.processing.util.MemoizedSequence       : loaded 4 times (x 75B)
Class kotlin.reflect.jvm.internal.CachesKt$K_CLASS_CACHE$1                            : loaded 4 times (x 78B)
Class dagger.spi.shaded.androidx.room.compiler.processing.javac.JavacMethodElement$executableType$2: loaded 4 times (x 79B)
Class dagger.spi.shaded.androidx.room.compiler.processing.XTypeKt                     : loaded 4 times (x 71B)
Class dagger.spi.shaded.androidx.room.jarjarred.kotlinx.metadata.internal.metadata.ProtoBuf$Annotation: loaded 4 times (x 109B)
Class dagger.spi.shaded.androidx.room.jarjarred.kotlinx.metadata.internal.protobuf.ByteString$Output: loaded 4 times (x 86B)
Class dagger.spi.shaded.androidx.room.jarjarred.kotlinx.metadata.internal.metadata.jvm.JvmProtoBuf$JvmFieldSignature: loaded 4 times (x 108B)
Class dagger.spi.shaded.androidx.room.compiler.processing.javac.JavacArrayType        : loaded 4 times (x 211B)
Class dagger.hilt.processor.internal.BadInputException                                : loaded 4 times (x 82B)
Class dagger.spi.shaded.androidx.room.jarjarred.kotlinx.metadata.internal.metadata.deserialization.Flags$BooleanFlagField: loaded 4 times (x 76B)
Class dagger.spi.shaded.androidx.room.compiler.processing.XEnumEntry                  : loaded 4 times (x 70B)
Class dagger.spi.shaded.androidx.room.compiler.processing.javac.JavacExecutableElement$Companion: loaded 4 times (x 71B)
Class kotlin.reflect.jvm.internal.KClassImpl$Data$typeParameters$2                    : loaded 4 times (x 79B)
Class dagger.spi.shaded.androidx.room.compiler.processing.util.MemoizedSequence$delegateIterator$2: loaded 4 times (x 79B)
Class dagger.internal.codegen.validation.InjectBindingRegistryImpl$BindingsCollection : loaded 4 times (x 72B)
Class [Ldagger.internal.codegen.base.ClearableCache;                                  : loaded 4 times (x 69B)
Class dagger.spi.shaded.auto.common.MoreTypes$TypeVariableVisitor                     : loaded 4 times (x 102B)
Class dagger.spi.shaded.androidx.room.jarjarred.kotlinx.metadata.KmTypeParameterExtensionVisitor: loaded 4 times (x 70B)
Class dagger.internal.codegen.compileroption.ProcessingEnvironmentCompilerOptions$KeyOnlyOption$2: loaded 4 times (x 86B)
Class dagger.internal.codegen.binding.FrameworkType$1                                 : loaded 4 times (x 84B)
Class com.bumptech.glide.annotation.GlideExtension                                    : loaded 4 times (x 70B)
Class dagger.spi.shaded.androidx.room.compiler.processing.XFiler                      : loaded 4 times (x 70B)
Class com.google.common.cache.LocalCache$EntryFactory$8                               : loaded 4 times (x 83B)
Class com.squareup.javapoet.TypeName$1                                                : loaded 4 times (x 109B)
Class dagger.spi.shaded.androidx.room.jarjarred.kotlinx.metadata.internal.protobuf.GeneratedMessageLite$ExtendableMessage: loaded 4 times (x 113B)
Class dagger.spi.shaded.androidx.room.jarjarred.kotlinx.metadata.internal.metadata.ProtoBuf$Type$Argument$Projection: loaded 4 times (x 82B)
Class dagger.spi.shaded.androidx.room.jarjarred.kotlinx.metadata.internal.metadata.ProtoBuf$VersionRequirement: loaded 4 times (x 116B)
Class dagger.spi.shaded.androidx.room.compiler.processing.XVariableElement            : loaded 4 times (x 70B)
Class dagger.spi.shaded.androidx.room.jarjarred.kotlinx.metadata.KmClassifier         : loaded 4 times (x 71B)
Class dagger.spi.shaded.androidx.room.jarjarred.kotlinx.metadata.internal.metadata.jvm.JvmProtoBuf$JvmPropertySignatureOrBuilder: loaded 4 times (x 70B)
Class [Ldagger.spi.shaded.androidx.room.jarjarred.kotlinx.metadata.internal.metadata.ProtoBuf$Class$Kind;: loaded 4 times (x 69B)
Class dagger.spi.shaded.androidx.room.compiler.processing.javac.JavacExecutableElement$jvmDescriptor$2: loaded 4 times (x 79B)
Class dagger.spi.shaded.androidx.room.compiler.processing.XElement                    : loaded 4 times (x 70B)
Class kotlin.reflect.jvm.internal.KClassImpl$Data$allMembers$2                        : loaded 4 times (x 79B)
Class kotlin.reflect.jvm.internal.KClassImpl$Data$objectInstance$2                    : loaded 4 times (x 79B)
Class dagger.spi.shaded.androidx.room.jarjarred.kotlinx.metadata.internal.protobuf.ByteString$ByteIterator: loaded 4 times (x 70B)
Class dagger.spi.shaded.androidx.room.compiler.processing.javac.kotlin.JvmDescriptorUtilsKt: loaded 4 times (x 71B)
Class dagger.spi.shaded.androidx.room.compiler.processing.javac.JavacConstructorElement$executableType$2: loaded 4 times (x 79B)
Class dagger.spi.shaded.androidx.room.jarjarred.kotlinx.metadata.KmProperty           : loaded 4 times (x 81B)
Class com.bumptech.glide.repackaged.com.google.common.base.Function                   : loaded 4 times (x 70B)
Class dagger.internal.codegen.processingstep.AssistedInjectProcessingStep             : loaded 4 times (x 86B)
Class [Ldagger.hilt.android.processor.internal.androidentrypoint.AndroidEntryPointMetadata$AndroidType;: loaded 4 times (x 69B)
Class [Landroidx.room.processor.Context$BooleanProcessorOptions;                      : loaded 4 times (x 69B)
Class dagger.internal.codegen.base.ElementFormatter_Factory$InstanceHolder            : loaded 4 times (x 71B)
Class dagger.internal.codegen.bindinggraphvalidation.IncompatiblyScopedBindingsValidator: loaded 4 times (x 85B)
Class [Ldagger.internal.codegen.compileroption.ValidationType;                        : loaded 4 times (x 69B)
Class com.google.common.cache.CacheLoader$SupplierToCacheLoader                       : loaded 4 times (x 75B)
Class dagger.internal.codegen.writing.AnnotationCreatorGenerator_Factory              : loaded 4 times (x 77B)
Class dagger.internal.codegen.processingstep.MultibindingAnnotationsProcessingStep_Factory: loaded 4 times (x 77B)
Class dagger.internal.codegen.bindinggraphvalidation.MissingBindingValidator          : loaded 4 times (x 85B)
Class dagger.spi.shaded.androidx.room.compiler.processing.util.MemoizedSequence$CachedIterator: loaded 4 times (x 79B)
Class dagger.internal.codegen.DelegateComponentProcessor_SourceFileGeneratorsModule_ProducerFactoryGeneratorFactory: loaded 4 times (x 77B)
Class dagger.internal.codegen.validation.BindsInstanceElementValidator                : loaded 4 times (x 78B)
Class dagger.internal.codegen.validation.BindsMethodValidator                         : loaded 4 times (x 78B)
Class dagger.internal.codegen.processingstep.TypeCheckingProcessingStep_MembersInjector: loaded 4 times (x 75B)
Class dagger.internal.codegen.validation.ComponentDescriptorValidator                 : loaded 4 times (x 72B)
Class dagger.internal.codegen.bindinggraphvalidation.DuplicateBindingsValidator_Factory: loaded 4 times (x 77B)
Class dagger.internal.codegen.base.ComponentCreatorAnnotation                         : loaded 4 times (x 79B)
Class com.google.common.cache.CacheBuilder$3                                          : loaded 4 times (x 72B)
Class dagger.spi.shaded.androidx.room.jarjarred.kotlinx.metadata.internal.metadata.ProtoBuf$Expression$ConstantValue: loaded 4 times (x 82B)
Class dagger.spi.shaded.androidx.room.compiler.processing.javac.kotlin.KmClassContainer$Companion: loaded 4 times (x 71B)
Class kotlin.reflect.jvm.internal.CachesKt$CACHE_FOR_NULLABLE_BASE_CLASSIFIERS$1      : loaded 4 times (x 78B)
Class dagger.internal.codegen.base.Util                                               : loaded 4 times (x 71B)
Class dagger.internal.codegen.base.ContributionType                                   : loaded 4 times (x 79B)
Class dagger.spi.shaded.androidx.room.compiler.processing.javac.JavacConstructorType  : loaded 4 times (x 83B)
Class dagger.internal.codegen.model.DaggerTypeElement                                 : loaded 4 times (x 74B)
Class dagger.internal.codegen.xprocessing.XExecutableTypes                            : loaded 4 times (x 71B)
Class kotlin.reflect.jvm.internal.KProperty1Impl$_getter$1                            : loaded 4 times (x 79B)
Class dagger.spi.shaded.androidx.room.compiler.processing.javac.JavacAnnotationValue$1: loaded 4 times (x 79B)
Class [Ldagger.spi.shaded.androidx.room.compiler.processing.InternalXAnnotationValue$Kind;: loaded 4 times (x 69B)
Class dagger.spi.shaded.androidx.room.jarjarred.kotlinx.metadata.internal.protobuf.LiteralByteString: loaded 4 times (x 112B)
Class dagger.spi.shaded.androidx.room.jarjarred.kotlinx.metadata.Flag$Type            : loaded 4 times (x 71B)
Class dagger.internal.codegen.processingstep.ModuleProcessingStep                     : loaded 4 times (x 86B)
Class dagger.hilt.android.processor.internal.androidentrypoint.Generators             : loaded 4 times (x 71B)
Class dagger.internal.codegen.bindinggraphvalidation.InjectBindingValidator           : loaded 4 times (x 85B)
Class dagger.internal.codegen.binding.MembersInjectionBinding                         : loaded 4 times (x 85B)
Class dagger.internal.codegen.processingstep.AssistedProcessingStep                   : loaded 4 times (x 86B)
Class kotlin.reflect.jvm.internal.KDeclarationContainerImpl$Data$moduleData$2         : loaded 4 times (x 79B)
Class dagger.internal.codegen.base.RequestKinds                                       : loaded 4 times (x 71B)
Class dagger.internal.codegen.validation.SpiModelBindingGraphConverter                : loaded 4 times (x 71B)
Class dagger.internal.codegen.binding.AutoValue_ModuleDescriptor                      : loaded 4 times (x 85B)
Class dagger.internal.codegen.compileroption.ValidationType                           : loaded 4 times (x 79B)
Class dagger.internal.codegen.model.BindingGraph                                      : loaded 4 times (x 93B)
Class dagger.spi.shaded.androidx.room.compiler.processing.javac.kotlin.KmValueParameterContainer: loaded 4 times (x 75B)
Class dagger.spi.shaded.androidx.room.compiler.processing.javac.JavacTypeElement$JavacEnumTypeElement$entries$2: loaded 4 times (x 79B)
Class dagger.spi.shaded.androidx.room.compiler.processing.javac.kotlin.JvmDescriptorTypeVisitor: loaded 4 times (x 99B)
Class [Ldagger.spi.shaded.androidx.room.jarjarred.kotlinx.metadata.internal.metadata.ProtoBuf$Visibility;: loaded 4 times (x 69B)
Class dagger.spi.shaded.androidx.room.jarjarred.kotlinx.metadata.internal.protobuf.Parser: loaded 4 times (x 70B)
Class dagger.spi.shaded.androidx.room.jarjarred.kotlinx.metadata.internal.metadata.ProtoBuf$ConstructorOrBuilder: loaded 4 times (x 70B)
Class dagger.spi.shaded.androidx.room.jarjarred.kotlinx.metadata.KmClassExtensionVisitor: loaded 4 times (x 70B)
Class dagger.spi.shaded.androidx.room.compiler.processing.XArrayType                  : loaded 4 times (x 70B)
Class dagger.spi.shaded.androidx.room.jarjarred.kotlinx.metadata.jvm.JvmDeclarationContainerExtensionVisitor: loaded 4 times (x 81B)
Class dagger.spi.shaded.androidx.room.jarjarred.kotlinx.metadata.internal.protobuf.SmallSortedMap: loaded 4 times (x 130B)
Class dagger.spi.shaded.androidx.room.compiler.processing.javac.JavacProcessingEnv$Companion: loaded 4 times (x 71B)
Class dagger.internal.codegen.componentgenerator.TopLevelImplementationComponent$Factory: loaded 4 times (x 70B)
Class [Lcom.google.common.collect.AbstractIterator$State;                             : loaded 4 times (x 69B)
Class com.google.common.cache.CacheBuilder$2                                          : loaded 4 times (x 79B)
Class com.google.common.cache.LocalCache                                              : loaded 4 times (x 187B)
Class dagger.spi.shaded.androidx.room.compiler.processing.XProcessingEnv$Companion    : loaded 4 times (x 71B)
Class dagger.spi.shaded.androidx.room.compiler.processing.XProcessingEnv$Backend      : loaded 4 times (x 79B)
Class dagger.spi.shaded.androidx.room.compiler.processing.javac.JavacProcessingEnv$typeElementStore$3: loaded 4 times (x 79B)
Class dagger.spi.shaded.androidx.room.compiler.processing.javac.JavacTypeElement$_declaredFields$2: loaded 4 times (x 79B)
Class dagger.spi.model.BindingGraph$Node                                              : loaded 4 times (x 70B)
Class kotlin.reflect.jvm.internal.KCallableImpl$_typeParameters$1                     : loaded 4 times (x 79B)
Class dagger.spi.shaded.androidx.room.compiler.processing.javac.JavacAnnotation$defaultValues$2: loaded 4 times (x 79B)
Class [Lcom.google.common.cache.LocalCache$EntryFactory;                              : loaded 4 times (x 69B)
Class dagger.internal.codegen.model.AutoValue_DaggerType                              : loaded 4 times (x 75B)
Class dagger.spi.shaded.androidx.room.jarjarred.kotlinx.metadata.KmClassifier$TypeParameter: loaded 4 times (x 71B)
Class dagger.spi.shaded.androidx.room.jarjarred.kotlinx.metadata.jvm.JvmTypeParameterExtensionVisitor: loaded 4 times (x 79B)
Class dagger.internal.codegen.writing.FactoryGenerator_Factory                        : loaded 4 times (x 77B)
Class dagger.internal.codegen.binding.InjectionAnnotations                            : loaded 4 times (x 72B)
Class dagger.spi.shaded.androidx.room.compiler.processing.javac.kotlin.KmClassContainer$typeParameters$2: loaded 4 times (x 79B)
Class dagger.internal.codegen.binding.DependencyRequestFormatter_Factory              : loaded 4 times (x 77B)
Class com.bumptech.glide.repackaged.com.google.common.collect.ImmutableCollection     : loaded 4 times (x 123B)
Class dagger.spi.shaded.androidx.room.compiler.processing.XTypeParameterElement       : loaded 4 times (x 70B)
Class dagger.internal.codegen.binding.$AutoValue_MembersInjectionBinding_InjectionSite: loaded 4 times (x 77B)
Class dagger.spi.shaded.androidx.room.jarjarred.kotlinx.metadata.internal.metadata.jvm.JvmProtoBuf$JvmPropertySignature$1: loaded 4 times (x 144B)
Class dagger.spi.shaded.androidx.room.compiler.processing.javac.JavacAnnotationValueKt: loaded 4 times (x 71B)
Class dagger.spi.shaded.androidx.room.compiler.processing.javac.JavacMethodElement    : loaded 4 times (x 269B)
Class dagger.spi.shaded.androidx.room.compiler.processing.XMethodElement              : loaded 4 times (x 70B)
Class dagger.spi.shaded.androidx.room.jarjarred.kotlinx.metadata.internal.metadata.deserialization.VersionRequirementTable$Companion: loaded 4 times (x 71B)
Class dagger.spi.shaded.androidx.room.jarjarred.kotlinx.metadata.internal.metadata.deserialization.NameResolver: loaded 4 times (x 70B)
Class dagger.spi.shaded.androidx.room.jarjarred.kotlinx.metadata.internal.protobuf.InvalidProtocolBufferException: loaded 4 times (x 84B)
Class dagger.spi.shaded.androidx.room.jarjarred.kotlinx.metadata.internal.protobuf.GeneratedMessageLite$1: loaded 4 times (x 71B)
Class dagger.spi.shaded.androidx.room.jarjarred.kotlinx.metadata.internal.metadata.jvm.deserialization.JvmMetadataVersion$Companion: loaded 4 times (x 71B)
Class dagger.spi.shaded.androidx.room.jarjarred.kotlinx.metadata.KmFunctionExtensionVisitor: loaded 4 times (x 70B)
Class [Ldagger.internal.codegen.writing.InjectionMethods$InstanceCastPolicy;          : loaded 4 times (x 69B)
Class androidx.room.Database                                                          : loaded 4 times (x 70B)
Class dagger.internal.codegen.processingstep.MapKeyProcessingStep                     : loaded 4 times (x 86B)
Class dagger.spi.shaded.androidx.room.compiler.processing.javac.JavacExecutableType   : loaded 4 times (x 81B)
Class dagger.internal.codegen.validation.DependencyRequestValidator$Validator         : loaded 4 times (x 72B)
Class com.google.common.cache.LocalCache$LocalManualCache                             : loaded 4 times (x 99B)
Class com.google.common.base.CommonPattern                                            : loaded 4 times (x 74B)
Class dagger.internal.codegen.model.DependencyRequest                                 : loaded 4 times (x 75B)
Class dagger.internal.codegen.validation.ProducesMethodValidator$Validator            : loaded 4 times (x 80B)
Class dagger.internal.codegen.processingstep.MonitoringModuleGenerator_Factory        : loaded 4 times (x 77B)
Class com.google.common.cache.CacheLoader$1                                           : loaded 4 times (x 75B)
Class dagger.internal.codegen.validation.InjectValidator_Factory                      : loaded 4 times (x 77B)
Class dagger.spi.model.BindingGraphPlugin                                             : loaded 4 times (x 70B)
Class com.bumptech.glide.repackaged.com.squareup.javapoet.ClassName                   : loaded 4 times (x 82B)
Class [Landroidx.room.processor.Context$ProcessorOptions;                             : loaded 4 times (x 69B)
Class dagger.internal.codegen.extension.DaggerCollectors$ToOptionalState              : loaded 4 times (x 72B)
Class dagger.spi.shaded.androidx.room.jarjarred.kotlinx.metadata.internal.metadata.ProtoBuf$Constructor: loaded 4 times (x 124B)
Class com.google.common.collect.ForwardingObject                                      : loaded 4 times (x 72B)
Class dagger.spi.shaded.androidx.room.compiler.processing.javac.JavacTypeElement$type$2: loaded 4 times (x 79B)
Class dagger.spi.shaded.androidx.room.compiler.processing.XEquality                   : loaded 4 times (x 70B)
Class dagger.internal.codegen.base.ComponentAnnotation                                : loaded 4 times (x 76B)
Class com.google.common.cache.CacheBuilder$1                                          : loaded 4 times (x 85B)
Class [Lcom.google.common.cache.LocalCache$Strength;                                  : loaded 4 times (x 69B)
Class [Lcom.google.common.cache.LocalCache$Segment;                                   : loaded 4 times (x 69B)
Class dagger.internal.codegen.componentgenerator.ComponentHjarGenerator               : loaded 4 times (x 77B)
Class dagger.spi.shaded.androidx.room.compiler.processing.XProcessingEnv              : loaded 4 times (x 70B)
Class dagger.spi.shaded.androidx.room.compiler.processing.javac.JavacProcessingEnv$typeElementStore$2: loaded 4 times (x 78B)
Class dagger.internal.codegen.binding.MembersInjectionBinding$InjectionSite$Kind      : loaded 4 times (x 79B)
Class dagger.internal.codegen.binding.AutoValue_MembersInjectionBinding_InjectionSite : loaded 4 times (x 77B)
Class dagger.internal.codegen.binding.MembersInjectionBinding$InjectionSite           : loaded 4 times (x 76B)
Class dagger.hilt.processor.internal.root.RootType                                    : loaded 4 times (x 79B)
Class dagger.spi.shaded.androidx.room.compiler.processing.javac.JavacAnnotationValue  : loaded 4 times (x 155B)
Class dagger.internal.codegen.validation.DiagnosticReporterFactory_Factory            : loaded 4 times (x 77B)
Class dagger.spi.shaded.androidx.room.jarjarred.kotlinx.metadata.internal.metadata.jvm.JvmProtoBuf$JvmPropertySignature: loaded 4 times (x 114B)
Class com.google.common.collect.AbstractMapBasedMultimap$KeySet                       : loaded 4 times (x 137B)
Class dagger.spi.shaded.androidx.room.compiler.processing.javac.kotlin.JvmAbi         : loaded 4 times (x 71B)
Class dagger.spi.shaded.androidx.room.jarjarred.kotlinx.metadata.internal.metadata.ProtoBuf$Modality: loaded 4 times (x 82B)
Class dagger.spi.shaded.androidx.room.jarjarred.kotlinx.metadata.internal.metadata.ProtoBuf$Type$Argument: loaded 4 times (x 110B)
Class dagger.spi.shaded.androidx.room.jarjarred.kotlinx.metadata.internal.extensions.MetadataExtensions$Companion: loaded 4 times (x 71B)
Class dagger.spi.shaded.androidx.room.compiler.processing.javac.JavacAnnotation       : loaded 4 times (x 139B)
Class com.squareup.javapoet.WildcardTypeName                                          : loaded 4 times (x 81B)
Class kotlin.reflect.jvm.internal.CachesKt$CACHE_FOR_GENERIC_CLASSIFIERS$1            : loaded 4 times (x 78B)
Class dagger.spi.shaded.androidx.room.jarjarred.kotlinx.metadata.internal.metadata.jvm.deserialization.JvmNameResolverKt: loaded 4 times (x 71B)
Class dagger.spi.shaded.androidx.room.compiler.processing.javac.JavacTypeElement$xClassName$2: loaded 4 times (x 79B)
Class com.google.common.graph.PredecessorsFunction                                    : loaded 4 times (x 70B)
Class dagger.internal.codegen.xprocessing.XElements$1                                 : loaded 4 times (x 71B)
Class androidx.room.util.SimpleJavaVersion$compareTo$$inlined$thenBy$2                : loaded 4 times (x 90B)
Class dagger.internal.codegen.compileroption.CompilerOptions                          : loaded 4 times (x 94B)
Class [Ldagger.spi.shaded.androidx.room.jarjarred.kotlinx.metadata.Flag;              : loaded 4 times (x 69B)
Class [Ldagger.internal.codegen.writing.InjectionMethods$CheckNotNullPolicy;          : loaded 4 times (x 69B)
Class dagger.spi.shaded.androidx.room.jarjarred.kotlinx.metadata.internal.protobuf.BoundedByteString: loaded 4 times (x 112B)
Class dagger.spi.shaded.androidx.room.jarjarred.kotlinx.metadata.KmType               : loaded 4 times (x 83B)
Class dagger.spi.shaded.androidx.room.jarjarred.kotlinx.metadata.jvm.JvmPropertyExtensionVisitor: loaded 4 times (x 82B)
Class dagger.internal.codegen.processingstep.ModuleProcessingStep_Factory             : loaded 4 times (x 77B)
Class dagger.spi.shaded.androidx.room.jarjarred.kotlinx.metadata.KmClassifier$TypeAlias: loaded 4 times (x 72B)
Class [Lcom.google.common.cache.CacheBuilder$OneWeigher;                              : loaded 4 times (x 69B)
Class dagger.internal.codegen.binding.ContributionBinding$1                           : loaded 4 times (x 71B)
Class dagger.internal.codegen.model.AutoValue_Key                                     : loaded 4 times (x 80B)
Class dagger.internal.codegen.writing.ProducerFactoryGenerator                        : loaded 4 times (x 77B)
Class dagger.internal.codegen.compileroption.ProcessingEnvironmentCompilerOptions$KeyOnlyOption: loaded 4 times (x 86B)
Class dagger.spi.shaded.androidx.room.jarjarred.kotlinx.metadata.jvm.JvmMemberSignatureKt: loaded 4 times (x 71B)
Class com.bumptech.glide.annotation.compiler.RequestManagerFactoryGenerator           : loaded 4 times (x 72B)
Class dagger.spi.shaded.androidx.room.jarjarred.kotlinx.metadata.KmTypeProjection     : loaded 4 times (x 72B)
Class dagger.spi.shaded.androidx.room.compiler.processing.javac.JavacConstructorElement$parameters$2: loaded 4 times (x 79B)
Class dagger.spi.shaded.androidx.room.jarjarred.kotlinx.metadata.jvm.JvmClassExtensionVisitor$Companion: loaded 4 times (x 71B)
Class dagger.spi.shaded.androidx.room.jarjarred.kotlinx.metadata.jvm.JvmConstructorExtensionVisitor$Companion: loaded 4 times (x 71B)
Class dagger.spi.shaded.androidx.room.jarjarred.kotlinx.metadata.internal.protobuf.RopeByteString$RopeInputStream: loaded 4 times (x 92B)
Class dagger.spi.shaded.androidx.room.jarjarred.kotlinx.metadata.internal.protobuf.CodedInputStream: loaded 4 times (x 72B)
Class dagger.spi.shaded.androidx.room.jarjarred.kotlinx.metadata.internal.metadata.jvm.deserialization.UtfEncodingKt: loaded 4 times (x 71B)
Class dagger.spi.shaded.androidx.room.jarjarred.kotlinx.metadata.internal.metadata.ProtoBuf$ValueParameterOrBuilder: loaded 4 times (x 70B)
Class dagger.spi.shaded.androidx.room.jarjarred.kotlinx.metadata.internal.protobuf.MessageLiteOrBuilder: loaded 4 times (x 70B)
Class dagger.internal.codegen.validation.BindingElementValidator$ElementValidator     : loaded 4 times (x 77B)
Class dagger.spi.shaded.auto.common.MoreElements$TypeElementVisitor                   : loaded 4 times (x 93B)
Class dagger.spi.shaded.androidx.room.compiler.processing.javac.JavacElement$equalityItems$2: loaded 4 times (x 79B)
Class dagger.spi.shaded.androidx.room.jarjarred.kotlinx.metadata.internal.metadata.jvm.JvmProtoBuf$StringTableTypes$1: loaded 4 times (x 144B)
Class dagger.spi.shaded.androidx.room.jarjarred.kotlinx.metadata.internal.metadata.ProtoBuf$Type$Argument$Projection$1: loaded 4 times (x 74B)
Class dagger.internal.codegen.base.FrameworkTypes                                     : loaded 4 times (x 71B)
Class dagger.spi.shaded.androidx.room.jarjarred.kotlinx.metadata.internal.metadata.ProtoBuf$Class$Kind$1: loaded 4 times (x 74B)
Class com.google.common.base.Ticker                                                   : loaded 4 times (x 72B)
Class dagger.spi.shaded.androidx.room.compiler.processing.javac.kotlin.KmClassContainer$superTypes$2: loaded 4 times (x 79B)
Class dagger.spi.shaded.androidx.room.compiler.processing.javac.kotlin.KmClassContainer$functionByDescriptor$2: loaded 4 times (x 79B)
Class dagger.spi.shaded.androidx.room.compiler.processing.XEnumTypeElement            : loaded 4 times (x 70B)
Class dagger.spi.shaded.androidx.room.compiler.processing.javac.JavacProcessingEnv$typeElementStore$1: loaded 4 times (x 79B)
Class [Lnet.ltgt.gradle.incap.IncrementalAnnotationProcessorType;                     : loaded 4 times (x 69B)
Class androidx.room.compiler.processing.XProcessingEnv$Backend                        : loaded 4 times (x 79B)
Class dagger.spi.shaded.androidx.room.jarjarred.kotlinx.metadata.internal.metadata.jvm.JvmProtoBuf$JvmMethodSignatureOrBuilder: loaded 4 times (x 70B)
Class androidx.room.compiler.processing.javac.XTypeElementStore                       : loaded 4 times (x 72B)
Class dagger.internal.codegen.base.AutoValue_SetType                                  : loaded 4 times (x 77B)
Class com.google.common.base.Predicates                                               : loaded 4 times (x 71B)
Class dagger.internal.codegen.bindinggraphvalidation.NullableBindingValidator         : loaded 4 times (x 85B)
Class com.bumptech.glide.repackaged.com.google.common.collect.ImmutableSet            : loaded 4 times (x 142B)
Class com.google.common.graph.Traverser$1                                             : loaded 4 times (x 74B)
Class androidx.room.util.SimpleJavaVersion$compareTo$$inlined$thenBy$1                : loaded 4 times (x 90B)
Class dagger.spi.shaded.androidx.room.compiler.processing.javac.kotlin.JvmDescriptorTypeVisitor$WhenMappings: loaded 4 times (x 71B)
Class [Ldagger.spi.shaded.androidx.room.jarjarred.kotlinx.metadata.internal.metadata.ProtoBuf$Expression$ConstantValue;: loaded 4 times (x 69B)
Class dagger.spi.shaded.androidx.room.jarjarred.kotlinx.metadata.internal.metadata.ProtoBuf$TypeTable$1: loaded 4 times (x 144B)
Class dagger.spi.shaded.androidx.room.jarjarred.kotlinx.metadata.internal.protobuf.WireFormat$FieldType: loaded 4 times (x 83B)
Class dagger.spi.shaded.androidx.room.jarjarred.kotlinx.metadata.internal.protobuf.LazyFieldLite: loaded 4 times (x 82B)
Class dagger.spi.shaded.androidx.room.jarjarred.kotlinx.metadata.internal.metadata.deserialization.BinaryVersion$Companion: loaded 4 times (x 71B)
Class dagger.spi.shaded.androidx.room.compiler.processing.javac.JavacMethodType$Companion: loaded 4 times (x 71B)
Class com.google.common.cache.AbstractCache$StatsCounter                              : loaded 4 times (x 70B)
Class dagger.internal.codegen.bindinggraphvalidation.SetMultibindingValidator         : loaded 4 times (x 85B)
Class dagger.spi.shaded.androidx.room.compiler.processing.XNullability                : loaded 4 times (x 79B)
Class dagger.spi.shaded.androidx.room.compiler.codegen.XTypeName$Companion            : loaded 4 times (x 71B)
Class dagger.internal.codegen.processingstep.MonitoringModuleGenerator                : loaded 4 times (x 77B)
Class dagger.spi.shaded.androidx.room.jarjarred.kotlinx.metadata.Flag$Common          : loaded 4 times (x 71B)
Class dagger.spi.shaded.androidx.room.compiler.processing.javac.JavacVariableElement  : loaded 4 times (x 200B)
Class dagger.spi.shaded.androidx.room.compiler.processing.javac.JavacConstructorElement$typeParameters$2: loaded 4 times (x 79B)
Class com.google.common.cache.CacheBuilder$OneWeigher                                 : loaded 4 times (x 82B)
Class dagger.internal.codegen.bindinggraphvalidation.SubcomponentFactoryMethodValidator_Factory: loaded 4 times (x 76B)
Class dagger.internal.codegen.bindinggraphvalidation.DependencyCycleValidator         : loaded 4 times (x 85B)
Class dagger.internal.codegen.binding.ContributionBinding                             : loaded 4 times (x 90B)
Class dagger.internal.codegen.model.$AutoValue_Key                                    : loaded 4 times (x 80B)
Class dagger.internal.codegen.processingstep.ComponentHjarProcessingStep_Factory      : loaded 4 times (x 77B)
Class dagger.internal.codegen.DaggerDelegateComponentProcessor_Injector$TopLevelImplementationComponentFactory: loaded 4 times (x 75B)
Class dagger.internal.codegen.base.ElementFormatter                                   : loaded 4 times (x 85B)
Class [Ldagger.internal.codegen.compileroption.ProcessingEnvironmentCompilerOptions$KeyOnlyOption;: loaded 4 times (x 69B)
Class androidx.room.compiler.processing.javac.JavacFiler                              : loaded 4 times (x 78B)
Class dagger.hilt.processor.internal.kotlin.DaggerKotlinMetadataUtils_MetadataComponent$MetadataComponentImpl: loaded 4 times (x 75B)
Class com.google.common.graph.Traverser$2                                             : loaded 4 times (x 74B)
Class dagger.spi.shaded.androidx.room.jarjarred.kotlinx.metadata.KmTypeProjection$Companion: loaded 4 times (x 71B)
Class dagger.spi.shaded.androidx.room.jarjarred.kotlinx.metadata.KmVariance           : loaded 4 times (x 79B)
Class [Ldagger.spi.shaded.androidx.room.jarjarred.kotlinx.metadata.internal.metadata.ProtoBuf$Type$Argument$Projection;: loaded 4 times (x 69B)
Class dagger.spi.shaded.androidx.room.jarjarred.kotlinx.metadata.internal.metadata.ProtoBuf$Annotation$1: loaded 4 times (x 144B)
Class dagger.spi.shaded.androidx.room.compiler.processing.javac.JavacType$rawType$2   : loaded 4 times (x 79B)
Class dagger.spi.shaded.androidx.room.compiler.processing.javac.JavacMethodElement$name$2: loaded 4 times (x 79B)
Class kotlin.reflect.jvm.internal.KCallableImpl$_returnType$1                         : loaded 4 times (x 79B)
Class dagger.spi.shaded.androidx.room.compiler.processing.XHasModifiers               : loaded 4 times (x 70B)
Class dagger.spi.shaded.androidx.room.jarjarred.kotlinx.metadata.internal.metadata.ProtoBuf$Property: loaded 4 times (x 148B)
Class dagger.internal.codegen.model.AutoValue_DaggerAnnotation                        : loaded 4 times (x 77B)
Class kotlin.reflect.jvm.internal.impl.builtins.PrimitiveType$typeFqName$2            : loaded 4 times (x 79B)
Class dagger.spi.shaded.androidx.room.compiler.processing.InternalXAnnotation$valuesByName$2: loaded 4 times (x 79B)
Class dagger.spi.shaded.androidx.room.compiler.processing.javac.JavacMethodElement$parameters$2: loaded 4 times (x 79B)
Class dagger.spi.shaded.androidx.room.jarjarred.kotlinx.metadata.internal.metadata.jvm.deserialization.BitEncoding: loaded 4 times (x 71B)
Class dagger.spi.shaded.androidx.room.jarjarred.kotlinx.metadata.internal.metadata.deserialization.VersionRequirement$Version$Companion: loaded 4 times (x 71B)
Class com.google.common.collect.Maps$EntryFunction                                    : loaded 4 times (x 91B)
Class dagger.spi.shaded.androidx.room.jarjarred.kotlinx.metadata.jvm.internal.JvmConstructorExtension: loaded 4 times (x 83B)
Class dagger.internal.codegen.binding.$AutoValue_ProvisionBinding                     : loaded 4 times (x 95B)
Class dagger.internal.codegen.model.BindingKind                                       : loaded 4 times (x 79B)
Class dagger.internal.codegen.base.$AutoValue_ComponentAnnotation                     : loaded 4 times (x 76B)
Class dagger.internal.codegen.compileroption.ProcessingEnvironmentCompilerOptions$Validation: loaded 4 times (x 93B)
Class dagger.internal.codegen.ProcessingEnvironmentModule                             : loaded 4 times (x 70B)
Class dagger.internal.codegen.ServiceLoaders$1                                        : loaded 4 times (x 71B)
Class com.bumptech.glide.annotation.compiler.GlideGenerator                           : loaded 4 times (x 72B)
Class dagger.spi.shaded.androidx.room.jarjarred.kotlinx.metadata.jvm.JvmMemberSignature: loaded 4 times (x 74B)
Class dagger.internal.codegen.xprocessing.XTypes                                      : loaded 4 times (x 71B)
Class dagger.spi.shaded.androidx.room.jarjarred.kotlinx.metadata.internal.extensions.KmExtension: loaded 4 times (x 70B)
Class dagger.internal.codegen.xprocessing.XAnnotations$1                              : loaded 4 times (x 84B)
Class dagger.spi.shaded.androidx.room.compiler.processing.javac.JavacMethodElement$kotlinDefaultImplClass$2: loaded 4 times (x 79B)
Class dagger.spi.shaded.androidx.room.jarjarred.kotlinx.metadata.internal.metadata.ProtoBuf$Function: loaded 4 times (x 149B)
Class dagger.spi.shaded.androidx.room.jarjarred.kotlinx.metadata.internal.protobuf.GeneratedMessageLite$Builder: loaded 4 times (x 128B)
Class dagger.hilt.processor.internal.optionvalues.BooleanValue                        : loaded 4 times (x 79B)
Class dagger.spi.shaded.androidx.room.jarjarred.kotlinx.metadata.internal.metadata.deserialization.Flags: loaded 4 times (x 71B)
Class dagger.spi.shaded.androidx.room.compiler.processing.javac.JavacMethodParameter$name$2: loaded 4 times (x 79B)
Class com.bumptech.glide.repackaged.com.squareup.javapoet.ArrayTypeName               : loaded 4 times (x 79B)
Class com.bumptech.glide.repackaged.com.squareup.javapoet.ParameterizedTypeName       : loaded 4 times (x 79B)
Class com.bumptech.glide.annotation.compiler.IndexerGenerator                         : loaded 4 times (x 72B)
Class dagger.internal.codegen.validation.DiagnosticMessageGenerator_Factory_Factory   : loaded 4 times (x 77B)
Class dagger.internal.codegen.model.BindingGraphPlugin                                : loaded 4 times (x 70B)
Class dagger.internal.codegen.validation.MultibindsMethodValidator$Validator          : loaded 4 times (x 80B)
Class dagger.internal.codegen.processingstep.AssistedProcessingStep_Factory           : loaded 4 times (x 77B)
Class dagger.hilt.android.processor.internal.viewmodel.ViewModelValidationPlugin      : loaded 4 times (x 82B)
Class com.bumptech.glide.annotation.compiler.LibraryModuleProcessor                   : loaded 4 times (x 72B)
Class androidx.room.processor.Context                                                 : loaded 4 times (x 72B)
Class dagger.spi.shaded.androidx.room.jarjarred.kotlinx.metadata.internal.metadata.ProtoBuf$Modality$1: loaded 4 times (x 74B)
Class dagger.spi.shaded.androidx.room.jarjarred.kotlinx.metadata.jvm.KotlinClassMetadata$Companion: loaded 4 times (x 71B)
Class dagger.spi.shaded.androidx.room.compiler.processing.javac.JavacMethodParameter$kotlinMetadata$2: loaded 4 times (x 79B)
Class dagger.spi.shaded.androidx.room.compiler.processing.javac.JavacFiler            : loaded 4 times (x 78B)
Class dagger.internal.codegen.validation.BindsInstanceMethodValidator_Factory         : loaded 4 times (x 77B)
Class dagger.internal.codegen.writing.ProducerFactoryGenerator$FutureTransform        : loaded 4 times (x 78B)
Class dagger.internal.codegen.validation.ComponentValidator                           : loaded 4 times (x 75B)
Class dagger.internal.codegen.binding.AutoValue_ProvisionBinding                      : loaded 4 times (x 96B)
Class dagger.spi.shaded.androidx.room.compiler.processing.javac.JavacFieldElement$getter$2: loaded 4 times (x 79B)
Class dagger.spi.shaded.androidx.room.jarjarred.kotlinx.metadata.jvm.JvmTypeParameterExtensionVisitor$Companion: loaded 4 times (x 71B)
Class dagger.spi.shaded.androidx.room.compiler.processing.XConstructorElement         : loaded 4 times (x 70B)
Class dagger.spi.shaded.androidx.room.compiler.processing.util.NamingUtilsKt          : loaded 4 times (x 71B)
Class dagger.spi.shaded.androidx.room.compiler.processing.javac.JavacConstructorElement: loaded 4 times (x 256B)
Class dagger.spi.shaded.androidx.room.compiler.processing.javac.JavacExecutableElement: loaded 4 times (x 223B)
Class dagger.spi.shaded.auto.common.AnnotationOutput$1                                : loaded 4 times (x 107B)
Class com.google.common.collect.AbstractMapBasedMultimap$WrappedSet                   : loaded 4 times (x 142B)
Class dagger.spi.shaded.androidx.room.compiler.processing.javac.JavacExecutableElement$enclosingElement$2: loaded 4 times (x 79B)
Class dagger.internal.codegen.base.ModuleKind$1                                       : loaded 4 times (x 71B)
Class [Ldagger.internal.codegen.xprocessing.XTypeElements$Visibility;                 : loaded 4 times (x 69B)
Class dagger.internal.codegen.validation.ComponentDescriptorValidator_Factory         : loaded 4 times (x 77B)
Class dagger.internal.codegen.bindinggraphvalidation.ProvisionDependencyOnProducerBindingValidator: loaded 4 times (x 85B)
Class dagger.internal.codegen.processingstep.TypeCheckingProcessingStep               : loaded 4 times (x 86B)
Class dagger.internal.codegen.binding.SourceFiles_Factory                             : loaded 4 times (x 76B)
Class dagger.spi.shaded.androidx.room.compiler.processing.javac.JavacConstructorElement$parameters$2$1$1: loaded 4 times (x 79B)
Class com.bumptech.glide.annotation.compiler.RequestOptionsGenerator                  : loaded 4 times (x 72B)
Class [Ldagger.spi.shaded.androidx.room.compiler.processing.XFiler$Mode;              : loaded 4 times (x 69B)
Class dagger.spi.shaded.androidx.room.jarjarred.kotlinx.metadata.internal.metadata.jvm.deserialization.JvmMemberSignature$Method: loaded 4 times (x 75B)
Class dagger.spi.shaded.androidx.room.jarjarred.kotlinx.metadata.internal.metadata.deserialization.BinaryVersion: loaded 4 times (x 73B)
Class dagger.internal.codegen.writing.MembersInjectorGenerator_Factory                : loaded 4 times (x 77B)
Class dagger.internal.codegen.validation.AnyBindingMethodValidator                    : loaded 4 times (x 75B)
Class dagger.internal.codegen.extension.DaggerCollectors                              : loaded 4 times (x 71B)
Class dagger.spi.shaded.androidx.room.compiler.processing.ksp.KSTypeJavaPoetExtKt$typeVarNameConstructor$2: loaded 4 times (x 78B)
Class com.squareup.kotlinpoet.ClassName$special$$inlined$compareBy$1                  : loaded 4 times (x 89B)
Class dagger.spi.shaded.androidx.room.compiler.codegen.XTypeName                      : loaded 4 times (x 75B)
Class [Ldagger.spi.shaded.androidx.room.compiler.processing.XAnnotated;               : loaded 4 times (x 69B)
Class dagger.spi.shaded.androidx.room.compiler.processing.javac.JavacFieldElement$kotlinMetadata$2: loaded 4 times (x 79B)
Class dagger.spi.shaded.androidx.room.jarjarred.kotlinx.metadata.internal.protobuf.AbstractMessageLite: loaded 4 times (x 98B)
Class dagger.spi.shaded.androidx.room.jarjarred.kotlinx.metadata.KmVersionRequirementLevel: loaded 4 times (x 79B)
Class dagger.internal.codegen.validation.ModuleValidator                              : loaded 4 times (x 72B)
Class dagger.internal.codegen.processingstep.SuperficialValidator_Factory             : loaded 4 times (x 77B)
Class dagger.internal.codegen.xprocessing.XProcessingEnvs$1                           : loaded 4 times (x 71B)
Class dagger.MembersInjector                                                          : loaded 4 times (x 70B)
Class dagger.spi.shaded.androidx.room.compiler.processing.javac.JavacFieldElement     : loaded 4 times (x 227B)
Class dagger.internal.codegen.validation.BindingElementValidator$1                    : loaded 4 times (x 71B)
Class dagger.internal.codegen.binding.ProductionBinding                               : loaded 4 times (x 95B)
Class dagger.internal.codegen.validation.ExternalBindingGraphPlugins                  : loaded 4 times (x 72B)
Class dagger.internal.codegen.binding.MultibindingDeclaration_Factory_Factory         : loaded 4 times (x 77B)
Class com.bumptech.glide.annotation.compiler.AppModuleProcessor                       : loaded 4 times (x 72B)
Class dagger.hilt.processor.internal.kotlin.KotlinMetadataUtil                        : loaded 4 times (x 72B)
Class dagger.spi.shaded.androidx.room.compiler.processing.javac.kotlin.KmClassContainer$superType$2: loaded 4 times (x 79B)
Class dagger.spi.shaded.androidx.room.jarjarred.kotlinx.metadata.internal.extensions.KmPropertyExtension: loaded 4 times (x 70B)
Class dagger.spi.shaded.androidx.room.jarjarred.kotlinx.metadata.internal.metadata.ProtoBuf$ContractOrBuilder: loaded 4 times (x 70B)
Class dagger.internal.codegen.kotlin.KotlinMetadataFactory                            : loaded 4 times (x 75B)
Class dagger.spi.shaded.androidx.room.compiler.processing.InternalXAnnotation         : loaded 4 times (x 139B)
Class dagger.spi.shaded.androidx.room.jarjarred.kotlinx.metadata.jvm.KotlinClassMetadata$Class$classData$2: loaded 4 times (x 79B)
Class dagger.spi.shaded.androidx.room.jarjarred.kotlinx.metadata.NodesKt              : loaded 4 times (x 71B)
Class dagger.spi.shaded.androidx.room.compiler.processing.XExecutableParameterElement : loaded 4 times (x 70B)
Class dagger.internal.codegen.base.AutoValue_ModuleAnnotation                         : loaded 4 times (x 76B)
Class com.google.common.collect.AbstractMapBasedMultimap$WrappedCollection            : loaded 4 times (x 124B)
Class com.google.common.base.Splitter$Strategy                                        : loaded 4 times (x 70B)
Class dagger.spi.shaded.androidx.room.compiler.processing.XFiler$Mode                 : loaded 4 times (x 79B)
Class dagger.spi.shaded.androidx.room.jarjarred.kotlinx.metadata.KmVersionRequirementVisitor: loaded 4 times (x 75B)
Class com.bumptech.glide.repackaged.com.google.common.collect.RegularImmutableSet     : loaded 4 times (x 143B)
Class com.google.common.cache.LocalCache$LoadingValueReference                        : loaded 4 times (x 96B)
Class dagger.internal.codegen.binding.SubcomponentDeclaration_Factory_Factory         : loaded 4 times (x 77B)
Class com.squareup.kotlinpoet.TagMap$Companion                                        : loaded 4 times (x 71B)
Class dagger.internal.codegen.binding.ComponentDescriptorFactory_Factory              : loaded 4 times (x 77B)
Class dagger.internal.codegen.validation.ProducesMethodValidator_Factory              : loaded 4 times (x 77B)
Class androidx.room.DatabaseProcessingStep$Companion                                  : loaded 4 times (x 71B)
Class dagger.hilt.processor.internal.kotlin.KotlinMetadataFactory_Factory             : loaded 4 times (x 76B)
Class dagger.internal.codegen.bindinggraphvalidation.DependencyCycleValidator_Factory : loaded 4 times (x 77B)
Class dagger.spi.shaded.androidx.room.jarjarred.kotlinx.metadata.KmValueParameterVisitor: loaded 4 times (x 76B)
Class [Ldagger.spi.shaded.androidx.room.jarjarred.kotlinx.metadata.internal.protobuf.WireFormat$JavaType;: loaded 4 times (x 69B)
Class dagger.spi.shaded.auto.common.MoreTypes$ArrayTypeVisitor                        : loaded 4 times (x 102B)
Class kotlin.reflect.jvm.internal.KClassImpl$Data$constructors$2                      : loaded 4 times (x 79B)
Class dagger.internal.codegen.model.AutoValue_DaggerProcessingEnv                     : loaded 4 times (x 75B)
Class [Lcom.squareup.javapoet.ClassName;                                              : loaded 4 times (x 69B)
Class dagger.spi.shaded.androidx.room.compiler.processing.javac.JavacProcessingEnvMessager$Companion: loaded 4 times (x 71B)
Class dagger.internal.codegen.model.AutoValue_Scope                                   : loaded 4 times (x 73B)
Class dagger.internal.codegen.compileroption.ValidationType$1                         : loaded 4 times (x 71B)
Class dagger.spi.shaded.androidx.room.compiler.processing.javac.JavacAnnotation$type$2: loaded 4 times (x 79B)
Class dagger.spi.shaded.androidx.room.compiler.processing.javac.JavacMethodElement$typeParameters$2: loaded 4 times (x 79B)
Class com.google.common.collect.AbstractMapBasedMultimap$AsMap                        : loaded 4 times (x 128B)
Class dagger.internal.codegen.binding.MultibindingDeclaration                         : loaded 4 times (x 78B)
Class dagger.internal.codegen.writing.UnwrappedMapKeyGenerator_Factory                : loaded 4 times (x 77B)
Class dagger.internal.codegen.writing.ModuleProxies$ModuleConstructorProxyGenerator   : loaded 4 times (x 77B)
Class dagger.internal.codegen.compileroption.ProcessingEnvironmentCompilerOptions$CommandLineOption: loaded 4 times (x 70B)
Class dagger.internal.codegen.validation.ComponentValidator_Factory                   : loaded 4 times (x 77B)
Class dagger.spi.shaded.androidx.room.compiler.processing.javac.kotlin.KmFunctionContainerImpl: loaded 4 times (x 97B)
Class dagger.hilt.processor.internal.kotlin.DaggerKotlinMetadataUtils_MetadataComponent: loaded 4 times (x 71B)
Class dagger.spi.shaded.androidx.room.compiler.processing.javac.kotlin.KmFlags        : loaded 4 times (x 70B)
Class dagger.spi.shaded.androidx.room.jarjarred.kotlinx.metadata.internal.metadata.ProtoBuf$Type: loaded 4 times (x 145B)
Class dagger.spi.shaded.androidx.room.jarjarred.kotlinx.metadata.internal.metadata.ProtoBuf$FunctionOrBuilder: loaded 4 times (x 70B)
Class dagger.spi.shaded.androidx.room.jarjarred.kotlinx.metadata.internal.protobuf.FieldSet$FieldDescriptorLite: loaded 4 times (x 70B)
Class dagger.spi.shaded.androidx.room.jarjarred.kotlinx.metadata.internal.protobuf.GeneratedMessageLite$ExtendableMessageOrBuilder: loaded 4 times (x 70B)
Class dagger.spi.shaded.androidx.room.jarjarred.kotlinx.metadata.KmDeclarationContainer: loaded 4 times (x 70B)
Class dagger.spi.shaded.androidx.room.compiler.processing.javac.JavacDeclaredType     : loaded 4 times (x 187B)
Class dagger.spi.shaded.androidx.room.compiler.processing.javac.JavacFieldElement$syntheticMethodForAnnotations$2: loaded 4 times (x 79B)
Class dagger.internal.codegen.binding.ProductionBinding$Builder                       : loaded 4 times (x 90B)
Class dagger.spi.shaded.androidx.room.compiler.processing.javac.JavacTypeElement$enclosingElement$2: loaded 4 times (x 79B)
Class dagger.spi.shaded.androidx.room.compiler.processing.javac.JavacTypeElement$kotlinMetadata$2: loaded 4 times (x 79B)
Class kotlin.collections.MapWithDefaultImpl                                           : loaded 4 times (x 126B)
Class com.google.common.util.concurrent.ExecutionError                                : loaded 4 times (x 82B)
Class dagger.internal.codegen.compileroption.FeatureStatus                            : loaded 4 times (x 79B)
Class dagger.internal.codegen.DelegateComponentProcessor$Injector                     : loaded 4 times (x 70B)
Class dagger.spi.shaded.androidx.room.compiler.processing.javac.JavacAnnotationValue$value$2: loaded 4 times (x 79B)
Class dagger.spi.shaded.androidx.room.jarjarred.kotlinx.metadata.internal.metadata.deserialization.ProtoTypeTableUtilKt: loaded 4 times (x 71B)
Class dagger.hilt.android.processor.internal.androidentrypoint.AndroidEntryPointMetadata$Type: loaded 4 times (x 72B)
Class dagger.internal.codegen.validation.BindingMethodValidator$ExceptionSuperclass$3 : loaded 4 times (x 81B)
Class dagger.internal.codegen.base.MapKeyAccessibility                                : loaded 4 times (x 71B)
Class com.bumptech.glide.annotation.compiler.GlideExtensionValidator                  : loaded 4 times (x 72B)
Class dagger.hilt.processor.internal.kotlin.KotlinMetadataUtils$MetadataComponent     : loaded 4 times (x 70B)
Class dagger.spi.shaded.androidx.room.compiler.processing.javac.kotlin.KmFunctionContainer: loaded 4 times (x 70B)
Class dagger.internal.codegen.validation.ProvidesMethodValidator                      : loaded 4 times (x 78B)
Class dagger.internal.codegen.DelegateComponentProcessor_SourceFileGeneratorsModule_FactoryGeneratorFactory: loaded 4 times (x 77B)
Class com.bumptech.glide.annotation.compiler.ProcessorUtil                            : loaded 4 times (x 72B)
Class dagger.internal.codegen.binding.AutoValue_MultibindingDeclaration               : loaded 4 times (x 79B)
Class dagger.internal.codegen.binding.BindingDeclarationFormatter                     : loaded 4 times (x 86B)
Class com.google.common.cache.CacheStats                                              : loaded 4 times (x 71B)
Class com.google.common.collect.AbstractMapBasedMultimap$WrappedList                  : loaded 4 times (x 205B)
Class dagger.spi.shaded.androidx.room.compiler.processing.javac.DefaultJavacType$equalityItems$2: loaded 4 times (x 79B)
Class [Ldagger.spi.shaded.androidx.room.jarjarred.kotlinx.metadata.internal.metadata.ProtoBuf$Modality;: loaded 4 times (x 69B)
Class dagger.spi.shaded.androidx.room.jarjarred.kotlinx.metadata.KmConstructorVisitor : loaded 4 times (x 76B)
Class [Ldagger.spi.shaded.androidx.room.jarjarred.kotlinx.metadata.internal.protobuf.WireFormat$FieldType;: loaded 4 times (x 69B)
Class dagger.spi.shaded.androidx.room.jarjarred.kotlinx.metadata.internal.metadata.ProtoBuf$TypeParameter$Variance$1: loaded 4 times (x 74B)
Class dagger.spi.shaded.androidx.room.compiler.codegen.XClassName$Companion           : loaded 4 times (x 71B)
Class dagger.spi.shaded.androidx.room.jarjarred.kotlinx.metadata.internal.protobuf.WireFormat$JavaType: loaded 4 times (x 79B)
Class dagger.internal.codegen.base.$AutoValue_ModuleAnnotation                        : loaded 4 times (x 76B)
Class kotlin.reflect.jvm.internal.CachesKt$K_PACKAGE_CACHE$1                          : loaded 4 times (x 78B)
Class com.google.devtools.ksp.symbol.KSNode                                           : loaded 4 times (x 70B)
Class dagger.spi.shaded.androidx.room.compiler.processing.javac.JavacTypeElement$qualifiedName$2: loaded 4 times (x 79B)
Class [Ldagger.internal.codegen.validation.BindingMethodValidator$ExceptionSuperclass;: loaded 4 times (x 69B)
Class [Ldagger.spi.shaded.androidx.room.compiler.processing.XProcessingEnv$Backend;   : loaded 4 times (x 69B)
Class kotlin.reflect.jvm.internal.KCallableImpl$_annotations$1                        : loaded 4 times (x 79B)
Class com.squareup.javapoet.ClassName$1                                               : loaded 4 times (x 97B)
Class kotlin.reflect.jvm.internal.KClassImpl$Data$inheritedNonStaticMembers$2         : loaded 4 times (x 79B)
Class dagger.spi.shaded.androidx.room.compiler.processing.javac.JavacType$typeElement$2: loaded 4 times (x 79B)
Class dagger.spi.shaded.androidx.room.jarjarred.kotlinx.metadata.internal.metadata.ProtoBuf$TypeOrBuilder: loaded 4 times (x 70B)
Class dagger.spi.shaded.androidx.room.jarjarred.kotlinx.metadata.internal.metadata.deserialization.TypeTable: loaded 4 times (x 72B)
Class [Ldagger.spi.shaded.androidx.room.jarjarred.kotlinx.metadata.KmVersionRequirementVersionKind;: loaded 4 times (x 69B)
Class dagger.spi.shaded.androidx.room.jarjarred.kotlinx.metadata.internal.metadata.ProtoBuf$VersionRequirement$Level$1: loaded 4 times (x 74B)
Class dagger.internal.codegen.xprocessing.XAnnotationValues$1                         : loaded 4 times (x 84B)
Class dagger.spi.shaded.auto.common.MoreElements                                      : loaded 4 times (x 71B)
Class com.google.common.base.Predicates$CompositionPredicate                          : loaded 4 times (x 88B)
Class [Ldagger.spi.shaded.androidx.room.jarjarred.kotlinx.metadata.internal.metadata.jvm.JvmProtoBuf$StringTableTypes$Record$Operation;: loaded 4 times (x 69B)
Class dagger.spi.shaded.androidx.room.jarjarred.kotlinx.metadata.jvm.JvmTypeExtensionVisitor: loaded 4 times (x 80B)
Class dagger.internal.codegen.base.SourceFileGenerator                                : loaded 4 times (x 77B)
Class dagger.internal.codegen.binding.SourceFiles                                     : loaded 4 times (x 71B)
Class dagger.internal.codegen.bindinggraphvalidation.NullableBindingValidator_Factory : loaded 4 times (x 77B)
Class dagger.internal.codegen.DaggerDelegateComponentProcessor_Injector               : loaded 4 times (x 75B)
Class dagger.internal.codegen.compileroption.ProcessingEnvironmentCompilerOptions$EnumOption: loaded 4 times (x 70B)
Class [Lcom.google.common.collect.Iterators$EmptyModifiableIterator;                  : loaded 4 times (x 69B)
Class dagger.spi.shaded.androidx.room.jarjarred.kotlinx.metadata.internal.metadata.ProtoBuf$Effect$EffectType: loaded 4 times (x 82B)
Class dagger.spi.shaded.androidx.room.jarjarred.kotlinx.metadata.KmConstructorExtensionVisitor: loaded 4 times (x 70B)
Class dagger.spi.shaded.androidx.room.jarjarred.kotlinx.metadata.internal.metadata.ProtoBuf$Package: loaded 4 times (x 129B)
Class dagger.internal.codegen.compileroption.ProcessingEnvironmentCompilerOptions$Validation$1: loaded 4 times (x 93B)
Class dagger.internal.codegen.validation.BindingMethodValidator$ExceptionSuperclass   : loaded 4 times (x 81B)
Class dagger.internal.codegen.validation.BindsInstanceParameterValidator$Validator    : loaded 4 times (x 77B)
Class dagger.hilt.android.processor.internal.bindvalue.AutoValue_BindValueMetadata    : loaded 4 times (x 74B)
Class com.bumptech.glide.annotation.compiler.RequestManagerGenerator                  : loaded 4 times (x 72B)
Class dagger.internal.codegen.binding.BindingDeclarationFormatter_Factory             : loaded 4 times (x 77B)
Class dagger.internal.codegen.kotlin.KotlinMetadataUtil                               : loaded 4 times (x 72B)
Class dagger.internal.codegen.binding.$AutoValue_OptionalBindingDeclaration           : loaded 4 times (x 75B)
Class dagger.internal.codegen.bindinggraphvalidation.DuplicateBindingsValidator       : loaded 4 times (x 85B)
Class dagger.internal.codegen.base.ContributionType$HasContributionType               : loaded 4 times (x 70B)
Class dagger.internal.codegen.validation.BindingMethodValidator$ExceptionSuperclass$2 : loaded 4 times (x 81B)
Class dagger.internal.codegen.binding.ComponentDescriptorFactory                      : loaded 4 times (x 72B)
Class com.google.common.collect.Sets$FilteredSet                                      : loaded 4 times (x 137B)
Class dagger.spi.shaded.auto.common.AnnotationOutput$SourceFormVisitor                : loaded 4 times (x 117B)
Class dagger.internal.codegen.model.AutoValue_Key_MultibindingContributionIdentifier  : loaded 4 times (x 74B)
Class dagger.internal.codegen.base.ComponentCreatorKind                               : loaded 4 times (x 79B)
Class dagger.internal.codegen.javapoet.TypeNames                                      : loaded 4 times (x 71B)
Class dagger.internal.codegen.validation.ModuleValidator_Factory                      : loaded 4 times (x 77B)
Class dagger.internal.codegen.validation.BindsOptionalOfMethodValidator_Factory       : loaded 4 times (x 77B)
Class dagger.internal.codegen.processingstep.ComponentProcessingStep                  : loaded 4 times (x 86B)
Class dagger.spi.shaded.androidx.room.compiler.processing.XTypeVariableType           : loaded 4 times (x 70B)
Class dagger.spi.shaded.androidx.room.jarjarred.kotlinx.metadata.internal.protobuf.SmallSortedMap$EmptySet$1: loaded 4 times (x 78B)
Class dagger.spi.shaded.androidx.room.jarjarred.kotlinx.metadata.internal.protobuf.LazyField: loaded 4 times (x 83B)
Class dagger.spi.shaded.androidx.room.jarjarred.kotlinx.metadata.jvm.internal.JvmClassExtension: loaded 4 times (x 93B)
Class dagger.spi.shaded.androidx.room.jarjarred.kotlinx.metadata.internal.extensions.MetadataExtensions$Companion$INSTANCES$2: loaded 4 times (x 78B)
Class dagger.internal.codegen.validation.BindsMethodValidator_Factory                 : loaded 4 times (x 77B)
Class kotlin.reflect.jvm.internal.impl.builtins.functions.FunctionClassKind$Companion : loaded 4 times (x 71B)
Class dagger.spi.shaded.androidx.room.compiler.processing.javac.JavacTypeElement$JavacEnumTypeElement: loaded 4 times (x 337B)
Class dagger.spi.shaded.androidx.room.jarjarred.kotlinx.metadata.jvm.JvmMethodSignature: loaded 4 times (x 75B)
Class dagger.internal.codegen.writing.InjectionMethods                                : loaded 4 times (x 71B)
Class dagger.spi.shaded.androidx.room.compiler.processing.javac.ElementExtKt          : loaded 4 times (x 71B)
Class dagger.spi.shaded.auto.common.MoreElements$CastingElementVisitor                : loaded 4 times (x 93B)
Class dagger.spi.shaded.androidx.room.jarjarred.kotlinx.metadata.internal.metadata.jvm.deserialization.JvmMetadataVersion: loaded 4 times (x 73B)
Class dagger.spi.shaded.androidx.room.jarjarred.kotlinx.metadata.internal.protobuf.MessageLite$Builder: loaded 4 times (x 70B)
Class dagger.spi.shaded.androidx.room.jarjarred.kotlinx.metadata.internal.protobuf.WireFormat: loaded 4 times (x 71B)
Class [Lcom.google.common.cache.CacheBuilder$NullListener;                            : loaded 4 times (x 69B)
Class dagger.spi.shaded.androidx.room.jarjarred.kotlinx.metadata.jvm.internal.JvmFunctionExtension: loaded 4 times (x 85B)
Class dagger.spi.shaded.androidx.room.jarjarred.kotlinx.metadata.KmTypeParameterVisitor: loaded 4 times (x 75B)
Class dagger.spi.shaded.androidx.room.jarjarred.kotlinx.metadata.internal.extensions.ExtensionUtilsKt: loaded 4 times (x 71B)
Class dagger.spi.shaded.androidx.room.compiler.processing.javac.kotlin.KmClassContainer$functionList$2: loaded 4 times (x 79B)
Class dagger.spi.shaded.androidx.room.jarjarred.kotlinx.metadata.jvm.internal.JvmExtensionNodesKt: loaded 4 times (x 71B)
Class [Ldagger.internal.codegen.validation.BindingElementValidator$AllowsScoping;     : loaded 4 times (x 69B)
Class dagger.internal.codegen.validation.BindingMethodValidator                       : loaded 4 times (x 78B)
Class dagger.internal.codegen.processingstep.MonitoringModuleProcessingStep_Factory   : loaded 4 times (x 77B)
Class dagger.internal.codegen.base.DaggerSuperficialValidation$ValidationException$UnknownErrorType: loaded 4 times (x 83B)
Class [Ldagger.internal.codegen.compileroption.ProcessingEnvironmentCompilerOptions$EnumOption;: loaded 4 times (x 69B)
Class dagger.internal.codegen.bindinggraphvalidation.InjectBindingValidator_Factory   : loaded 4 times (x 77B)
Class dagger.spi.shaded.androidx.room.compiler.processing.javac.JavacMethodElement$parameters$2$1$1: loaded 4 times (x 79B)
Class androidx.room.processor.Context$BooleanProcessorOptions                         : loaded 4 times (x 80B)
Class dagger.spi.shaded.androidx.room.jarjarred.kotlinx.metadata.internal.metadata.jvm.deserialization.JvmMemberSignature$Field: loaded 4 times (x 75B)
Class dagger.spi.shaded.auto.common.GeneratedAnnotations                              : loaded 4 times (x 71B)
Class dagger.spi.shaded.androidx.room.jarjarred.kotlinx.metadata.internal.metadata.jvm.deserialization.JvmNameResolverBase: loaded 4 times (x 80B)
Class dagger.spi.shaded.androidx.room.jarjarred.kotlinx.metadata.internal.metadata.ProtoBuf$PackageOrBuilder: loaded 4 times (x 70B)
Class dagger.spi.shaded.androidx.room.jarjarred.kotlinx.metadata.internal.metadata.ProtoBuf$VersionRequirementTable$1: loaded 4 times (x 144B)
Class dagger.spi.shaded.androidx.room.jarjarred.kotlinx.metadata.internal.protobuf.SmallSortedMap$EmptySet$2: loaded 4 times (x 78B)
Class dagger.hilt.processor.internal.Processors                                       : loaded 4 times (x 71B)
Class com.bumptech.glide.repackaged.com.google.common.base.Predicate                  : loaded 4 times (x 70B)
Class dagger.internal.codegen.validation.ValidationBindingGraphPlugins_Factory        : loaded 4 times (x 77B)
Class dagger.spi.shaded.androidx.room.compiler.processing.javac.JavacTypeElement$Companion: loaded 4 times (x 71B)
Class dagger.internal.codegen.validation.InjectValidator                              : loaded 4 times (x 75B)
Class dagger.internal.codegen.validation.InjectBindingRegistryImpl                    : loaded 4 times (x 81B)
Class dagger.internal.codegen.writing.ProducerFactoryGenerator_Factory                : loaded 4 times (x 77B)
Class dagger.internal.codegen.base.ModuleAnnotation                                   : loaded 4 times (x 76B)
Class dagger.internal.codegen.bindinggraphvalidation.SetMultibindingValidator_Factory : loaded 4 times (x 76B)
Class dagger.internal.codegen.binding.DelegateDeclaration_Factory_Factory             : loaded 4 times (x 77B)
Class dagger.internal.codegen.binding.ModuleDescriptor_Factory_Factory                : loaded 4 times (x 77B)
Class dagger.internal.codegen.bindinggraphvalidation.MissingBindingValidator_Factory  : loaded 4 times (x 77B)
Class dagger.internal.codegen.bindinggraphvalidation.SetMultibindingValidator_Factory$InstanceHolder: loaded 4 times (x 71B)
Class dagger.internal.codegen.writing.UnwrappedMapKeyGenerator                        : loaded 4 times (x 80B)
Class dagger.internal.codegen.validation.BindingMethodValidator$ExceptionSuperclass$1 : loaded 4 times (x 81B)
Class dagger.internal.codegen.processingstep.BindsInstanceProcessingStep_Factory      : loaded 4 times (x 77B)
Class com.google.common.base.AbstractIterator                                         : loaded 4 times (x 80B)
Class dagger.internal.codegen.binding.ModuleDescriptor$Factory                        : loaded 4 times (x 75B)
Class dagger.internal.DaggerGenerated                                                 : loaded 4 times (x 70B)
Class dagger.internal.codegen.base.RequestKinds$1                                     : loaded 4 times (x 71B)
Class dagger.internal.codegen.base.DaggerSuperficialValidation$1                      : loaded 4 times (x 71B)
Class [Ldagger.internal.codegen.validation.ValidationBindingGraphPlugin;              : loaded 4 times (x 69B)
Class com.google.common.collect.AbstractMultiset$EntrySet                             : loaded 3 times (x 138B)
Class com.google.common.collect.Maps$FilteredKeyMap                                   : loaded 3 times (x 128B)
Class com.google.common.collect.AbstractTable                                         : loaded 3 times (x 120B)
Class com.google.common.collect.Maps$FilteredEntryMap                                 : loaded 3 times (x 128B)
Class com.google.common.collect.AbstractIterator$1                                    : loaded 3 times (x 71B)
Class com.google.common.collect.Multisets$EntrySet                                    : loaded 3 times (x 136B)
Class com.google.common.collect.HashMultimap                                          : loaded 3 times (x 174B)
Class com.google.common.collect.AbstractMultiset                                      : loaded 3 times (x 159B)
Class com.google.common.collect.ImmutableMapEntry$NonTerminalImmutableBiMapEntry      : loaded 3 times (x 85B)
Class com.google.common.collect.Iterators$ConcatenatedIterator                        : loaded 3 times (x 82B)
Class com.google.common.collect.HashMultiset                                          : loaded 3 times (x 163B)
Class com.google.common.collect.Maps$FilteredEntryMap$EntrySet                        : loaded 3 times (x 152B)
Class com.google.common.collect.FluentIterable$3$1                                    : loaded 3 times (x 98B)
Class com.google.common.collect.HashMultimapGwtSerializationDependencies              : loaded 3 times (x 174B)
Class com.google.common.collect.AbstractMapBasedMultimap$Itr                          : loaded 3 times (x 83B)
Class com.google.common.collect.ForwardingCollection                                  : loaded 3 times (x 130B)
Class com.google.common.collect.AbstractMultimap$Entries                              : loaded 3 times (x 120B)
Class com.google.common.collect.AbstractMapBasedMultimap$AsMap$AsMapIterator          : loaded 3 times (x 83B)
Class com.google.common.collect.Maps$FilteredEntryMap$EntrySet$1                      : loaded 3 times (x 82B)
Class com.google.common.base.VerifyException                                          : loaded 3 times (x 82B)
Class com.google.common.collect.LinkedHashMultimap$ValueSet$1                         : loaded 3 times (x 82B)
Class com.google.common.collect.Count                                                 : loaded 3 times (x 71B)
Class com.google.common.collect.Maps$AsMapView$1EntrySetImpl                          : loaded 3 times (x 138B)
Class com.google.common.collect.AbstractMapBasedMultiset                              : loaded 3 times (x 163B)
Class com.google.common.collect.HashBasedTable                                        : loaded 3 times (x 124B)
Class com.google.common.base.Functions$ConstantFunction                               : loaded 3 times (x 84B)
Class com.google.common.collect.Maps$AsMapView                                        : loaded 3 times (x 127B)
Class com.google.common.collect.StandardTable                                         : loaded 3 times (x 124B)
Class com.google.common.base.Functions                                                : loaded 3 times (x 71B)
Class com.google.common.collect.RegularImmutableBiMap$Inverse                         : loaded 3 times (x 143B)
Class com.google.common.base.Verify                                                   : loaded 3 times (x 71B)
Class com.google.common.collect.Maps$3                                                : loaded 3 times (x 82B)
Class com.google.common.collect.ForwardingSet                                         : loaded 3 times (x 151B)
Class com.google.common.collect.HashBasedTable$Factory                                : loaded 3 times (x 79B)
Class com.google.common.collect.AbstractMapBasedMultimap$2                            : loaded 3 times (x 85B)
Class com.google.common.collect.Multimaps$Entries                                     : loaded 3 times (x 118B)
Class com.google.common.primitives.Ints$IntConverter                                  : loaded 3 times (x 90B)
Class com.google.common.cache.LocalCache$StrongValueReference                         : loaded 2 times (x 90B)
Class com.google.common.collect.Lists$ReverseList$1                                   : loaded 2 times (x 99B)
Class com.google.common.collect.ImmutableRangeSet$Builder                             : loaded 2 times (x 77B)
Class dagger.internal.codegen.binding.ComponentDescriptor$ComponentMethodDescriptor$Builder: loaded 2 times (x 70B)
Class dagger.hilt.processor.internal.ComponentDescriptor$Builder                      : loaded 2 times (x 70B)
Class dagger.internal.codegen.binding.BindingFactory$1                                : loaded 2 times (x 71B)
Class dagger.internal.codegen.writing.AssistedFactoryRequestRepresentation_Factory    : loaded 2 times (x 72B)
Class dagger.internal.codegen.writing.SetRequestRepresentation_Factory                : loaded 2 times (x 72B)
Class dagger.internal.codegen.writing.ProducerNodeInstanceRequestRepresentation$Factory: loaded 2 times (x 70B)
Class dagger.internal.codegen.writing.InjectionOrProvisionProviderCreationExpression_Factory_Impl: loaded 2 times (x 75B)
Class [Ldagger.internal.codegen.writing.FrameworkFieldInitializer$InitializationState;: loaded 2 times (x 69B)
Class [Lorg.objectweb.asm.AnnotationWriter;                                           : loaded 2 times (x 69B)
Class kotlin.io.FilePathComponents                                                    : loaded 2 times (x 72B)
Class dagger.hilt.android.processor.internal.androidentrypoint.ActivityGenerator      : loaded 2 times (x 72B)
Class com.google.common.io.Closer                                                     : loaded 2 times (x 78B)
Class com.google.common.io.Java8Compatibility                                         : loaded 2 times (x 71B)
Class org.gradle.internal.classloader.ClassLoaderSpec                                 : loaded 2 times (x 71B)
Class dagger.internal.codegen.writing.ComponentCreatorImplementationFactory$BuilderForGeneratedRootComponentBuilder: loaded 2 times (x 82B)
Class dagger.internal.codegen.writing.ComponentImplementation$TypeSpecKind            : loaded 2 times (x 79B)
Class dagger.internal.codegen.validation.SpiModelBindingGraphConverter$ComponentNodeImpl: loaded 2 times (x 87B)
Class com.google.common.util.concurrent.AbstractFuture$SynchronizedHelper             : loaded 2 times (x 78B)
Class com.google.common.collect.FilteredKeyMultimap$Entries                           : loaded 2 times (x 131B)
Class dagger.internal.codegen.binding.$AutoValue_ComponentDescriptor                  : loaded 2 times (x 89B)
Class dagger.hilt.processor.internal.aggregateddeps.ComponentDependencies$1           : loaded 2 times (x 71B)
Class dagger.hilt.processor.internal.root.ComponentGenerator                          : loaded 2 times (x 72B)
Class com.google.common.base.Platform                                                 : loaded 2 times (x 71B)
Class com.google.common.io.LineReader$1                                               : loaded 2 times (x 75B)
Class com.google.common.collect.MapMakerInternalMap$StrongKeyDummyValueEntry          : loaded 2 times (x 82B)
Class com.google.common.reflect.Invokable$MethodInvokable                             : loaded 2 times (x 107B)
Class dagger.internal.codegen.writing.AssistedFactoryRequestRepresentation            : loaded 2 times (x 74B)
Class dagger.internal.codegen.binding.ComponentRequirement$Kind                       : loaded 2 times (x 79B)
Class dagger.internal.codegen.writing.MapRequestRepresentation_Factory                : loaded 2 times (x 72B)
Class dagger.internal.codegen.writing.ProvisionBindingRepresentation$Factory          : loaded 2 times (x 70B)
Class com.google.common.collect.Maps$Values                                           : loaded 2 times (x 118B)
Class dagger.internal.codegen.binding.AutoValue_BindingGraph_TopLevelBindingGraph     : loaded 2 times (x 100B)
Class dagger.internal.codegen.writing.ComponentInstanceRequestRepresentation          : loaded 2 times (x 74B)
Class com.google.common.io.ByteSource$EmptyByteSource                                 : loaded 2 times (x 85B)
Class org.objectweb.asm.AnnotationWriter                                              : loaded 2 times (x 79B)
Class settings_8w9a297xppgmhoucjgn2ej9m1$_run_closure1$_closure2                      : loaded 2 times (x 139B)
Class dagger.internal.codegen.writing.StaticFactoryInstanceSupplier_Factory_Impl      : loaded 2 times (x 75B)
Class dagger.internal.codegen.writing.MembersInjectorProviderCreationExpression$Factory: loaded 2 times (x 70B)
Class dagger.internal.codegen.writing.DependencyMethodProviderCreationExpression_Factory: loaded 2 times (x 72B)
Class dagger.internal.codegen.writing.DependencyMethodProducerCreationExpression_Factory_Impl: loaded 2 times (x 75B)
Class dagger.spi.model.Key$1                                                          : loaded 2 times (x 71B)
Class dagger.internal.codegen.validation.SpiModelBindingGraphConverter$DaggerTypeElementImpl: loaded 2 times (x 75B)
Class com.google.common.collect.MapMaker                                              : loaded 2 times (x 72B)
Class com.google.common.reflect.Types$JavaVersion                                     : loaded 2 times (x 83B)
Class com.google.common.collect.Collections2$TransformedCollection                    : loaded 2 times (x 118B)
Class org.apache.commons.io.file.PathFilter                                           : loaded 2 times (x 70B)
Class dagger.hilt.android.processor.internal.androidentrypoint.AndroidEntryPointProcessingStep$1: loaded 2 times (x 71B)
Class dagger.hilt.android.processor.internal.androidentrypoint.Generators$1           : loaded 2 times (x 71B)
Class dagger.internal.codegen.binding.BindingGraphConverter$ResolvedBindingsWithPath  : loaded 2 times (x 73B)
Class com.google.common.graph.ImmutableNetwork                                        : loaded 2 times (x 140B)
Class dagger.internal.codegen.writing.GeneratedImplementation                         : loaded 2 times (x 70B)
Class org.gradle.api.specs.Spec                                                       : loaded 2 times (x 70B)
Class dagger.internal.codegen.writing.ComponentCreatorImplementationFactory$1         : loaded 2 times (x 71B)
Class com.google.common.io.CharSource                                                 : loaded 2 times (x 85B)
Class [Ldagger.internal.codegen.base.ComponentKind;                                   : loaded 2 times (x 69B)
Class dagger.internal.codegen.binding.ErrorMessages$BuilderMessages                   : loaded 2 times (x 81B)
Class com.google.common.graph.DirectedMultiNetworkConnections$1                       : loaded 2 times (x 137B)
Class dagger.internal.codegen.binding.BindingGraph                                    : loaded 2 times (x 79B)
Class com.google.common.collect.Interners                                             : loaded 2 times (x 71B)
Class com.google.common.io.Closer$Suppressor                                          : loaded 2 times (x 70B)
Class com.google.common.io.LineProcessor                                              : loaded 2 times (x 70B)
Class org.objectweb.asm.RecordComponentWriter                                         : loaded 2 times (x 78B)
Class com.google.common.util.concurrent.AbstractFuture$Listener                       : loaded 2 times (x 72B)
Class [Ldagger.internal.codegen.writing.ComponentImplementation$TypeSpecKind;         : loaded 2 times (x 69B)
Class dagger.internal.codegen.writing.ComponentImplementation_Factory                 : loaded 2 times (x 77B)
Class dagger.internal.codegen.writing.MapFactoryCreationExpression_Factory            : loaded 2 times (x 72B)
Class dagger.internal.codegen.writing.ProviderInstanceRequestRepresentation$Factory   : loaded 2 times (x 70B)
Class dagger.internal.codegen.writing.ComponentProvisionRequestRepresentation_Factory_Impl: loaded 2 times (x 75B)
Class dagger.internal.codegen.writing.ComponentCreatorImplementationFactory_Factory   : loaded 2 times (x 77B)
Class com.google.common.graph.Traverser$5                                             : loaded 2 times (x 80B)
Class dagger.internal.codegen.DaggerDelegateComponentProcessor_Injector$TopLevelImplementationComponentImpl$1: loaded 2 times (x 77B)
Class dagger.internal.codegen.binding.MethodSignature                                 : loaded 2 times (x 74B)
Class com.google.common.util.concurrent.Uninterruptibles                              : loaded 2 times (x 71B)
Class com.google.common.base.Charsets                                                 : loaded 2 times (x 71B)
Class kotlin.io.FileSystemException                                                   : loaded 2 times (x 82B)
Class com.google.common.graph.Traverser$4                                             : loaded 2 times (x 80B)
Class dagger.internal.codegen.model.BindingGraph$SubcomponentCreatorBindingEdge       : loaded 2 times (x 70B)
Class dagger.internal.codegen.bindinggraphvalidation.DependencyCycleValidator$1       : loaded 2 times (x 71B)
Class dagger.internal.codegen.writing.MethodRequestRepresentation                     : loaded 2 times (x 78B)
Class org.gradle.internal.classloader.ClasspathUtil                                   : loaded 2 times (x 71B)
Class com.google.common.reflect.Types$ClassOwnership$1LocalClass                      : loaded 2 times (x 71B)
Class com.google.common.graph.Traverser$3                                             : loaded 2 times (x 80B)
Class com.google.common.collect.Maps$2                                                : loaded 2 times (x 82B)
Class dagger.internal.codegen.writing.ComponentCreatorImplementationFactory$BuilderForCreatorDescriptor: loaded 2 times (x 82B)
Class dagger.internal.codegen.writing.ComponentRequirementRequestRepresentation       : loaded 2 times (x 74B)
Class dagger.internal.codegen.writing.FrameworkFieldInitializer                       : loaded 2 times (x 75B)
Class dagger.spi.shaded.androidx.room.compiler.processing.javac.JavacRawType$xTypeName$2: loaded 2 times (x 79B)
Class kotlin.io.FileTreeWalk$DirectoryState                                           : loaded 2 times (x 73B)
Class [Lorg.objectweb.asm.Label;                                                      : loaded 2 times (x 69B)
Class org.objectweb.asm.Attribute                                                     : loaded 2 times (x 77B)
Class org.gradle.internal.classloader.VisitableURLClassLoader                         : loaded 2 times (x 117B)
Class [Ldagger.internal.codegen.writing.ComponentImplementation$MethodSpecKind;       : loaded 2 times (x 69B)
Class dagger.internal.codegen.DaggerDelegateComponentProcessor_Injector$TopLevelImplementationComponentImpl$CurrentImplementationSubcomponentImpl: loaded 2 times (x 75B)
Class dagger.internal.codegen.validation.SpiModelBindingGraphConverter$DependencyEdgeImpl: loaded 2 times (x 78B)
Class dagger.spi.model.AutoValue_Key                                                  : loaded 2 times (x 80B)
Class dagger.internal.codegen.binding.SubcomponentCreatorBindingEdgeImpl              : loaded 2 times (x 75B)
Class dagger.internal.codegen.binding.ConfigurationAnnotations                        : loaded 2 times (x 71B)
Class org.apache.commons.io.output.AbstractByteArrayOutputStream                      : loaded 2 times (x 102B)
Class com.google.common.collect.Multisets$ElementSet                                  : loaded 2 times (x 136B)
Class dagger.internal.codegen.binding.BindingGraph$1                                  : loaded 2 times (x 71B)
Class dagger.internal.codegen.writing.BindingRepresentations_Factory$InstanceHolder   : loaded 2 times (x 71B)
Class dagger.internal.codegen.writing.ComponentCreatorImplementationFactory           : loaded 2 times (x 72B)
Class dagger.internal.codegen.writing.GwtCompatibility                                : loaded 2 times (x 71B)
Class dagger.internal.codegen.binding.BindingGraphConverter$Converter                 : loaded 2 times (x 72B)
Class com.google.common.graph.NetworkConnections                                      : loaded 2 times (x 70B)
Class dagger.internal.codegen.extension.DaggerGraphs                                  : loaded 2 times (x 71B)
Class dagger.internal.codegen.validation.SpiModelBindingGraphConverter$SubcomponentCreatorBindingEdgeImpl: loaded 2 times (x 76B)
Class dagger.hilt.processor.internal.DaggerModelsKt$WhenMappings                      : loaded 2 times (x 71B)
Class dagger.internal.codegen.writing.MembersInjectionBindingRepresentation           : loaded 2 times (x 75B)
Class org.objectweb.asm.commons.InstructionAdapter                                    : loaded 2 times (x 188B)
Class com.google.common.collect.MapMakerInternalMap$InternalEntry                     : loaded 2 times (x 70B)
Class org.apache.commons.io.file.PathVisitor                                          : loaded 2 times (x 70B)
Class com.google.common.collect.ImmutableList$SerializedForm                          : loaded 2 times (x 73B)
Class com.google.common.util.concurrent.AbstractFuture$Waiter                         : loaded 2 times (x 72B)
Class org.gradle.internal.Cast                                                        : loaded 2 times (x 71B)
Class org.gradle.api.Action                                                           : loaded 2 times (x 70B)
Class dagger.internal.codegen.writing.ProviderInstanceRequestRepresentation           : loaded 2 times (x 76B)
Class dagger.internal.codegen.writing.AssistedFactoryRequestRepresentation_Factory_Impl: loaded 2 times (x 75B)
Class dagger.spi.model.$AutoValue_ComponentPath                                       : loaded 2 times (x 74B)
Class com.google.common.reflect.Types$TypeVariableInvocationHandler                   : loaded 2 times (x 75B)
Class org.apache.commons.io.file.Counters$AbstractPathCounters                        : loaded 2 times (x 82B)
Class com.google.common.collect.FilteredKeySetMultimap                                : loaded 2 times (x 202B)
Class com.google.common.collect.FilteredKeyMultimap                                   : loaded 2 times (x 154B)
Class dagger.internal.codegen.base.ComponentKind                                      : loaded 2 times (x 79B)
Class [Lcom.google.common.collect.HashBiMap$BiEntry;                                  : loaded 2 times (x 69B)
Class dagger.hilt.processor.internal.definecomponent.DefineComponentBuilderMetadatas$DefineComponentBuilderMetadata: loaded 2 times (x 74B)
Class dagger.internal.codegen.binding.ErrorMessages$Messages                          : loaded 2 times (x 72B)
Class dagger.internal.codegen.model.BindingGraph$ComponentNode                        : loaded 2 times (x 70B)
Class dagger.internal.codegen.binding.AutoValue_BindingNode                           : loaded 2 times (x 108B)
Class dagger.internal.codegen.model.BindingGraph$MissingBinding                       : loaded 2 times (x 82B)
Class dagger.spi.model.Scope                                                          : loaded 2 times (x 72B)
Class dagger.internal.codegen.writing.SimpleMethodRequestRepresentation_Factory_Impl  : loaded 2 times (x 75B)
Class dagger.internal.codegen.writing.SwitchingProviderInstanceSupplier_Factory       : loaded 2 times (x 72B)
Class build_eeapqg8zoj53ue4ea2w9phf8w                                                 : loaded 2 times (x 180B)
Class com.google.common.collect.AbstractMultimap$EntrySet                             : loaded 2 times (x 138B)
Class dagger.spi.model.BindingGraph                                                   : loaded 2 times (x 94B)
Class dagger.internal.codegen.validation.AutoValue_SpiModelBindingGraphConverter_BindingNodeImpl: loaded 2 times (x 105B)
Class com.google.common.collect.HashBiMap                                             : loaded 2 times (x 143B)
Class com.google.common.collect.MapMakerInternalMap                                   : loaded 2 times (x 161B)
Class com.google.common.base.Strings                                                  : loaded 2 times (x 71B)
Class org.objectweb.asm.Handler                                                       : loaded 2 times (x 72B)
Class org.gradle.internal.service.CachingServiceLocator                               : loaded 2 times (x 82B)
Class dagger.internal.codegen.componentgenerator.CurrentImplementationSubcomponent_ChildComponentImplementationFactoryModule_ProvideChildComponentImplementationFactoryFactory: loaded 2 times (x 77B)
Class dagger.internal.codegen.writing.DelegatingFrameworkInstanceCreationExpression_Factory: loaded 2 times (x 72B)
Class dagger.internal.codegen.writing.DirectInstanceBindingRepresentation_Factory     : loaded 2 times (x 72B)
Class org.apache.commons.io.CloseableURLConnection                                    : loaded 2 times (x 116B)
Class com.google.common.collect.ImmutableMap$SerializedForm                           : loaded 2 times (x 73B)
Class org.apache.commons.io.function.IOBiFunction                                     : loaded 2 times (x 70B)
Class com.google.common.graph.AbstractNetwork                                         : loaded 2 times (x 139B)
Class [Ldagger.internal.codegen.writing.FactoryGenerator$FactoryCreationStrategy;     : loaded 2 times (x 69B)
Class com.google.common.base.Utf8                                                     : loaded 2 times (x 71B)
Class dagger.internal.codegen.DaggerDelegateComponentProcessor_Injector$TopLevelImplementationComponentImpl: loaded 2 times (x 75B)
Class dagger.internal.codegen.writing.ComponentMethodRequestRepresentation_Factory    : loaded 2 times (x 72B)
Class dagger.internal.codegen.writing.FrameworkInstanceBindingRepresentation_Factory_Impl: loaded 2 times (x 75B)
Class dagger.internal.codegen.writing.StaticFactoryInstanceSupplier                   : loaded 2 times (x 75B)
Class dagger.hilt.processor.internal.root.RootGenerator                               : loaded 2 times (x 72B)
Class org.gradle.internal.classloader.ClassLoaderFactory                              : loaded 2 times (x 70B)
Class com.google.common.collect.Lists$ReverseList                                     : loaded 2 times (x 200B)
Class dagger.internal.codegen.binding.ErrorMessages                                   : loaded 2 times (x 71B)
Class com.google.common.graph.AbstractGraph                                           : loaded 2 times (x 135B)
Class dagger.hilt.android.processor.internal.viewmodel.ViewModelModuleGenerator$Companion: loaded 2 times (x 71B)
Class dagger.hilt.processor.internal.Components                                       : loaded 2 times (x 71B)
Class dagger.internal.codegen.validation.AutoValue_SpiModelBindingGraphConverter_DaggerTypeImpl: loaded 2 times (x 76B)
Class dagger.internal.codegen.validation.SpiModelBindingGraphConverter$1              : loaded 2 times (x 71B)
Class dagger.internal.codegen.writing.OptionalRequestRepresentation_Factory_Impl      : loaded 2 times (x 75B)
Class dagger.internal.codegen.writing.OptionalFactoryInstanceCreationExpression$Factory: loaded 2 times (x 70B)
Class dagger.internal.codegen.writing.OptionalRequestRepresentation                   : loaded 2 times (x 74B)
Class org.gradle.internal.service.ServiceLookupException                              : loaded 2 times (x 82B)
Class com.google.common.reflect.TypeResolver$TypeTable$1                              : loaded 2 times (x 73B)
Class [Lkotlin.Pair;                                                                  : loaded 2 times (x 69B)
Class com.google.common.cache.RemovalCause$1                                          : loaded 2 times (x 80B)
Class org.gradle.internal.classpath.DefaultClassPath$ImmutableUniqueList$Builder      : loaded 2 times (x 75B)
Class dagger.internal.codegen.writing.SwitchingProviderInstanceSupplier               : loaded 2 times (x 75B)
Class dagger.internal.codegen.writing.ImmediateFutureRequestRepresentation            : loaded 2 times (x 74B)
Class dagger.internal.codegen.writing.RequestRepresentation                           : loaded 2 times (x 73B)
Class dagger.internal.codegen.writing.SimpleMethodRequestRepresentation_Factory       : loaded 2 times (x 72B)
Class kotlin.io.FilesKt__FileReadWriteKt                                              : loaded 2 times (x 71B)
Class dagger.hilt.processor.internal.aggregateddeps.AggregatedDepsGenerator           : loaded 2 times (x 72B)
Class com.google.common.graph.StandardValueGraph                                      : loaded 2 times (x 146B)
Class dagger.hilt.processor.internal.aggregateddeps.ComponentDependencies             : loaded 2 times (x 74B)
Class dagger.internal.codegen.base.OptionalType$OptionalKind                          : loaded 2 times (x 79B)
Class dagger.internal.codegen.writing.ProducerNodeInstanceRequestRepresentation_Factory_Impl: loaded 2 times (x 75B)
Class dagger.internal.codegen.binding.$AutoValue_BindingGraph                         : loaded 2 times (x 79B)
Class dagger.internal.codegen.writing.ProducerFromProviderCreationExpression_Factory  : loaded 2 times (x 71B)
Class dagger.internal.codegen.writing.ProducerCreationExpression$Factory              : loaded 2 times (x 70B)
Class dagger.internal.codegen.writing.DelegateRequestRepresentation                   : loaded 2 times (x 74B)
Class dagger.internal.codegen.writing.FrameworkInstanceBindingRepresentation          : loaded 2 times (x 72B)
Class dagger.internal.codegen.writing.FrameworkFieldInitializer$1                     : loaded 2 times (x 71B)
Class org.objectweb.asm.RecordComponentVisitor                                        : loaded 2 times (x 77B)
Class com.google.common.io.CharStreams                                                : loaded 2 times (x 71B)
Class com.google.common.reflect.TypeResolver$TypeTable                                : loaded 2 times (x 73B)
Class org.apache.http.client.methods.AbortableHttpRequest                             : loaded 2 times (x 70B)
Class kotlin.io.FileTreeWalk$FileTreeWalkIterator$SingleFileState                     : loaded 2 times (x 74B)
Class kotlin.io.FileTreeWalk$WalkState                                                : loaded 2 times (x 73B)
Class com.google.common.cache.RemovalCause$2                                          : loaded 2 times (x 80B)
Class com.google.common.collect.AbstractRangeSet                                      : loaded 2 times (x 114B)
Class com.google.common.collect.MapMakerInternalMap$WeakValueReference                : loaded 2 times (x 70B)
Class dagger.internal.codegen.writing.BindingRepresentations                          : loaded 2 times (x 71B)
Class dagger.internal.codegen.writing.ComponentImplementation$MethodSpecKind          : loaded 2 times (x 79B)
Class dagger.internal.codegen.writing.MembersInjectionRequestRepresentation_Factory   : loaded 2 times (x 72B)
Class dagger.spi.model.BindingGraph$SubcomponentCreatorBindingEdge                    : loaded 2 times (x 70B)
Class com.google.common.collect.FilteredMultimapValues                                : loaded 2 times (x 118B)
Class dagger.hilt.processor.internal.definecomponent.AutoValue_DefineComponentClassesMetadata: loaded 2 times (x 76B)
Class com.google.common.graph.MutableNetwork                                          : loaded 2 times (x 70B)
Class dagger.internal.codegen.binding.ComponentDescriptor                             : loaded 2 times (x 87B)
Class dagger.internal.codegen.binding.AutoValue_BindingRequest                        : loaded 2 times (x 75B)
Class com.google.common.collect.AbstractMultiset$ElementSet                           : loaded 2 times (x 138B)
Class dagger.spi.model.RequestKind                                                    : loaded 2 times (x 79B)
Class dagger.spi.model.DaggerAnnotation                                               : loaded 2 times (x 75B)
Class dagger.internal.codegen.writing.DerivedFromFrameworkInstanceRequestRepresentation$Factory: loaded 2 times (x 70B)
Class dagger.internal.codegen.writing.InjectionOrProvisionProviderCreationExpression_Factory: loaded 2 times (x 72B)
Class dagger.internal.codegen.writing.ComponentImplementation$ChildComponentImplementationFactory: loaded 2 times (x 70B)
Class [Ldagger.internal.codegen.writing.ComponentCreatorImplementationFactory$RequirementStatus;: loaded 2 times (x 69B)
Class dagger.internal.codegen.binding.AnnotationExpression                            : loaded 2 times (x 72B)
Class com.google.common.util.concurrent.AbstractFuture                                : loaded 2 times (x 106B)
Class dagger.hilt.processor.internal.root.$AutoValue_AggregatedRootMetadata           : loaded 2 times (x 82B)
Class com.google.common.graph.MapRetrievalCache                                       : loaded 2 times (x 75B)
Class [Ldagger.internal.codegen.writing.FrameworkInstanceKind;                        : loaded 2 times (x 69B)
Class dagger.hilt.processor.internal.aliasof.AutoValue_AliasOfPropagatedDataMetadata  : loaded 2 times (x 75B)
Class com.google.common.collect.FilteredEntryMultimap                                 : loaded 2 times (x 155B)
Class dagger.internal.codegen.validation.AutoValue_SpiModelBindingGraphConverter_DependencyEdgeImpl: loaded 2 times (x 79B)
Class com.google.common.util.concurrent.ListenableFuture                              : loaded 2 times (x 70B)
Class org.apache.http.message.AbstractHttpMessage                                     : loaded 2 times (x 108B)
Class org.apache.http.client.CredentialsProvider                                      : loaded 2 times (x 70B)
Class com.google.common.graph.AbstractGraphBuilder                                    : loaded 2 times (x 72B)
Class dagger.internal.codegen.writing.BindingRepresentations_Factory                  : loaded 2 times (x 76B)
Class org.gradle.api.internal.classpath.DefaultModuleRegistry                         : loaded 2 times (x 86B)
Class com.google.common.collect.Multimaps$CustomSetMultimap                           : loaded 2 times (x 178B)
Class kotlin.io.FilesKt__UtilsKt                                                      : loaded 2 times (x 71B)
Class com.google.common.cache.RemovalCause$3                                          : loaded 2 times (x 80B)
Class org.gradle.api.GradleException                                                  : loaded 2 times (x 82B)
Class dagger.internal.codegen.writing.UnscopedFrameworkInstanceCreationExpressionFactory$1: loaded 2 times (x 71B)
Class dagger.internal.codegen.validation.SpiModelBindingGraphConverter$BindingGraphImpl: loaded 2 times (x 95B)
Class org.objectweb.asm.Symbol                                                        : loaded 2 times (x 73B)
Class com.google.common.collect.Lists$TransformingRandomAccessList                    : loaded 2 times (x 199B)
Class dagger.hilt.processor.internal.root.AutoValue_ComponentTreeDepsMetadata         : loaded 2 times (x 81B)
Class dagger.hilt.processor.internal.earlyentrypoint.AutoValue_AggregatedEarlyEntryPointMetadata: loaded 2 times (x 74B)
Class com.google.common.collect.ConsumingQueueIterator                                : loaded 2 times (x 82B)
Class dagger.internal.codegen.writing.ProductionBindingRepresentation$Factory         : loaded 2 times (x 70B)
Class com.google.common.util.concurrent.AbstractFuture$UnsafeAtomicHelper             : loaded 2 times (x 78B)
Class [Lcom.google.common.graph.Traverser$InsertionOrder;                             : loaded 2 times (x 69B)
Class com.google.common.graph.IncidentEdgeSet                                         : loaded 2 times (x 136B)
Class com.google.common.graph.MutableValueGraph                                       : loaded 2 times (x 70B)
Class com.google.common.graph.Graphs                                                  : loaded 2 times (x 71B)
Class dagger.internal.codegen.validation.DiagnosticMessageGenerator                   : loaded 2 times (x 72B)
Class dagger.internal.codegen.bindinggraphvalidation.DuplicateBindingsValidator$KeyWithTypeEquivalence: loaded 2 times (x 74B)
Class dagger.internal.codegen.writing.ComponentInstanceRequestRepresentation_Factory_Impl: loaded 2 times (x 75B)
Class dagger.internal.codegen.writing.ProviderInstanceRequestRepresentation_Factory_Impl: loaded 2 times (x 75B)
Class dagger.internal.codegen.xprocessing.MethodSpecs                                 : loaded 2 times (x 71B)
Class dagger.internal.codegen.writing.UnscopedDirectInstanceRequestRepresentationFactory$1: loaded 2 times (x 71B)
Class com.google.common.util.concurrent.internal.InternalFutureFailureAccess          : loaded 2 times (x 72B)
Class org.apache.commons.io.output.NullWriter                                         : loaded 2 times (x 99B)
Class dagger.internal.codegen.writing.FactoryGenerator$FactoryCreationStrategy        : loaded 2 times (x 79B)
Class dagger.hilt.processor.internal.aliasof.AliasOfs                                 : loaded 2 times (x 72B)
Class dagger.internal.codegen.writing.DelegateRequestRepresentation$Factory           : loaded 2 times (x 70B)
Class dagger.internal.codegen.writing.SetFactoryCreationExpression$Factory            : loaded 2 times (x 70B)
Class com.squareup.javapoet.TypeName$2                                                : loaded 2 times (x 71B)
Class com.google.common.cache.RemovalCause$4                                          : loaded 2 times (x 80B)
Class org.apache.commons.io.StandardLineSeparator                                     : loaded 2 times (x 79B)
Class com.google.common.collect.Lists$OnePlusArrayList                                : loaded 2 times (x 199B)
Class dagger.internal.codegen.writing.ComponentRequirementExpressions$ComponentParameterField: loaded 2 times (x 81B)
Class dagger.internal.codegen.writing.ComponentProvisionRequestRepresentation_Factory : loaded 2 times (x 72B)
Class dagger.internal.codegen.writing.MembersInjectionBindingRepresentation_Factory   : loaded 2 times (x 72B)
Class dagger.internal.codegen.validation.AutoValue_SpiModelBindingGraphConverter_DaggerExecutableElementImpl: loaded 2 times (x 76B)
Class dagger.spi.model.DependencyRequest                                              : loaded 2 times (x 75B)
Class dagger.internal.codegen.componentgenerator.CurrentImplementationSubcomponent$ChildComponentImplementationFactoryModule: loaded 2 times (x 70B)
Class org.gradle.api.internal.classpath.ModuleRegistry                                : loaded 2 times (x 70B)
Class org.gradle.internal.installation.GradleInstallation$1                           : loaded 2 times (x 75B)
Class [Lorg.objectweb.asm.SymbolTable$Entry;                                          : loaded 2 times (x 69B)
Class org.apache.http.client.HttpClient                                               : loaded 2 times (x 70B)
Class dagger.hilt.android.processor.internal.androidentrypoint.ApplicationGenerator   : loaded 2 times (x 72B)
Class [Lcom.google.common.base.Supplier;                                              : loaded 2 times (x 69B)
Class com.google.common.graph.EndpointPairIterator$Undirected                         : loaded 2 times (x 82B)
Class dagger.hilt.processor.internal.root.RootMetadata                                : loaded 2 times (x 72B)
Class dagger.hilt.processor.internal.root.AggregatedRootMetadata                      : loaded 2 times (x 77B)
Class dagger.internal.codegen.bindinggraphvalidation.AutoValue_DuplicateBindingsValidator_KeyWithTypeEquivalence: loaded 2 times (x 75B)
Class dagger.internal.codegen.writing.ComponentWrapperImplementation                  : loaded 2 times (x 80B)
Class dagger.internal.codegen.writing.MembersInjectionMethods                         : loaded 2 times (x 72B)
Class dagger.hilt.processor.internal.definecomponent.AutoValue_DefineComponentBuilderMetadatas_DefineComponentBuilderMetadata: loaded 2 times (x 75B)
Class dagger.internal.codegen.writing.SwitchingProviders$SwitchingProviderBuilder     : loaded 2 times (x 72B)
Class ijKotlinCoroutineJvmDebugInit1_5r7bdxi9damxfzcc7gj3q5i8h$_run_closure1$_closure2: loaded 2 times (x 139B)
Class com.google.common.reflect.TypeToken$2                                           : loaded 2 times (x 110B)
Class com.google.common.graph.ElementOrder                                            : loaded 2 times (x 72B)
Class com.google.common.collect.Iterators$3                                           : loaded 2 times (x 82B)
Class com.google.common.reflect.Types$ClassOwnership                                  : loaded 2 times (x 80B)
Class com.google.common.reflect.TypeToken$1                                           : loaded 2 times (x 110B)
Class kotlin.io.FilesKt                                                               : loaded 2 times (x 71B)
Class org.apache.http.client.methods.HttpExecutionAware                               : loaded 2 times (x 70B)
Class com.google.common.cache.RemovalCause$5                                          : loaded 2 times (x 80B)
Class [Lcom.google.common.collect.MapMakerInternalMap$Strength;                       : loaded 2 times (x 69B)
Class [Lcom.google.common.io.FileWriteMode;                                           : loaded 2 times (x 69B)
Class dagger.internal.codegen.writing.ComponentInstanceRequestRepresentation$Factory  : loaded 2 times (x 70B)
Class dagger.internal.codegen.binding.DependencyVariableNamer$1                       : loaded 2 times (x 71B)
Class kotlin.sequences.FilteringSequence                                              : loaded 2 times (x 75B)
Class com.google.common.graph.EndpointPairIterator$Directed                           : loaded 2 times (x 82B)
Class com.google.common.graph.MultiEdgesConnecting                                    : loaded 2 times (x 137B)
Class org.objectweb.asm.Type                                                          : loaded 2 times (x 72B)
Class [Ldagger.spi.model.BindingKind;                                                 : loaded 2 times (x 69B)
Class dagger.internal.codegen.writing.MembersInjectionRequestRepresentation_Factory_Impl: loaded 2 times (x 75B)
Class dagger.internal.codegen.writing.BindingRepresentation                           : loaded 2 times (x 70B)
Class org.objectweb.asm.Edge                                                          : loaded 2 times (x 72B)
Class dagger.hilt.processor.internal.definecomponent.DefineComponentBuilderMetadatas  : loaded 2 times (x 72B)
Class com.google.common.graph.DirectedGraphConnections$5                              : loaded 2 times (x 71B)
Class dagger.hilt.processor.internal.definecomponent.DefineComponentMetadatas         : loaded 2 times (x 72B)
Class dagger.hilt.processor.internal.root.TestRootMetadata                            : loaded 2 times (x 77B)
Class dagger.spi.model.AutoValue_DependencyRequest$Builder                            : loaded 2 times (x 77B)
Class dagger.spi.model.DaggerType                                                     : loaded 2 times (x 74B)
Class dagger.internal.codegen.validation.SpiModelBindingGraphConverter$DaggerTypeImpl : loaded 2 times (x 75B)
Class dagger.internal.codegen.writing.ComponentInstanceRequestRepresentation_Factory  : loaded 2 times (x 72B)
Class com.google.common.cache.LocalCache$WriteThroughEntry                            : loaded 2 times (x 79B)
Class com.google.common.cache.LocalCache$HashIterator                                 : loaded 2 times (x 86B)
Class com.google.common.collect.MapMakerInternalMap$StrongKeyDummyValueSegment        : loaded 2 times (x 142B)
Class com.google.common.collect.Iterables$4                                           : loaded 2 times (x 81B)
Class com.google.common.io.Files                                                      : loaded 2 times (x 71B)
Class dagger.internal.codegen.componentgenerator.CurrentImplementationSubcomponent_ChildComponentImplementationFactoryModule_ProvideTopLevelImplementationFactory: loaded 2 times (x 77B)
Class com.google.common.util.concurrent.AbstractFuture$AtomicHelper                   : loaded 2 times (x 78B)
Class org.objectweb.asm.SymbolTable$Entry                                             : loaded 2 times (x 74B)
Class com.google.common.io.CharStreams$NullWriter                                     : loaded 2 times (x 99B)
Class dagger.hilt.android.processor.internal.viewmodel.ViewModelModuleGenerator       : loaded 2 times (x 72B)
Class com.google.common.graph.ForwardingGraph                                         : loaded 2 times (x 136B)
Class com.google.common.graph.StandardValueGraph$1                                    : loaded 2 times (x 136B)
Class com.google.common.graph.DirectedGraphConnections$4                              : loaded 2 times (x 83B)
Class dagger.internal.codegen.writing.MapRequestRepresentation                        : loaded 2 times (x 74B)
Class dagger.internal.codegen.javapoet.Expression                                     : loaded 2 times (x 72B)
Class dagger.hilt.processor.internal.uninstallmodules.AutoValue_AggregatedUninstallModulesMetadata: loaded 2 times (x 75B)
Class [Lcom.google.common.graph.ElementOrder$Type;                                    : loaded 2 times (x 69B)
Class dagger.hilt.processor.internal.AutoValue_ComponentDescriptor                    : loaded 2 times (x 77B)
Class com.google.common.io.Files$FileByteSource                                       : loaded 2 times (x 85B)
Class com.google.common.collect.Interners$InternerBuilder                             : loaded 2 times (x 76B)
Class dagger.hilt.processor.internal.ComponentNames                                   : loaded 2 times (x 72B)
Class [Lcom.google.common.reflect.Types$JavaVersion;                                  : loaded 2 times (x 69B)
Class com.google.common.graph.DirectedGraphConnections$3                              : loaded 2 times (x 137B)
Class org.gradle.internal.classloader.VisitableURLClassLoader$InstrumentingVisitableURLClassLoader: loaded 2 times (x 123B)
Class dagger.internal.codegen.writing.ComponentImplementation                         : loaded 2 times (x 72B)
Class dagger.internal.codegen.writing.ComponentNames                                  : loaded 2 times (x 72B)
Class org.gradle.api.UncheckedIOException                                             : loaded 2 times (x 82B)
Class org.gradle.internal.classpath.ClassPath                                         : loaded 2 times (x 70B)
Class com.google.common.io.ByteSink                                                   : loaded 2 times (x 76B)
Class com.google.common.reflect.Types$NativeTypeVariableEquals                        : loaded 2 times (x 71B)
Class com.google.common.reflect.TypeParameter                                         : loaded 2 times (x 72B)
Class [Lcom.google.common.collect.MapMaker$Dummy;                                     : loaded 2 times (x 69B)
Class com.google.common.cache.LocalCache$AbstractReferenceEntry                       : loaded 2 times (x 107B)
Class org.gradle.internal.IoActions                                                   : loaded 2 times (x 71B)
Class com.google.common.cache.RemovalCause                                            : loaded 2 times (x 80B)
Class dagger.internal.codegen.writing.ComponentRequirementExpression                  : loaded 2 times (x 70B)
Class com.google.common.graph.DirectedGraphConnections$2                              : loaded 2 times (x 137B)
Class dagger.internal.codegen.writing.FrameworkInstanceBindingRepresentation_Factory  : loaded 2 times (x 72B)
Class dagger.internal.codegen.DaggerDelegateComponentProcessor_Injector$TopLevelImplementationComponentImpl$CurrentImplementationSubcomponentBuilder: loaded 2 times (x 79B)
Class dagger.spi.model.Key                                                            : loaded 2 times (x 78B)
Class dagger.internal.codegen.validation.AutoValue_SpiModelBindingGraphConverter_BindingGraphImpl: loaded 2 times (x 96B)
Class dagger.internal.DelegateFactory                                                 : loaded 2 times (x 77B)
Class dagger.internal.codegen.writing.AutoValue_ComponentCreatorImplementation        : loaded 2 times (x 75B)
Class dagger.hilt.processor.internal.root.ComponentTreeDepsMetadata                   : loaded 2 times (x 80B)
Class org.apache.commons.io.IOUtils                                                   : loaded 2 times (x 71B)
Class com.google.common.collect.MapMakerInternalMap$Segment                           : loaded 2 times (x 142B)
Class com.google.common.reflect.TypeToken                                             : loaded 2 times (x 73B)
Class dagger.internal.codegen.binding.FrameworkTypeMapper$3                           : loaded 2 times (x 71B)
Class dagger.internal.codegen.validation.SpiModelBindingGraphConverter$DaggerElementImpl: loaded 2 times (x 75B)
Class dagger.internal.codegen.writing.UnscopedDirectInstanceRequestRepresentationFactory: loaded 2 times (x 72B)
Class org.gradle.internal.classpath.DefaultClassPath$ImmutableUniqueList              : loaded 2 times (x 199B)
Class org.gradle.api.internal.ClassPathRegistry                                       : loaded 2 times (x 70B)
Class ijKotlinCoroutineJvmDebugInit1_5r7bdxi9damxfzcc7gj3q5i8h                        : loaded 2 times (x 179B)
Class com.google.common.reflect.Invokable$ConstructorInvokable                        : loaded 2 times (x 107B)
Class org.apache.commons.io.file.DeleteOption                                         : loaded 2 times (x 70B)
Class dagger.internal.codegen.binding.FrameworkTypeMapper$2                           : loaded 2 times (x 80B)
Class dagger.hilt.processor.internal.aggregateddeps.ComponentDependencies$Builder     : loaded 2 times (x 75B)
Class com.google.common.graph.EndpointPairIterator                                    : loaded 2 times (x 82B)
Class com.google.common.graph.MapIteratorCache$1                                      : loaded 2 times (x 137B)
Class com.google.common.graph.StandardMutableGraph                                    : loaded 2 times (x 160B)
Class dagger.internal.codegen.writing.ComponentImplementation$ShardImplementation     : loaded 2 times (x 80B)
Class dagger.internal.codegen.model.BindingGraph$DependencyEdge                       : loaded 2 times (x 70B)
Class dagger.internal.codegen.validation.AutoValue_SpiModelBindingGraphConverter_SubcomponentCreatorBindingEdgeImpl: loaded 2 times (x 77B)
Class dagger.internal.codegen.writing.ProducerFromProviderCreationExpression_Factory_Impl: loaded 2 times (x 75B)
Class dagger.internal.codegen.writing.ProducerFromProviderCreationExpression          : loaded 2 times (x 76B)
Class org.gradle.api.internal.DefaultClassPathRegistry                                : loaded 2 times (x 76B)
Class dagger.internal.codegen.binding.FrameworkTypeMapper$1                           : loaded 2 times (x 80B)
Class dagger.internal.codegen.writing.ProducerCreationExpression_Factory_Impl         : loaded 2 times (x 75B)
Class com.google.common.collect.SortedMultiset                                        : loaded 2 times (x 70B)
Class dagger.spi.model.DaggerTypeElement                                              : loaded 2 times (x 74B)
Class org.apache.commons.io.filefilter.TrueFileFilter                                 : loaded 2 times (x 99B)
Class org.apache.http.client.methods.HttpPut                                          : loaded 2 times (x 153B)
Class org.apache.http.client.methods.Configurable                                     : loaded 2 times (x 70B)
Class com.google.common.collect.ImmutableRangeSet$ComplementRanges                    : loaded 2 times (x 207B)
Class org.objectweb.asm.SymbolTable                                                   : loaded 2 times (x 72B)
Class com.google.common.base.Enums                                                    : loaded 2 times (x 71B)
Class org.gradle.internal.classloader.SystemClassLoaderSpec                           : loaded 2 times (x 71B)
Class dagger.spi.shaded.androidx.room.compiler.processing.XRawType                    : loaded 2 times (x 70B)
Class dagger.internal.codegen.validation.AutoValue_SpiModelBindingGraphConverter_DaggerTypeElementImpl: loaded 2 times (x 76B)
Class dagger.internal.codegen.writing.AnonymousProviderCreationExpression$Factory     : loaded 2 times (x 70B)
Class dagger.internal.codegen.writing.ProductionBindingRepresentation_Factory_Impl    : loaded 2 times (x 75B)
Class dagger.internal.codegen.writing.OptionalRequestRepresentation_Factory           : loaded 2 times (x 72B)
Class [Ldagger.spi.model.DaggerProcessingEnv$Backend;                                 : loaded 2 times (x 69B)
Class [Ldagger.internal.codegen.writing.ComponentImplementation$CompilerMode;         : loaded 2 times (x 69B)
Class dagger.internal.codegen.writing.FrameworkInstanceSupplier                       : loaded 2 times (x 70B)
Class dagger.internal.codegen.binding.AutoValue_MembersInjectionBinding               : loaded 2 times (x 85B)
Class com.google.common.collect.Lists$RandomAccessPartition                           : loaded 2 times (x 200B)
Class com.google.common.util.concurrent.AbstractFuture$Cancellation                   : loaded 2 times (x 72B)
Class com.google.common.io.AppendableWriter                                           : loaded 2 times (x 100B)
Class com.google.common.io.Files$2                                                    : loaded 2 times (x 76B)
Class org.apache.commons.io.filefilter.IOFileFilter                                   : loaded 2 times (x 70B)
Class dagger.internal.codegen.binding.FrameworkTypeMapper                             : loaded 2 times (x 80B)
Class dagger.internal.codegen.writing.DependencyMethodProducerCreationExpression$Factory: loaded 2 times (x 70B)
Class com.google.common.graph.Graphs$NodeVisitState                                   : loaded 2 times (x 79B)
Class com.google.common.graph.Traverser$InsertionOrder$2                              : loaded 2 times (x 80B)
Class dagger.internal.codegen.binding.AutoValue_ComponentCreatorDescriptor            : loaded 2 times (x 82B)
Class com.google.common.graph.NetworkBuilder                                          : loaded 2 times (x 72B)
Class dagger.internal.codegen.writing.ImmediateFutureRequestRepresentation$Factory    : loaded 2 times (x 70B)
Class dagger.internal.codegen.writing.PrivateMethodRequestRepresentation_Factory      : loaded 2 times (x 72B)
Class dagger.internal.codegen.writing.ProvisionBindingRepresentation$1                : loaded 2 times (x 71B)
Class com.google.common.base.Stopwatch                                                : loaded 2 times (x 72B)
Class org.apache.commons.io.Charsets                                                  : loaded 2 times (x 71B)
Class org.apache.commons.io.file.Counters$PathCounters                                : loaded 2 times (x 70B)
Class dagger.hilt.processor.internal.definecomponent.DefineComponentMetadatas$DefineComponentMetadata: loaded 2 times (x 75B)
Class com.google.common.cache.LocalCache$StrongEntry                                  : loaded 2 times (x 108B)
Class com.google.common.util.concurrent.AbstractFuture$TrustedFuture                  : loaded 2 times (x 114B)
Class dagger.internal.codegen.writing.FrameworkInstanceBindingRepresentation$1        : loaded 2 times (x 71B)
Class dagger.internal.codegen.writing.DirectInstanceBindingRepresentation             : loaded 2 times (x 72B)
Class dagger.internal.codegen.writing.ComponentRequestRepresentations                 : loaded 2 times (x 72B)
Class com.google.common.graph.ImmutableGraph                                          : loaded 2 times (x 138B)
Class dagger.internal.codegen.writing.StaticFactoryInstanceSupplier_Factory           : loaded 2 times (x 72B)
Class dagger.internal.codegen.writing.ImmediateFutureRequestRepresentation_Factory_Impl: loaded 2 times (x 75B)
Class com.google.common.graph.DirectedGraphConnections$NodeConnection$Pred            : loaded 2 times (x 72B)
Class com.google.common.collect.Iterables$8                                           : loaded 2 times (x 81B)
Class dagger.internal.codegen.binding.AutoValue_ComponentDescriptor                   : loaded 2 times (x 90B)
Class com.google.common.graph.Traverser$InsertionOrder$1                              : loaded 2 times (x 80B)
Class dagger.internal.codegen.binding.ComponentRequirement                            : loaded 2 times (x 82B)
Class dagger.spi.model.ComponentPath                                                  : loaded 2 times (x 73B)
Class dagger.spi.model.DaggerElement                                                  : loaded 2 times (x 74B)
Class dagger.internal.codegen.writing.DelegateRequestRepresentation_Factory_Impl      : loaded 2 times (x 75B)
Class dagger.internal.codegen.writing.ProviderInstanceRequestRepresentation_Factory   : loaded 2 times (x 72B)
Class dagger.internal.codegen.writing.SetFactoryCreationExpression_Factory_Impl       : loaded 2 times (x 75B)
Class org.gradle.api.internal.classpath.UnknownModuleException                        : loaded 2 times (x 82B)
Class kotlin.io.FileAlreadyExistsException                                            : loaded 2 times (x 82B)
Class com.google.common.graph.Traverser$InsertionOrder                                : loaded 2 times (x 80B)
Class com.google.common.graph.AbstractNetwork$1                                       : loaded 2 times (x 136B)
Class dagger.internal.codegen.writing.MembersInjectorProviderCreationExpression_Factory: loaded 2 times (x 72B)
Class dagger.internal.codegen.writing.UnscopedFrameworkInstanceCreationExpressionFactory_Factory: loaded 2 times (x 77B)
Class dagger.internal.codegen.xprocessing.JavaPoetExt                                 : loaded 2 times (x 71B)
Class org.gradle.api.internal.classpath.Module                                        : loaded 2 times (x 70B)
Class org.apache.commons.io.output.NullOutputStream                                   : loaded 2 times (x 85B)
Class kotlin.io.FileTreeWalk$FileTreeWalkIterator$TopDownDirectoryState               : loaded 2 times (x 74B)
Class com.google.common.io.ByteStreams$LimitedInputStream                             : loaded 2 times (x 92B)
Class org.objectweb.asm.MethodWriter                                                  : loaded 2 times (x 106B)
Class dagger.internal.codegen.writing.SubcomponentCreatorRequestRepresentation        : loaded 2 times (x 74B)
Class dagger.internal.codegen.writing.ComponentRequestRepresentations$1               : loaded 2 times (x 71B)
Class dagger.internal.codegen.validation.ComponentDescriptorValidator$ComponentValidation: loaded 2 times (x 72B)
Class dagger.internal.codegen.writing.ProviderInstanceSupplier_Factory                : loaded 2 times (x 72B)
Class dagger.internal.codegen.model.BindingGraph$Edge                                 : loaded 2 times (x 70B)
Class dagger.internal.codegen.base.OptionalType                                       : loaded 2 times (x 75B)
Class [Ldagger.internal.codegen.binding.ComponentRequirement$Kind;                    : loaded 2 times (x 69B)
Class com.google.common.collect.FilteredMultimap                                      : loaded 2 times (x 70B)
Class dagger.internal.codegen.binding.DependencyEdgeImpl                              : loaded 2 times (x 76B)
Class org.apache.commons.io.file.CountingPathVisitor                                  : loaded 2 times (x 91B)
Class com.google.common.collect.FilteredKeySetMultimap$EntrySet                       : loaded 2 times (x 149B)
Class com.google.common.base.Predicates$InPredicate                                   : loaded 2 times (x 88B)
Class com.google.common.graph.EndpointPair$Ordered                                    : loaded 2 times (x 83B)
Class dagger.internal.codegen.validation.AutoValue_SpiModelBindingGraphConverter_DaggerAnnotationImpl: loaded 2 times (x 77B)
Class dagger.internal.codegen.javapoet.ExpressionType                                 : loaded 2 times (x 72B)
Class build_9cr6gy8k8xe15m15j6qx6oiop$_run_closure1                                   : loaded 2 times (x 139B)
Class com.google.common.reflect.Reflection                                            : loaded 2 times (x 71B)
Class com.google.common.graph.Graph                                                   : loaded 2 times (x 70B)
Class com.google.common.graph.StandardMutableValueGraph                               : loaded 2 times (x 174B)
Class com.google.common.graph.DirectedGraphConnections$3$2                            : loaded 2 times (x 82B)
Class com.google.common.collect.Lists$TwoPlusArrayList                                : loaded 2 times (x 199B)
Class dagger.spi.model.Key$Builder                                                    : loaded 2 times (x 76B)
Class org.gradle.api.internal.classpath.DefaultModuleRegistry$DefaultModule           : loaded 2 times (x 86B)
Class dagger.hilt.android.processor.internal.androidentrypoint.InjectorEntryPointGenerator: loaded 2 times (x 72B)
Class kotlin.text.Charsets                                                            : loaded 2 times (x 71B)
Class dagger.internal.codegen.writing.SetRequestRepresentation                        : loaded 2 times (x 74B)
Class dagger.internal.codegen.javapoet.TypeSpecs                                      : loaded 2 times (x 71B)
Class ijJvmDebugger1_9g0qofofwcyj7zv76ipfztsnh$_run_closure1                          : loaded 2 times (x 139B)
Class dagger.spi.model.AutoValue_DependencyRequest                                    : loaded 2 times (x 76B)
Class settings_8w9a297xppgmhoucjgn2ej9m1$_run_closure1                                : loaded 2 times (x 139B)
Class dagger.internal.codegen.model.AutoValue_ComponentPath                           : loaded 2 times (x 75B)
Class build_9cr6gy8k8xe15m15j6qx6oiop                                                 : loaded 2 times (x 180B)
Class org.objectweb.asm.FieldVisitor                                                  : loaded 2 times (x 77B)
Class dagger.internal.codegen.writing.MembersInjectionMethods_Factory                 : loaded 2 times (x 77B)
Class com.google.common.graph.DirectedGraphConnections$3$1                            : loaded 2 times (x 82B)
Class dagger.internal.codegen.validation.$AutoValue_SpiModelBindingGraphConverter_BindingGraphImpl: loaded 2 times (x 96B)
Class dagger.internal.codegen.writing.MembersInjectionBindingRepresentation_Factory_Impl: loaded 2 times (x 75B)
Class dagger.internal.codegen.writing.ComponentRequirementRequestRepresentation$Factory: loaded 2 times (x 70B)
Class dagger.spi.shaded.androidx.room.compiler.processing.javac.JavacRawType$typeName$2: loaded 2 times (x 79B)
Class org.gradle.internal.classloader.ClasspathUtil$1                                 : loaded 2 times (x 76B)
Class org.objectweb.asm.ClassWriter                                                   : loaded 2 times (x 106B)
Class org.apache.http.client.methods.HttpRequestBase                                  : loaded 2 times (x 145B)
Class dagger.hilt.android.processor.internal.androidentrypoint.FragmentGenerator      : loaded 2 times (x 72B)
Class dagger.hilt.processor.internal.definecomponent.AutoValue_DefineComponentMetadatas_DefineComponentMetadata: loaded 2 times (x 76B)
Class com.google.common.graph.DirectedGraphConnections$2$2                            : loaded 2 times (x 82B)
Class dagger.hilt.processor.internal.ComponentDescriptor                              : loaded 2 times (x 76B)
Class dagger.internal.codegen.writing.SubcomponentCreatorRequestRepresentation$Factory: loaded 2 times (x 70B)
Class dagger.internal.codegen.writing.MembersInjectorProviderCreationExpression_Factory_Impl: loaded 2 times (x 75B)
Class dagger.internal.codegen.writing.ProvisionBindingRepresentation_Factory_Impl     : loaded 2 times (x 75B)
Class org.gradle.internal.InternalTransformer                                         : loaded 2 times (x 70B)
Class kotlin.io.FileTreeWalk$FileTreeWalkIterator$WhenMappings                        : loaded 2 times (x 71B)
Class dagger.hilt.android.processor.internal.viewmodel.ViewModelMetadata$Companion$create$3$1: loaded 2 times (x 78B)
Class com.google.common.graph.AbstractBaseGraph                                       : loaded 2 times (x 114B)
Class com.google.common.reflect.Types$JavaVersion$1                                   : loaded 2 times (x 83B)
Class dagger.internal.codegen.binding.AutoValue_MethodSignature                       : loaded 2 times (x 75B)
Class dagger.internal.codegen.writing.ComponentImplementation$CompilerMode            : loaded 2 times (x 79B)
Class com.google.common.graph.DirectedGraphConnections$NodeConnection$Succ            : loaded 2 times (x 72B)
Class dagger.spi.model.$AutoValue_Key                                                 : loaded 2 times (x 80B)
Class com.google.common.graph.MultiEdgesConnecting$1                                  : loaded 2 times (x 82B)
Class dagger.internal.codegen.validation.ComponentValidator$ElementValidator          : loaded 2 times (x 73B)
Class dagger.internal.codegen.base.Keys                                               : loaded 2 times (x 71B)
Class dagger.internal.codegen.binding.AutoValue_ComponentRequirement                  : loaded 2 times (x 82B)
Class com.google.common.graph.StandardMutableNetwork                                  : loaded 2 times (x 174B)
Class dagger.internal.codegen.validation.AutoValue_SpiModelBindingGraphConverter_ComponentNodeImpl: loaded 2 times (x 88B)
Class dagger.spi.model.$AutoValue_Key$Builder                                         : loaded 2 times (x 78B)
Class dagger.internal.codegen.writing.ProducerNodeInstanceRequestRepresentation_Factory: loaded 2 times (x 72B)
Class com.google.common.io.ByteSink$AsCharSink                                        : loaded 2 times (x 80B)
Class dagger.internal.codegen.componentgenerator.CurrentImplementationSubcomponent$Builder: loaded 2 times (x 70B)
Class com.google.common.graph.Traverser$Traversal$4                                   : loaded 2 times (x 82B)
Class com.google.common.util.concurrent.AbstractFuture$Trusted                        : loaded 2 times (x 70B)
Class com.google.common.collect.Range                                                 : loaded 2 times (x 87B)
Class org.apache.http.client.methods.HttpEntityEnclosingRequestBase                   : loaded 2 times (x 153B)
Class kotlin.collections.AbstractIterator                                             : loaded 2 times (x 83B)
Class kotlin.io.LinesSequence$iterator$1                                              : loaded 2 times (x 79B)
Class dagger.spi.shaded.androidx.room.jarjarred.kotlinx.metadata.jvm.KotlinClassMetadata$SyntheticClass$functionData$2: loaded 2 times (x 79B)
Class com.google.common.graph.DirectedGraphConnections$NodeConnection                 : loaded 2 times (x 72B)
Class com.google.common.graph.Traverser$Traversal$3                                   : loaded 2 times (x 82B)
Class dagger.internal.codegen.binding.ComponentNodeImpl                               : loaded 2 times (x 85B)
Class com.google.common.hash.PrimitiveSink                                            : loaded 2 times (x 70B)
Class com.google.common.reflect.Types$JavaVersion$2                                   : loaded 2 times (x 83B)
Class com.google.common.reflect.Types                                                 : loaded 2 times (x 71B)
Class com.google.common.base.PatternCompiler                                          : loaded 2 times (x 70B)
Class com.google.common.util.concurrent.AbstractFuture$Failure                        : loaded 2 times (x 72B)
Class dagger.internal.codegen.model.BindingGraph$ChildFactoryMethodEdge               : loaded 2 times (x 70B)
Class dagger.internal.codegen.writing.SubcomponentCreatorRequestRepresentation_Factory: loaded 2 times (x 72B)
Class dagger.internal.codegen.writing.PrivateMethodRequestRepresentation_Factory_Impl : loaded 2 times (x 75B)
Class dagger.spi.model.AutoValue_ComponentPath                                        : loaded 2 times (x 75B)
Class com.google.common.graph.DirectedGraphConnections$2$1                            : loaded 2 times (x 82B)
Class dagger.internal.codegen.writing.MapRequestRepresentation_Factory_Impl           : loaded 2 times (x 75B)
Class dagger.internal.codegen.writing.DerivedFromFrameworkInstanceRequestRepresentation_Factory_Impl: loaded 2 times (x 75B)
Class dagger.internal.codegen.writing.SwitchingProviderInstanceSupplier_Factory_Impl  : loaded 2 times (x 75B)
Class dagger.internal.codegen.writing.DependencyMethodProducerCreationExpression_Factory: loaded 2 times (x 72B)
Class dagger.internal.codegen.writing.ProviderInstanceSupplier$Factory                : loaded 2 times (x 70B)
Class dagger.internal.codegen.writing.ProvisionBindingRepresentation_Factory          : loaded 2 times (x 72B)
Class dagger.internal.codegen.writing.PrivateMethodRequestRepresentation              : loaded 2 times (x 78B)
Class ijJvmDebugger1_9g0qofofwcyj7zv76ipfztsnh                                        : loaded 2 times (x 179B)
Class com.google.common.util.concurrent.AbstractFuture$UnsafeAtomicHelper$1           : loaded 2 times (x 76B)
Class com.google.common.collect.ImmutableRangeSet$1                                   : loaded 2 times (x 210B)
Class kotlin.io.FilesKt__FilePathComponentsKt                                         : loaded 2 times (x 71B)
Class kotlin.io.TerminateException                                                    : loaded 2 times (x 82B)
Class com.google.common.graph.Traverser$Traversal$2                                   : loaded 2 times (x 74B)
Class dagger.internal.codegen.binding.$AutoValue_SubcomponentDeclaration              : loaded 2 times (x 78B)
Class dagger.spi.shaded.androidx.room.compiler.processing.javac.TypeMirrorExtKt$extendsBound$1: loaded 2 times (x 101B)
Class dagger.hilt.processor.internal.earlyentrypoint.AggregatedEarlyEntryPointMetadata: loaded 2 times (x 73B)
Class dagger.hilt.processor.internal.uninstallmodules.AggregatedUninstallModulesMetadata: loaded 2 times (x 74B)
Class dagger.internal.codegen.binding.AutoValue_ComponentNodeImpl                     : loaded 2 times (x 86B)
Class dagger.spi.model.DaggerProcessingEnv$Backend                                    : loaded 2 times (x 79B)
Class dagger.internal.codegen.writing.AnonymousProviderCreationExpression_Factory_Impl: loaded 2 times (x 75B)
Class dagger.internal.codegen.writing.OptionalFactories_Factory                       : loaded 2 times (x 77B)
Class dagger.internal.codegen.writing.StaticFactoryInstanceSupplier$Factory           : loaded 2 times (x 70B)
Class ijJvmDebugger1_9g0qofofwcyj7zv76ipfztsnh$_run_closure1$_closure2                : loaded 2 times (x 140B)
Class [Lorg.apache.commons.io.file.DeleteOption;                                      : loaded 2 times (x 69B)
Class com.google.common.reflect.Types$JavaVersion$3                                   : loaded 2 times (x 83B)
Class com.google.common.io.CharSink                                                   : loaded 2 times (x 79B)
Class org.objectweb.asm.Label                                                         : loaded 2 times (x 73B)
Class org.objectweb.asm.CurrentFrame                                                  : loaded 2 times (x 73B)
Class org.objectweb.asm.ClassTooLargeException                                        : loaded 2 times (x 83B)
Class dagger.internal.codegen.writing.SwitchingProviders$1                            : loaded 2 times (x 78B)
Class dagger.internal.codegen.writing.FrameworkInstanceRequestRepresentation          : loaded 2 times (x 76B)
Class dagger.internal.codegen.writing.ComponentRequirementExpressions                 : loaded 2 times (x 72B)
Class dagger.internal.codegen.writing.InjectionOrProvisionProviderCreationExpression$Factory: loaded 2 times (x 70B)
Class dagger.internal.codegen.writing.ComponentRequirementRequestRepresentation_Factory: loaded 2 times (x 72B)
Class dagger.internal.codegen.validation.AutoValue_SpiModelBindingGraphConverter_DaggerElementImpl: loaded 2 times (x 76B)
Class com.google.common.collect.MapMakerInternalMap$AbstractStrongKeyEntry            : loaded 2 times (x 80B)
Class com.google.common.reflect.TypeToken$SimpleTypeToken                             : loaded 2 times (x 73B)
Class org.apache.http.client.methods.AbstractExecutionAwareRequest                    : loaded 2 times (x 128B)
Class org.apache.commons.io.function.IOSupplier                                       : loaded 2 times (x 70B)
Class dagger.internal.codegen.binding.ResolvedBindings                                : loaded 2 times (x 79B)
Class dagger.internal.codegen.binding.ComponentCreatorDescriptor                      : loaded 2 times (x 79B)
Class com.google.common.io.ByteSource$ByteArrayByteSource                             : loaded 2 times (x 85B)
Class kotlin.io.CloseableKt                                                           : loaded 2 times (x 71B)
Class dagger.hilt.android.processor.internal.viewmodel.ViewModelMetadata              : loaded 2 times (x 72B)
Class dagger.hilt.processor.internal.AggregatedElements                               : loaded 2 times (x 71B)
Class com.google.common.graph.Traverser$Traversal$1                                   : loaded 2 times (x 74B)
Class dagger.hilt.processor.internal.root.RootFileFormatter                           : loaded 2 times (x 71B)
Class dagger.internal.codegen.writing.OptionalRequestRepresentation$Factory           : loaded 2 times (x 70B)
Class dagger.internal.codegen.writing.ProviderInstanceSupplier                        : loaded 2 times (x 75B)
Class com.google.common.collect.Lists$Partition                                       : loaded 2 times (x 200B)
Class dagger.internal.codegen.validation.ComponentCreatorValidator$ElementValidator   : loaded 2 times (x 72B)
Class org.apache.commons.io.FileExistsException                                       : loaded 2 times (x 82B)
Class com.google.common.graph.MapIteratorCache                                        : loaded 2 times (x 75B)
Class com.google.common.graph.MutableGraph                                            : loaded 2 times (x 70B)
Class com.google.common.collect.HashBiMap$BiEntry                                     : loaded 2 times (x 83B)
Class dagger.hilt.processor.internal.definecomponent.DefineComponentClassesMetadata   : loaded 2 times (x 75B)
Class org.apache.commons.io.file.Counters                                             : loaded 2 times (x 71B)
Class dagger.internal.codegen.binding.LegacyBindingGraph                              : loaded 2 times (x 72B)
Class dagger.internal.codegen.binding.AutoValue_BindingGraphConverter_ResolvedBindingsWithPath: loaded 2 times (x 74B)
Class dagger.internal.codegen.binding.DependencyVariableNamer                         : loaded 2 times (x 71B)
Class com.google.common.io.ByteSource$AsCharSource                                    : loaded 2 times (x 86B)
Class com.google.common.reflect.Types$JavaVersion$4                                   : loaded 2 times (x 83B)
Class com.google.common.collect.RangeGwtSerializationDependencies                     : loaded 2 times (x 71B)
Class com.google.common.collect.MapMakerInternalMap$InternalEntryHelper               : loaded 2 times (x 70B)
Class org.objectweb.asm.Frame                                                         : loaded 2 times (x 73B)
Class org.objectweb.asm.MethodVisitor                                                 : loaded 2 times (x 105B)
Class com.google.common.base.Joiner$3                                                 : loaded 2 times (x 199B)
Class dagger.internal.codegen.writing.MembersInjectionRequestRepresentation           : loaded 2 times (x 74B)
Class dagger.internal.codegen.writing.ComponentCreatorImplementationFactory$RequirementStatus: loaded 2 times (x 79B)
Class dagger.internal.codegen.writing.ProducerFromProviderCreationExpression$Factory  : loaded 2 times (x 70B)
Class dagger.spi.model.BindingGraph$DependencyEdge                                    : loaded 2 times (x 70B)
Class dagger.internal.codegen.writing.FrameworkInstanceBindingRepresentation$Factory  : loaded 2 times (x 70B)
Class dagger.internal.codegen.binding.ComponentDescriptor$ComponentMethodDescriptor   : loaded 2 times (x 74B)
Class dagger.internal.codegen.writing.ComponentCreatorImplementation                  : loaded 2 times (x 74B)
Class org.gradle.internal.service.ServiceLocator                                      : loaded 2 times (x 70B)
Class [Lorg.objectweb.asm.Type;                                                       : loaded 2 times (x 69B)
Class [Lorg.objectweb.asm.Attribute;                                                  : loaded 2 times (x 69B)
Class com.google.common.graph.GraphConnections                                        : loaded 2 times (x 70B)
Class com.google.common.graph.DirectedGraphConnections                                : loaded 2 times (x 83B)
Class dagger.internal.codegen.writing.UnscopedDirectInstanceRequestRepresentationFactory_Factory: loaded 2 times (x 77B)
Class org.apache.commons.io.output.ByteArrayOutputStream                              : loaded 2 times (x 102B)
Class com.google.common.reflect.TypeResolver$TypeVariableKey                          : loaded 2 times (x 72B)
Class dagger.hilt.processor.internal.definecomponent.DefineComponents                 : loaded 2 times (x 72B)
Class com.google.common.graph.AbstractBaseGraph$1                                     : loaded 2 times (x 137B)
Class org.apache.commons.io.FileUtils                                                 : loaded 2 times (x 71B)
Class com.google.common.reflect.Types$JavaVersion$5                                   : loaded 2 times (x 71B)
Class [Lcom.google.common.reflect.Types$ClassOwnership;                               : loaded 2 times (x 69B)
Class com.google.common.collect.RangeSet                                              : loaded 2 times (x 70B)
Class org.gradle.api.internal.classpath.GlobalCacheRootsProvider                      : loaded 2 times (x 70B)
Class dagger.internal.codegen.bindinggraphvalidation.AutoValue_DuplicateBindingsValidator_BindingWithoutComponent: loaded 2 times (x 76B)
Class dagger.internal.codegen.binding.ErrorMessages$FactoryMessages                   : loaded 2 times (x 81B)
Class dagger.spi.shaded.androidx.room.compiler.processing.javac.TypeMirrorExtKt       : loaded 2 times (x 71B)
Class dagger.internal.codegen.binding.BindingGraphFactory$Resolver$LocalDependencyChecker: loaded 2 times (x 72B)
Class org.apache.commons.io.output.UnsynchronizedByteArrayOutputStream                : loaded 2 times (x 102B)
Class com.google.common.collect.ImmutableRangeSet$AsSet                               : loaded 2 times (x 300B)
Class com.google.common.reflect.Types$ParameterizedTypeImpl                           : loaded 2 times (x 81B)
Class org.apache.commons.io.filefilter.AbstractFileFilter                             : loaded 2 times (x 121B)
Class dagger.internal.codegen.binding.ErrorMessages$1                                 : loaded 2 times (x 71B)
Class dagger.internal.codegen.binding.AutoValue_ResolvedBindings                      : loaded 2 times (x 87B)
Class dagger.internal.codegen.writing.MembersInjectionBindingRepresentation$Factory   : loaded 2 times (x 70B)
Class dagger.internal.codegen.writing.ComponentProvisionRequestRepresentation$Factory : loaded 2 times (x 70B)
Class dagger.internal.codegen.writing.ComponentMethodRequestRepresentation            : loaded 2 times (x 78B)
Class org.gradle.internal.classloader.InstrumentingClassLoader                        : loaded 2 times (x 70B)
Class org.gradle.internal.classpath.TransformedClassPath                              : loaded 2 times (x 96B)
Class [Lcom.google.common.graph.GraphConstants$Presence;                              : loaded 2 times (x 69B)
Class org.objectweb.asm.FieldWriter                                                   : loaded 2 times (x 78B)
Class com.google.common.collect.MapMaker$Dummy                                        : loaded 2 times (x 79B)
Class com.google.common.reflect.Invokable                                             : loaded 2 times (x 103B)
Class org.apache.http.HttpMessage                                                     : loaded 2 times (x 70B)
Class dagger.internal.codegen.binding.BindingRequest                                  : loaded 2 times (x 74B)
Class dagger.internal.codegen.bindinggraphvalidation.DuplicateBindingsValidator$BindingWithoutComponent: loaded 2 times (x 75B)
Class dagger.internal.codegen.writing.UnscopedFrameworkInstanceCreationExpressionFactory: loaded 2 times (x 72B)
Class dagger.internal.codegen.writing.MemberSelect$LocalField                         : loaded 2 times (x 75B)
Class dagger.internal.codegen.validation.ComponentCreatorValidator$1                  : loaded 2 times (x 71B)
Class com.google.common.collect.Interner                                              : loaded 2 times (x 70B)
Class com.google.common.collect.CollectCollectors                                     : loaded 2 times (x 71B)
Class org.objectweb.asm.ModuleWriter                                                  : loaded 2 times (x 82B)
Class dagger.internal.codegen.writing.FrameworkInstanceKind$1                         : loaded 2 times (x 71B)
Class com.google.common.collect.Interners$InternerImpl                                : loaded 2 times (x 75B)
Class dagger.internal.codegen.writing.ComponentMethodRequestRepresentation$Factory    : loaded 2 times (x 70B)
Class com.google.common.io.ByteStreams                                                : loaded 2 times (x 71B)
Class dagger.internal.codegen.binding.BindingNode                                     : loaded 2 times (x 108B)
Class dagger.internal.codegen.binding.ComponentRequirement$NullPolicy                 : loaded 2 times (x 79B)
Class org.objectweb.asm.Handle                                                        : loaded 2 times (x 72B)
Class dagger.spi.shaded.auto.common.MoreTypes$PrimitiveTypeVisitor                    : loaded 2 times (x 102B)
Class dagger.hilt.processor.internal.aggregateddeps.AutoValue_AggregatedDepsMetadata  : loaded 2 times (x 79B)
Class com.google.common.graph.StandardNetwork                                         : loaded 2 times (x 140B)
Class com.google.common.collect.MapMakerInternalMap$StrongKeyDummyValueEntry$Helper   : loaded 2 times (x 79B)
Class dagger.internal.codegen.writing.MembersInjectionRequestRepresentation$Factory   : loaded 2 times (x 70B)
Class dagger.internal.codegen.writing.ComponentProvisionRequestRepresentation         : loaded 2 times (x 74B)
Class com.google.common.util.concurrent.SettableFuture                                : loaded 2 times (x 114B)
Class org.apache.commons.io.output.QueueOutputStream                                  : loaded 2 times (x 87B)
Class com.google.common.reflect.Types$ClassOwnership$3                                : loaded 2 times (x 71B)
Class org.apache.commons.io.file.Counters$Counter                                     : loaded 2 times (x 70B)
Class dagger.internal.codegen.model.ComponentPath                                     : loaded 2 times (x 73B)
Class com.google.common.graph.DirectedMultiNetworkConnections                         : loaded 2 times (x 98B)
Class dagger.spi.shaded.androidx.room.jarjarred.kotlinx.metadata.jvm.KotlinClassMetadata$SyntheticClass: loaded 2 times (x 72B)
Class org.apache.http.auth.Credentials                                                : loaded 2 times (x 70B)
Class com.google.common.collect.CollectSpliterators$1                                 : loaded 2 times (x 90B)
Class dagger.internal.codegen.writing.DirectInstanceBindingRepresentation$1           : loaded 2 times (x 71B)
Class dagger.internal.codegen.writing.ProducerEntryPointView                          : loaded 2 times (x 72B)
Class dagger.internal.codegen.validation.DiagnosticMessageGenerator$1                 : loaded 2 times (x 87B)
Class dagger.spi.model.BindingGraph$MaybeBinding                                      : loaded 2 times (x 70B)
Class dagger.spi.model.Key$MultibindingContributionIdentifier                         : loaded 2 times (x 73B)
Class dagger.spi.model.AutoValue_Key_MultibindingContributionIdentifier               : loaded 2 times (x 74B)
Class dagger.hilt.processor.internal.DaggerModelsKt                                   : loaded 2 times (x 71B)
Class dagger.internal.codegen.writing.SimpleMethodRequestRepresentation$Factory       : loaded 2 times (x 70B)
Class org.objectweb.asm.ModuleVisitor                                                 : loaded 2 times (x 81B)
Class com.google.common.collect.MapMakerInternalMap$StrongValueEntry                  : loaded 2 times (x 70B)
Class com.google.common.reflect.TypeResolver                                          : loaded 2 times (x 72B)
Class com.google.common.reflect.Types$ClassOwnership$2                                : loaded 2 times (x 80B)
Class com.google.common.io.ByteArrayDataInput                                         : loaded 2 times (x 70B)
Class dagger.internal.codegen.writing.FactoryGenerator$1                              : loaded 2 times (x 71B)
Class com.google.common.graph.ValueGraph                                              : loaded 2 times (x 70B)
Class com.google.common.collect.Collections2                                          : loaded 2 times (x 71B)
Class dagger.internal.codegen.base.AutoValue_OptionalType                             : loaded 2 times (x 75B)
Class dagger.internal.codegen.validation.SpiModelBindingGraphConverter$BindingNodeImpl: loaded 2 times (x 104B)
Class dagger.internal.codegen.writing.ComponentMethodRequestRepresentation_Factory_Impl: loaded 2 times (x 75B)
Class kotlin.sequences.ConstrainedOnceSequence                                        : loaded 2 times (x 75B)
Class com.google.common.io.ByteStreams$1                                              : loaded 2 times (x 85B)
Class dagger.internal.codegen.writing.SetRequestRepresentation_Factory_Impl           : loaded 2 times (x 75B)
Class dagger.internal.codegen.writing.SwitchingProviderInstanceSupplier$Factory       : loaded 2 times (x 70B)
Class dagger.internal.codegen.validation.SpiModelBindingGraphConverter$DaggerAnnotationImpl: loaded 2 times (x 76B)
Class dagger.internal.codegen.writing.DirectInstanceBindingRepresentation$Factory     : loaded 2 times (x 70B)
Class dagger.internal.codegen.writing.DelegatingFrameworkInstanceCreationExpression$Factory: loaded 2 times (x 70B)
Class dagger.internal.codegen.binding.SubcomponentDeclaration                         : loaded 2 times (x 76B)
Class com.google.common.io.Files$FileByteSink                                         : loaded 2 times (x 77B)
Class dagger.internal.codegen.validation.ComponentValidator$ElementValidator$ComponentMethodValidator: loaded 2 times (x 73B)
Class org.gradle.internal.service.UnknownServiceException                             : loaded 2 times (x 83B)
Class com.google.common.util.concurrent.AbstractFuture$SafeAtomicHelper               : loaded 2 times (x 79B)
Class com.google.common.base.AbstractIterator$State                                   : loaded 2 times (x 79B)
Class com.google.common.collect.MapMakerInternalMap$Strength$2                        : loaded 2 times (x 80B)
Class [Lorg.objectweb.asm.AnnotationVisitor;                                          : loaded 2 times (x 69B)
Class com.google.common.reflect.Types$ClassOwnership$1                                : loaded 2 times (x 80B)
Class dagger.hilt.processor.internal.aggregateddeps.AutoValue_ComponentDependencies$Builder: loaded 2 times (x 76B)
Class dagger.internal.codegen.binding.AutoValue_ComponentDescriptor_ComponentMethodDescriptor$Builder: loaded 2 times (x 78B)
Class dagger.spi.model.BindingGraph$MissingBinding                                    : loaded 2 times (x 82B)
Class dagger.internal.codegen.writing.OptionalFactoryInstanceCreationExpression_Factory: loaded 2 times (x 72B)
Class dagger.internal.codegen.writing.SimpleMethodRequestRepresentation               : loaded 2 times (x 74B)
Class org.gradle.api.internal.ClassPathProvider                                       : loaded 2 times (x 70B)
Class [Lorg.gradle.api.internal.ClassPathProvider;                                    : loaded 2 times (x 69B)
Class com.google.common.collect.MapMakerInternalMap$Strength$1                        : loaded 2 times (x 80B)
Class dagger.hilt.processor.internal.root.AggregatedRootGenerator                     : loaded 2 times (x 72B)
Class dagger.hilt.android.processor.internal.viewmodel.ViewModelMetadata$Companion    : loaded 2 times (x 71B)
Class org.apache.commons.io.output.AppendableWriter                                   : loaded 2 times (x 100B)
Class org.gradle.internal.installation.CurrentGradleInstallationLocator               : loaded 2 times (x 71B)
Class dagger.spi.shaded.androidx.room.compiler.processing.javac.JavacRawType          : loaded 2 times (x 79B)
Class dagger.internal.codegen.writing.ProducerNodeInstanceRequestRepresentation       : loaded 2 times (x 76B)
Class org.apache.http.HttpEntityEnclosingRequest                                      : loaded 2 times (x 70B)
Class dagger.internal.codegen.writing.SubcomponentCreatorRequestRepresentation_Factory_Impl: loaded 2 times (x 75B)
Class dagger.internal.codegen.writing.ImmediateFutureRequestRepresentation_Factory    : loaded 2 times (x 72B)
Class dagger.internal.codegen.writing.ComponentWrapperImplementation_Factory          : loaded 2 times (x 77B)
Class dagger.spi.model.DaggerExecutableElement                                        : loaded 2 times (x 74B)
Class org.objectweb.asm.ByteVector                                                    : loaded 2 times (x 79B)
Class org.apache.commons.io.FilenameUtils                                             : loaded 2 times (x 71B)
Class com.google.common.graph.ElementOrder$1                                          : loaded 2 times (x 71B)
Class dagger.internal.codegen.writing.DependencyMethodProviderCreationExpression_Factory_Impl: loaded 2 times (x 75B)
Class dagger.internal.codegen.writing.ProducerCreationExpression_Factory              : loaded 2 times (x 72B)
Class com.google.common.collect.FilteredEntrySetMultimap                              : loaded 2 times (x 203B)
Class dagger.internal.codegen.writing.DelegatingFrameworkInstanceCreationExpression   : loaded 2 times (x 77B)
Class org.gradle.api.internal.DefaultClassPathProvider                                : loaded 2 times (x 76B)
Class org.objectweb.asm.AnnotationVisitor                                             : loaded 2 times (x 78B)
Class com.google.common.graph.MapIteratorCache$1$1                                    : loaded 2 times (x 81B)
Class [Ldagger.internal.codegen.base.OptionalType$OptionalKind;                       : loaded 2 times (x 69B)
Class dagger.internal.codegen.validation.SpiModelBindingGraphConverter$DaggerExecutableElementImpl: loaded 2 times (x 75B)
Class dagger.internal.codegen.writing.DerivedFromFrameworkInstanceRequestRepresentation_Factory: loaded 2 times (x 72B)
Class dagger.internal.codegen.writing.MapFactoryCreationExpression$Factory            : loaded 2 times (x 70B)
Class dagger.internal.codegen.writing.FrameworkFieldInitializer$InitializationState   : loaded 2 times (x 79B)
Class dagger.internal.codegen.binding.KeyVariableNamer                                : loaded 2 times (x 71B)
Class org.apache.commons.io.output.StringBuilderWriter                                : loaded 2 times (x 100B)
Class [Lorg.apache.commons.io.StandardLineSeparator;                                  : loaded 2 times (x 69B)
Class com.google.common.collect.ImmutableRangeSet                                     : loaded 2 times (x 115B)
Class [Ldagger.internal.codegen.binding.FrameworkTypeMapper;                          : loaded 2 times (x 69B)
Class org.gradle.internal.classloader.VisitableURLClassLoader$Spec                    : loaded 2 times (x 74B)
Class [Ldagger.hilt.processor.internal.aggregateddeps.AggregatedDepsMetadata$DependencyType;: loaded 2 times (x 69B)
Class dagger.hilt.processor.internal.aliasof.AliasOfPropagatedDataMetadata            : loaded 2 times (x 74B)
Class dagger.spi.model.DependencyRequest$Builder                                      : loaded 2 times (x 76B)
Class dagger.internal.codegen.writing.DependencyMethodProviderCreationExpression$Factory: loaded 2 times (x 70B)
Class org.gradle.api.internal.classpath.EffectiveClassPath                            : loaded 2 times (x 90B)
Class ijKotlinCoroutineJvmDebugInit1_5r7bdxi9damxfzcc7gj3q5i8h$_run_closure1          : loaded 2 times (x 139B)
Class [Lkotlin.io.FileWalkDirection;                                                  : loaded 2 times (x 69B)
Class com.google.common.io.ByteSource$SlicedByteSource                                : loaded 2 times (x 85B)
Class org.objectweb.asm.ClassReader                                                   : loaded 2 times (x 94B)
Class org.apache.commons.io.file.SimplePathVisitor                                    : loaded 2 times (x 85B)
Class org.apache.commons.io.output.ThresholdingOutputStream                           : loaded 2 times (x 95B)
Class org.gradle.internal.service.DefaultServiceLocator                               : loaded 2 times (x 83B)
Class dagger.internal.codegen.writing.AnonymousProviderCreationExpression_Factory     : loaded 2 times (x 72B)
Class com.google.common.base.Enums$StringConverter                                    : loaded 2 times (x 90B)
Class dagger.internal.codegen.binding.$AutoValue_BindingGraph_TopLevelBindingGraph    : loaded 2 times (x 100B)
Class kotlin.io.FileTreeWalk$FileTreeWalkIterator                                     : loaded 2 times (x 83B)
Class [Ldagger.internal.codegen.binding.ComponentRequirement$NullPolicy;              : loaded 2 times (x 69B)
Class org.gradle.internal.classpath.DefaultClassPath                                  : loaded 2 times (x 90B)
Class com.google.common.collect.FilteredSetMultimap                                   : loaded 2 times (x 70B)
Class org.gradle.internal.classloader.ClassLoaderVisitor                              : loaded 2 times (x 76B)
Class org.apache.http.client.methods.HttpUriRequest                                   : loaded 2 times (x 70B)
Class org.apache.commons.io.file.PathUtils                                            : loaded 2 times (x 71B)
Class com.google.common.io.ByteSource$ConcatenatedByteSource                          : loaded 2 times (x 85B)
Class dagger.hilt.processor.internal.AutoValue_ComponentDescriptor$Builder            : loaded 2 times (x 80B)
Class com.google.common.graph.AbstractValueGraph                                      : loaded 2 times (x 145B)
Class com.google.common.graph.EndpointPair$Unordered                                  : loaded 2 times (x 83B)
Class dagger.internal.codegen.binding.BindingGraphFactory$Resolver                    : loaded 2 times (x 72B)
Class dagger.internal.codegen.model.$AutoValue_ComponentPath                          : loaded 2 times (x 74B)
Class dagger.internal.codegen.writing.ProductionBindingRepresentation_Factory         : loaded 2 times (x 72B)
Class dagger.internal.codegen.writing.SwitchingProviders                              : loaded 2 times (x 72B)
Class dagger.internal.codegen.writing.FrameworkFieldInitializer$FrameworkInstanceCreationExpression: loaded 2 times (x 70B)
Class dagger.internal.codegen.writing.ComponentCreatorImplementationFactory$Builder   : loaded 2 times (x 82B)
Class dagger.internal.codegen.writing.DerivedFromFrameworkInstanceRequestRepresentation: loaded 2 times (x 74B)
Class dagger.internal.codegen.writing.DelegateRequestRepresentation$1                 : loaded 2 times (x 71B)
Class org.gradle.internal.classloader.DefaultClassLoaderFactory                       : loaded 2 times (x 82B)
Class kotlin.io.FileTreeWalk                                                          : loaded 2 times (x 75B)
Class com.google.common.cache.LocalCache$SoftValueReference                           : loaded 2 times (x 97B)
Class org.gradle.internal.installation.CurrentGradleInstallation                      : loaded 2 times (x 73B)
Class dagger.internal.codegen.writing.ProvisionBindingRepresentation                  : loaded 2 times (x 75B)
Class settings_8w9a297xppgmhoucjgn2ej9m1                                              : loaded 2 times (x 179B)
Class org.objectweb.asm.MethodTooLargeException                                       : loaded 2 times (x 83B)
Class com.google.common.base.Platform$JdkPatternCompiler                              : loaded 2 times (x 75B)
Class com.google.common.collect.MapMakerInternalMap$Strength                          : loaded 2 times (x 80B)
Class com.google.common.collect.MapMakerInternalMap$StrongKeyDummyValueEntry$LinkedStrongKeyDummyValueEntry: loaded 2 times (x 82B)
Class kotlin.io.LinesSequence                                                         : loaded 2 times (x 75B)
Class com.google.common.graph.GraphConstants$Presence                                 : loaded 2 times (x 79B)
Class org.objectweb.asm.ClassVisitor                                                  : loaded 2 times (x 88B)
Class [Lorg.objectweb.asm.Symbol;                                                     : loaded 2 times (x 69B)
Class com.google.common.cache.LocalCache$Values                                       : loaded 2 times (x 118B)
Class com.google.common.reflect.TypeCapture                                           : loaded 2 times (x 71B)
Class com.google.common.collect.TransformedListIterator                               : loaded 2 times (x 93B)
Class org.apache.commons.io.function.IOFunction                                       : loaded 2 times (x 70B)
Class dagger.internal.codegen.binding.ErrorMessages$ComponentCreatorMessages          : loaded 2 times (x 81B)
Class org.objectweb.asm.Opcodes                                                       : loaded 2 times (x 70B)
Class org.apache.http.HttpEntity                                                      : loaded 2 times (x 70B)
Class org.apache.http.HttpRequest                                                     : loaded 2 times (x 70B)
Class org.gradle.util.internal.GUtil                                                  : loaded 2 times (x 71B)
Class dagger.internal.codegen.writing.ProviderInstanceSupplier_Factory_Impl           : loaded 2 times (x 75B)
Class dagger.internal.codegen.writing.OptionalFactoryInstanceCreationExpression_Factory_Impl: loaded 2 times (x 75B)
Class dagger.internal.codegen.writing.ComponentRequirementRequestRepresentation_Factory_Impl: loaded 2 times (x 75B)
Class dagger.internal.codegen.componentgenerator.CurrentImplementationSubcomponent    : loaded 2 times (x 70B)
Class dagger.spi.model.AutoValue_Scope                                                : loaded 2 times (x 73B)
Class dagger.internal.codegen.binding.DependencyRequestFactory$1                      : loaded 2 times (x 71B)
Class dagger.internal.codegen.binding.ComponentRequirement$1                          : loaded 2 times (x 71B)
Class dagger.internal.codegen.writing.PrivateMethodRequestRepresentation$Factory      : loaded 2 times (x 70B)
Class dagger.internal.codegen.writing.DelegateRequestRepresentation_Factory           : loaded 2 times (x 72B)
Class dagger.internal.codegen.writing.MapRequestRepresentation$Factory                : loaded 2 times (x 70B)
Class dagger.internal.codegen.writing.SetFactoryCreationExpression_Factory            : loaded 2 times (x 72B)
Class dagger.hilt.processor.internal.aggregateddeps.AutoValue_ComponentDependencies   : loaded 2 times (x 75B)
Class dagger.hilt.processor.internal.aggregateddeps.AggregatedDepsMetadata$DependencyType: loaded 2 times (x 79B)
Class [Lcom.google.common.graph.Graphs$NodeVisitState;                                : loaded 2 times (x 69B)
Class dagger.internal.codegen.writing.MemberSelect                                    : loaded 2 times (x 75B)
Class com.google.common.io.ByteArrayDataOutput                                        : loaded 2 times (x 70B)
Class dagger.hilt.processor.internal.root.AutoValue_AggregatedRootMetadata            : loaded 2 times (x 82B)
Class kotlin.io.NoSuchFileException                                                   : loaded 2 times (x 82B)
Class com.google.common.io.ByteSource                                                 : loaded 2 times (x 84B)
Class com.google.common.util.concurrent.AbstractFuture$SetFuture                      : loaded 2 times (x 75B)
Class dagger.internal.codegen.writing.ComponentRequestRepresentations_Factory         : loaded 2 times (x 77B)
Class dagger.internal.codegen.writing.MapFactoryCreationExpression_Factory_Impl       : loaded 2 times (x 75B)
Class [Ldagger.internal.codegen.writing.ComponentImplementation$FieldSpecKind;        : loaded 2 times (x 69B)
Class dagger.hilt.processor.internal.root.ComponentTree                               : loaded 2 times (x 72B)
Class dagger.internal.codegen.binding.AutoValue_SubcomponentDeclaration               : loaded 2 times (x 78B)
Class com.google.common.collect.Multisets                                             : loaded 2 times (x 71B)
Class dagger.internal.codegen.binding.AutoValue_BindingGraph                          : loaded 2 times (x 79B)
Class dagger.internal.codegen.writing.OptionalFactories_PerGeneratedFileCache_Factory$InstanceHolder: loaded 2 times (x 71B)
Class dagger.internal.codegen.writing.ComponentRequirementExpressions$AbstractField   : loaded 2 times (x 81B)
Class dagger.hilt.processor.internal.aggregateddeps.AggregatedDepsMetadata            : loaded 2 times (x 78B)
Class com.google.common.graph.ElementOrder$Type                                       : loaded 2 times (x 79B)
Class org.gradle.api.internal.classpath.ManifestUtil                                  : loaded 2 times (x 71B)
Class com.google.common.collect.ImmutableBiMap$SerializedForm                         : loaded 2 times (x 75B)
Class [Lcom.google.common.cache.RemovalCause;                                         : loaded 2 times (x 69B)
Class com.google.common.graph.EndpointPair                                            : loaded 2 times (x 83B)
Class build_eeapqg8zoj53ue4ea2w9phf8w$_run_closure1                                   : loaded 2 times (x 139B)
Class org.objectweb.asm.Context                                                       : loaded 2 times (x 72B)
Class com.google.common.reflect.Types$TypeVariableImpl                                : loaded 2 times (x 72B)
Class com.google.common.collect.MapMakerInternalMap$1                                 : loaded 2 times (x 83B)
Class com.google.common.io.LineBuffer                                                 : loaded 2 times (x 75B)
Class org.gradle.internal.installation.GradleInstallation                             : loaded 2 times (x 75B)
Class dagger.internal.codegen.writing.ComponentImplementation$FieldSpecKind           : loaded 2 times (x 79B)
Class com.google.common.graph.DirectedGraphConnections$PredAndSucc                    : loaded 2 times (x 72B)
Class dagger.internal.codegen.writing.DelegatingFrameworkInstanceCreationExpression_Factory_Impl: loaded 2 times (x 75B)
Class dagger.internal.codegen.writing.DirectInstanceBindingRepresentation_Factory_Impl: loaded 2 times (x 75B)
Class dagger.internal.codegen.writing.ComponentRequirementExpressions_Factory         : loaded 2 times (x 77B)
Class dagger.internal.codegen.writing.OptionalFactories_PerGeneratedFileCache_Factory : loaded 2 times (x 76B)
Class dagger.spi.model.Binding                                                        : loaded 2 times (x 70B)
Class com.google.common.collect.SortedMultisetBridge                                  : loaded 2 times (x 70B)
Class com.google.common.collect.Multiset$Entry                                        : loaded 2 times (x 70B)
Class dagger.internal.codegen.binding.$AutoValue_ComponentCreatorDescriptor           : loaded 2 times (x 82B)
Class com.google.common.collect.LinkedHashMultimap$1                                  : loaded 2 times (x 83B)
Class dagger.internal.codegen.writing.ComponentNames_Factory                          : loaded 2 times (x 77B)
Class dagger.internal.codegen.binding.$AutoValue_ResolvedBindings                     : loaded 2 times (x 86B)
Class com.google.common.collect.AbstractMapBasedMultiset$1                            : loaded 2 times (x 82B)
Class dagger.spi.model.BindingKind                                                    : loaded 2 times (x 79B)
Class [Ldagger.spi.model.RequestKind;                                                 : loaded 2 times (x 69B)
Class dagger.spi.model.Scope$1                                                        : loaded 2 times (x 71B)
Class dagger.internal.codegen.writing.AssistedFactoryRequestRepresentation$Factory    : loaded 2 times (x 70B)
Class dagger.internal.codegen.writing.SetRequestRepresentation$Factory                : loaded 2 times (x 70B)
Class org.gradle.internal.classloader.ClassLoaderHierarchy                            : loaded 2 times (x 70B)
Class com.google.common.io.FileWriteMode                                              : loaded 2 times (x 79B)
Class [Lcom.google.common.base.AbstractIterator$State;                                : loaded 2 times (x 69B)
Class [Lcom.google.common.collect.MapMakerInternalMap$Segment;                        : loaded 2 times (x 69B)
Class com.google.common.cache.LocalCache$ValueIterator                                : loaded 2 times (x 86B)
Class com.google.common.collect.Sets$2$1                                              : loaded 2 times (x 82B)
Class dagger.spi.model.BindingGraph$ComponentNode                                     : loaded 2 times (x 70B)
Class dagger.internal.codegen.binding.$AutoValue_MembersInjectionBinding              : loaded 2 times (x 85B)
Class kotlin.io.FilesKt__FileTreeWalkKt                                               : loaded 2 times (x 71B)
Class kotlin.sequences.FilteringSequence$iterator$1                                   : loaded 2 times (x 79B)
Class dagger.internal.codegen.writing.FrameworkInstanceKind                           : loaded 2 times (x 79B)
Class org.gradle.internal.classloader.FilteringClassLoader                            : loaded 2 times (x 105B)
Class com.google.common.graph.Traverser$Traversal                                     : loaded 2 times (x 73B)
Class com.google.common.io.LineReader                                                 : loaded 2 times (x 72B)
Class kotlin.io.TextStreamsKt                                                         : loaded 2 times (x 71B)
Class com.google.common.graph.GraphBuilder                                            : loaded 2 times (x 72B)
Class dagger.internal.codegen.binding.AutoValue_ComponentDescriptor_ComponentMethodDescriptor: loaded 2 times (x 75B)
Class com.google.common.graph.AbstractDirectedNetworkConnections                      : loaded 2 times (x 98B)
Class kotlin.io.FileWalkDirection                                                     : loaded 2 times (x 79B)
Class com.google.common.collect.Lists$RandomAccessReverseList                         : loaded 2 times (x 200B)

---------------  S Y S T E M  ---------------

OS:
 Windows 11 , 64 bit Build 26100 (10.0.26100.8521)
OS uptime: 0 days 6:12 hours
Hyper-V role detected

CPU: total 12 (initial active 12) (6 cores per cpu, 2 threads per core) family 6 model 151 stepping 5 microcode 0x36, cx8, cmov, fxsr, ht, mmx, 3dnowpref, sse, sse2, sse3, ssse3, sse4.1, sse4.2, popcnt, lzcnt, tsc, tscinvbit, avx, avx2, aes, erms, clmul, bmi1, bmi2, adx, sha, fma, vzeroupper, clflush, clflushopt, clwb, hv, serialize, rdtscp, rdpid, fsrm, f16c, cet_ibt, cet_ss
Processor Information for the first 12 processors :
  Max Mhz: 2500, Current Mhz: 2500, Mhz Limit: 2500

Memory: 4k page, system-wide physical 16123M (111M free)
TotalPageFile size 41723M (AvailPageFile size 4M)
current process WorkingSet (physical memory assigned to process): 1002M, peak: 2314M
current process commit charge ("private bytes"): 2644M, peak: 2934M

vm_info: OpenJDK 64-Bit Server VM (21.0.9+-14787801-b1163.94) for windows-amd64 JRE (21.0.9+-14787801-b1163.94), built on 2026-01-27T21:15:44Z by "builder" with MS VC++ 16.10 / 16.11 (VS2019)

END.
